exchange,instrument_key,symbol_name,security_id,name,tradingsymbol
NSE_EQ,NSE_EQ|DUMMYSAN005,011NSETEST,14747,011NSETEST,011NSETEST
NSE_EQ,NSE_EQ|DUMMYSAN006,021NSETEST,14751,021NSETEST,021NSETEST
NSE_EQ,NSE_EQ|DUMMYSAN007,031NSETEST,14753,031NSETEST,031NSETEST
NSE_EQ,NSE_EQ|DUMMYSAN008,041NSETEST,14755,041NSETEST,041NSETEST
NSE_EQ,NSE_EQ|DUMMYSAN009,051NSETEST,14758,051NSETEST,051NSETEST
NSE_EQ,NSE_EQ|DUMMYSAN010,061NSETEST,14762,061NSETEST,061NSETEST
NSE_EQ,NSE_EQ|DUMMYSAN011,071NSETEST,14764,071NSETEST,071NSETEST
NSE_EQ,NSE_EQ|DUMMYSAN012,081NSETEST,14767,081NSETEST,081NSETEST
NSE_EQ,NSE_EQ|DUMMYSAN013,091NSETEST,14769,091NSETEST,091NSETEST
NSE_EQ,NSE_EQ|INE338I07156,SEC RE NCD SR II,23700,SEC RE NCD SR II,0MOFSL26
NSE_EQ,NSE_EQ|INE338I07099,SEC RE NCD SR IV,23704,SEC RE NCD SR IV,0MOFSL27
NSE_EQ,NSE_EQ|INE0H7R07066,NHIT 0% 34 SR I STRPP A,29432,NHIT 0% 34 SR I STRPP A,0NHIT34
NSE_EQ,NSE_EQ|INE0H7R07058,NHIT 0% 35 SR I STRPP B,29425,NHIT 0% 35 SR I STRPP B,0NHIT35
NSE_EQ,NSE_EQ|INE020B08FJ3,REC LTD 0% 2034 SR 239,25706,REC LTD 0% 2034 SR 239,0RL34
NSE_EQ,NSE_EQ|INE148I07SF0,SEC RE NCD SR III,23289,SEC RE NCD SR III,0SCL26
NSE_EQ,NSE_EQ|INE148I07SK0,SEC RE NCD SR VI,23299,SEC RE NCD SR VI,0SCL27
NSE_EQ,NSE_EQ|INE413U07301,SEC RE NCD 10.03% SR V,24141,SEC RE NCD 10.03% SR V,1003IIFL29
NSE_EQ,NSE_EQ|INE413U07269,SEC RE NCD 10.03% SR 5,20779,SEC RE NCD 10.03% SR 5,1003ISFL28
NSE_EQ,NSE_EQ|INE148I07SX3,SEC RE NCD 10.03% SR X,23315,SEC RE NCD 10.03% SR X,1003SCFL31
NSE_EQ,NSE_EQ|INE148I07PN0,SEC RE NCD 10.00% SR IX,18874,SEC RE NCD 10.00% SR IX,1003SCL30
NSE_EQ,NSE_EQ|INE148I07QX7,SEC RE NCD 10.03% SR X,20116,SEC RE NCD 10.03% SR X,1003SCL30A
NSE_EQ,NSE_EQ|INE148I07TW3,SEC RE NCD 10.03% SR X,23967,SEC RE NCD 10.03% SR X,1003SCL31
NSE_EQ,NSE_EQ|INE148I07UR1,SEC RE NCD 10.03% SR X,25566,SEC RE NCD 10.03% SR X,1003SCL31A
NSE_EQ,NSE_EQ|INE148I07VA5,SCL 10.03% 2031 SR X,28929,SCL 10.03% 2031 SR X,1003SCL31P
NSE_EQ,NSE_EQ|INE148I07WM8,SCL 10.03% SR X,30228,SCL 10.03% SR X,1003SCL32
NSE_EQ,NSE_EQ|INE244L07556,SEC RE NCD 10.50% SR.VII,15249,SEC RE NCD 10.50% SR.VII,1003SFIL28
NSE_EQ,NSE_EQ|INE157D07EG0,CLIX CAP SER 10.10% 2025,21601,CLIX CAP SER 10.10% 2025,1010CLIX25
NSE_EQ,NSE_EQ|INE389Z07054,PCPL 10.157% 2027,24549,PCPL 10.157% 2027,10157PCP27
NSE_EQ,NSE_EQ|INE157D07EF2,CLIX CAP SER 10.15% 2025,21331,CLIX CAP SER 10.15% 2025,1015CLIX25
NSE_EQ,NSE_EQ|INE804IA7014,SEC RED NCD 10.15% SR. VI,7975,SEC RED NCD 10.15% SR. VI,1015ECL29
NSE_EQ,NSE_EQ|INE148I07SS3,SEC RE NCD 10.15% SR VII,23303,SEC RE NCD 10.15% SR VII,1015SCFL29
NSE_EQ,NSE_EQ|INE148I07QR9,SEC RE NCD 10.15% SR VII,20102,SEC RE NCD 10.15% SR VII,1015SCL28
NSE_EQ,NSE_EQ|INE148I07OH5,SEC RE NCD 10.15% SR.VII,14710,SEC RE NCD 10.15% SR.VII,1015SCL28A
NSE_EQ,NSE_EQ|INE148I07OW4,SEC RE NCD 10.15% SR VII,17542,SEC RE NCD 10.15% SR VII,1015SCL28B
NSE_EQ,NSE_EQ|INE148I07TR3,SEC RE NCD 10.15% SR VII,23952,SEC RE NCD 10.15% SR VII,1015SCL29
NSE_EQ,NSE_EQ|INE148I07UK6,SEC RE NCD 10.15% SR VII,25558,SEC RE NCD 10.15% SR VII,1015SCL29B
NSE_EQ,NSE_EQ|INE148I07VO6,SCL 10.15% 2029 SR VII,28925,SCL 10.15% 2029 SR VII,1015SCL29T
NSE_EQ,NSE_EQ|INE148I07WT3,SCL 10.15% SR VII,30236,SCL 10.15% SR VII,1015SCL30
NSE_EQ,NSE_EQ|INE583D07505,SEC RE NCD 10.15% SR I,25912,SEC RE NCD 10.15% SR I,1015UCL26
NSE_EQ,NSE_EQ|INE583D07604,UCL 10.15% SR III,756000,UCL 10.15% SR III,1015UCL27
NSE_EQ,NSE_EQ|IN0020010081,GOI LOAN 10.18% 2026,6833,GOI LOAN 10.18% 2026,1018GS2026
NSE_EQ,NSE_EQ|DUMMYSAN014,101NSETEST,14772,101NSETEST,101NSETEST
NSE_EQ,NSE_EQ|INE157D07EJ4,CCSP 10.20% 2027 SR 02,27134,CCSP 10.20% 2027 SR 02,1020CCSP27
NSE_EQ,NSE_EQ|INE530B07492,IIFL 10.25% TR I SR IX,756154,IIFL 10.25% TR I SR IX,1025IIFL30
NSE_EQ,NSE_EQ|INE342T07379,SEC RE NCD 10.25% SR.II,17345,SEC RE NCD 10.25% SR.II,1025NFL25
NSE_EQ,NSE_EQ|INE148I07SV7,SEC RE NCD 10.25% SR XI,23317,SEC RE NCD 10.25% SR XI,1025SCFL34
NSE_EQ,NSE_EQ|INE148I07RV9,SEC RE NCD 10.25% SR XI,21030,SEC RE NCD 10.25% SR XI,1025SCL33
NSE_EQ,NSE_EQ|INE148I07PP5,SEC RE NCD 10.25% SR XI,18897,SEC RE NCD 10.25% SR XI,1025SCL33A
NSE_EQ,NSE_EQ|INE148I07SQ7,SEC RE NCD 10.25% SR XII,23323,SEC RE NCD 10.25% SR XII,1025SCL34
NSE_EQ,NSE_EQ|INE148I07TN2,SEC RE NCD 10.25% SR XII,23974,SEC RE NCD 10.25% SR XII,1025SCL34A
NSE_EQ,NSE_EQ|INE148I07UV3,SEC RE NCD 10.25% SR XII,25575,SEC RE NCD 10.25% SR XII,1025SCL34B
NSE_EQ,NSE_EQ|INE148I07UT7,SEC RE NCD 10.25% SR XI,25568,SEC RE NCD 10.25% SR XI,1025SCL34C
NSE_EQ,NSE_EQ|INE148I07VM0,SCL 10.25% 2034 SR XI,28930,SCL 10.25% 2034 SR XI,1025SCL34U
NSE_EQ,NSE_EQ|INE148I07VI8,SCL 10.25% 2034 SR XII,28933,SCL 10.25% 2034 SR XII,1025SCL34Z
NSE_EQ,NSE_EQ|INE148I07WS5,SCL 10.25% SR XI,30234,SCL 10.25% SR XI,1025SCL35
NSE_EQ,NSE_EQ|INE148I07VZ2,SCL 10.25% SR XII,30204,SCL 10.25% SR XII,1025SCL35A
NSE_EQ,NSE_EQ|INE244L07507,SEC RE NCD 10.25% SR.IV,15231,SEC RE NCD 10.25% SR.IV,1025SFIL26
NSE_EQ,NSE_EQ|INE583D07414,SEC RE NCD 10.25% SR I,22835,SEC RE NCD 10.25% SR I,1025UCL25
NSE_EQ,NSE_EQ|INE583D07521,SEC RE NCD 10.25% SR II,25914,SEC RE NCD 10.25% SR II,1025UCL26A
NSE_EQ,NSE_EQ|INE583D07588,UCL 10.25% SR IV,756002,UCL 10.25% SR IV,1025UCL27A
NSE_EQ,NSE_EQ|INE157D07EK2,CCSP 10.20% 2027 SR 03,28967,CCSP 10.20% 2027 SR 03,102CCSP27A
NSE_EQ,NSE_EQ|INE244L07309,SEC RE NCD SR.V,14028,SEC RE NCD SR.V,1030SFIL26
NSE_EQ,NSE_EQ|INE244L07283,SEC RE NCD 10.30% SR.VII,14034,SEC RE NCD 10.30% SR.VII,1030SFIL28
NSE_EQ,NSE_EQ|INE157D07EH8,CCSPL 10.35% 2026,23390,CCSPL 10.35% 2026,1035CCSP26
NSE_EQ,NSE_EQ|INE157D07EI6,CCSPL 10.35% 2027,23604,CCSPL 10.35% 2027,1035CCSP27
NSE_EQ,NSE_EQ|INE583D07448,SEC RE NCD 10.35% SR III,22839,SEC RE NCD 10.35% SR III,1035UCL26
NSE_EQ,NSE_EQ|INE583D07570,UCL 10.39% SR II,755998,UCL 10.39% SR II,1039UCL26
NSE_EQ,NSE_EQ|INE342T07437,SEC RE NCD 10.40% SR.II,23119,SEC RE NCD 10.40% SR.II,1040NFL26
NSE_EQ,NSE_EQ|INE583D07513,SEC RE NCD 10.40% SR III,25916,SEC RE NCD 10.40% SR III,1040UCL27B
NSE_EQ,NSE_EQ|INE413U08119,IIFL SAMASTA10.48% 2027,22923,IIFL SAMASTA10.48% 2027,1048IIFL27
NSE_EQ,NSE_EQ|INE413U07319,SEC RE NCD 10.50% SR VI,24143,SEC RE NCD 10.50% SR VI,1050IIFL29
NSE_EQ,NSE_EQ|INE413U07251,SEC RE NCD 10.50% SR 6,20784,SEC RE NCD 10.50% SR 6,1050ISFL28
NSE_EQ,NSE_EQ|INE342T07387,SEC RE NCD 10.50% SR.IV,17349,SEC RE NCD 10.50% SR.IV,1050NFL26
NSE_EQ,NSE_EQ|INE148I07SM6,SEC RE NCD 10.5% SR IX,23311,SEC RE NCD 10.5% SR IX,1050SCFL31
NSE_EQ,NSE_EQ|INE148I07QV1,SEC RE NCD 10.5% SR IX,20111,SEC RE NCD 10.5% SR IX,1050SCL30
NSE_EQ,NSE_EQ|INE148I07TK8,SEC RE NCD 10.5% SR IX,23964,SEC RE NCD 10.5% SR IX,1050SCL31
NSE_EQ,NSE_EQ|INE148I07UP5,SEC RE NCD 10.50% SR IX,25564,SEC RE NCD 10.50% SR IX,1050SCL31A
NSE_EQ,NSE_EQ|INE148I07VD9,SCL 10.50% 2031 SR IX,28928,SCL 10.50% 2031 SR IX,1050SCL31T
NSE_EQ,NSE_EQ|INE148I07WX5,SCL 10.50% SR IX,30242,SCL 10.50% SR IX,1050SCL32
NSE_EQ,NSE_EQ|INE244L07531,SEC RE NCD SR.VI,15240,SEC RE NCD SR.VI,1050SFIL28
NSE_EQ,NSE_EQ|INE583D07315,SEC RED NCD 10.50% SR.III,11230,SEC RED NCD 10.50% SR.III,1050UCL25
NSE_EQ,NSE_EQ|INE583D07596,UCL 10.50% SR V,756004,UCL 10.50% SR V,1050UCL28
NSE_EQ,NSE_EQ|INE866I08295,UNSEC RED NCD 10.5% SR.VI,19047,UNSEC RED NCD 10.5% SR.VI,105IIFL29
NSE_EQ,NSE_EQ|INE583D07463,SEC RE NCD 10.5% SR IV,22841,SEC RE NCD 10.5% SR IV,105UCL2026
NSE_EQ,NSE_EQ|INE804IA7022,SEC RED NCD 10.6% SR. VII,7986,SEC RED NCD 10.6% SR. VII,1060ECL29
NSE_EQ,NSE_EQ|INE342T07460,SEC RE NCD 10.65% SR.IV,23123,SEC RE NCD 10.65% SR.IV,1065NFL27
NSE_EQ,NSE_EQ|INE342T07395,SEC RE NCD 10.75% SR.III,17347,SEC RE NCD 10.75% SR.III,1075NFL25
NSE_EQ,NSE_EQ|INE148I07SR5,SEC RE NCD 10.75% SR XI,23319,SEC RE NCD 10.75% SR XI,1075SCFL34
NSE_EQ,NSE_EQ|INE148I07RW7,SEC RE NCD 10.75% SR XI,21042,SEC RE NCD 10.75% SR XI,1075SCL33
NSE_EQ,NSE_EQ|INE148I07PT7,SEC RE NCD 10.75% SR XI,18902,SEC RE NCD 10.75% SR XI,1075SCL33A
NSE_EQ,NSE_EQ|INE148I07QY5,SEC RE NCD 10.25% SR XI,20118,SEC RE NCD 10.25% SR XI,1075SCL33B
NSE_EQ,NSE_EQ|INE148I07TP7,SEC RE NCD 10.75% SR XI,23970,SEC RE NCD 10.75% SR XI,1075SCL34
NSE_EQ,NSE_EQ|INE148I07UW1,SEC RE NCD 10.75% SR XI,25570,SEC RE NCD 10.75% SR XI,1075SCL34C
NSE_EQ,NSE_EQ|INE148I07VE7,SCL 10.75% 2034 SR XI,28931,SCL 10.75% 2034 SR XI,1075SCL34T
NSE_EQ,NSE_EQ|INE148I07WR7,SCL 10.75% SR XI,30232,SCL 10.75% SR XI,1075SCL35
NSE_EQ,NSE_EQ|INE583D07430,SEC RE NCD 10.75% SR II,22837,SEC RE NCD 10.75% SR II,1075UCL25
NSE_EQ,NSE_EQ|INE413U08127,IIFL SAMASTA 10.77% 2030,23024,IIFL SAMASTA 10.77% 2030,1077IIFL30
NSE_EQ,NSE_EQ|INE342T07452,SEC RE NCD 10.90% SR.III,23121,SEC RE NCD 10.90% SR.III,1090NFL26
NSE_EQ,NSE_EQ|INE741K07496,SEC RE NCD 10% SR. V,12465,SEC RE NCD 10% SR. V,10CAGL27
NSE_EQ,NSE_EQ|INE321N07293,SEC RE NCD 10% SR.IV,14049,SEC RE NCD 10% SR.IV,10IFSL26
NSE_EQ,NSE_EQ|INE413U08135,IIFL SAMASTA 10% 2026,24319,IIFL SAMASTA 10% 2026,10IIFL26
NSE_EQ,NSE_EQ|INE477L08147,UNSEC RE NCD 10% SR.I,5212,UNSEC RE NCD 10% SR.I,10IIFL28
NSE_EQ,NSE_EQ|INE530B08094,UNSE RE NCD 10% SR.I,2871,UNSE RE NCD 10% SR.I,10IIFL28A
NSE_EQ,NSE_EQ|INE866I08279,UNSEC RED NCD 10.0% SR. V,19045,UNSEC RED NCD 10.0% SR. V,10IIFL29
NSE_EQ,NSE_EQ|INE413U07293,SEC RE NCD 10.00% SR IV,24139,SEC RE NCD 10.00% SR IV,10IIFLSF27
NSE_EQ,NSE_EQ|INE413U07277,SEC RE NCD 10% SR 4,20771,SEC RE NCD 10% SR 4,10ISFL26
NSE_EQ,NSE_EQ|INE342T07478,SEC RE NCD 10.00% SR. I,23117,SEC RE NCD 10.00% SR. I,10NFL25
NSE_EQ,NSE_EQ|INE530L07228,SEC RED NCD 10% SR. VI,17866,SEC RED NCD 10% SR. VI,10NIDO26
NSE_EQ,NSE_EQ|INE148I07PO8,SEC RE NCD 9.71% SR VIII,18868,SEC RE NCD 9.71% SR VIII,10SCL30A
NSE_EQ,NSE_EQ|INE148I07SU9,SEC RE NCD 10% SR IX,23309,SEC RE NCD 10% SR IX,10SCL31
NSE_EQ,NSE_EQ|INE148I07TO0,SEC RE NCD 10% SR IX,23961,SEC RE NCD 10% SR IX,10SCL31A
NSE_EQ,NSE_EQ|INE583D07562,UCL 10.00% SR I,755996,UCL 10.00% SR I,10UCL26
NSE_EQ,NSE_EQ|INE342T07403,SEC RE NCD 11.02% SR.V,17352,SEC RE NCD 11.02% SR.V,1102NFL26
NSE_EQ,NSE_EQ|INE342T07445,SEC RE NCD 11.19% SR.V,23125,SEC RE NCD 11.19% SR.V,1119NFL27
NSE_EQ,NSE_EQ|DUMMYSAN015,111NSETEST,14774,111NSETEST,111NSETEST
NSE_EQ,NSE_EQ|INE04HY07195,VCCL 11.6% 2026 SR A,25816,VCCL 11.6% 2026 SR A,116VCCL26
NSE_EQ,NSE_EQ|INE757O07049,PRESTIGE 11.75% 2027,23048,PRESTIGE 11.75% 2027,1175PPPL27
NSE_EQ,NSE_EQ|INE04HY07187,VCCL 11.80% 2026 SR B,25814,VCCL 11.80% 2026 SR B,1180VCCL26
NSE_EQ,NSE_EQ|INE04HY07120,VCCL 11.90% 2026,24223,VCCL 11.90% 2026,1190VCCL26
NSE_EQ,NSE_EQ|INE04HY07146,VEDIKA CREDIT 11.9% 2026,24828,VEDIKA CREDIT 11.9% 2026,119VCCL26
NSE_EQ,NSE_EQ|DUMMYSAN001,11NSETEST,12841,11NSETEST,11NSETEST
NSE_EQ,NSE_EQ|INE583D07455,SEC RE NCD 11% SR V,22843,SEC RE NCD 11% SR V,11UCL26
NSE_EQ,NSE_EQ|DUMMYSAN016,121NSETEST,14777,121NSETEST,121NSETEST
NSE_EQ,NSE_EQ|INE04HY07138,VCCL 12.78% 2025,24326,VCCL 12.78% 2025,1278VCCL25
NSE_EQ,NSE_EQ|INE04HY07161,VCCL 12% 2027 SR A,25464,VCCL 12% 2027 SR A,12VCCL27
NSE_EQ,NSE_EQ|INE04HY07179,VCCL 12% 2027 SR C,25812,VCCL 12% 2027 SR C,12VCCL27A
NSE_EQ,NSE_EQ|INE04HY07211,VCCL 12% 2027,29749,VCCL 12% 2027,12VCCL27B
NSE_EQ,NSE_EQ|INE04HY07153,VCCL 12% 2029 SR B,25466,VCCL 12% 2029 SR B,12VCCL29
NSE_EQ,NSE_EQ|INE04HY07203,VCCL12% 2029,29274,VCCL12% 2029,12VCCL29A
NSE_EQ,NSE_EQ|INE04HY07229,VCCL 12% 2029,756916,VCCL 12% 2029,12VCCL29B
NSE_EQ,NSE_EQ|DUMMYSAN017,131NSETEST,14778,131NSETEST,131NSETEST
NSE_EQ,NSE_EQ|INE04HY07096,VCCL 13.50% 2025,23414,VCCL 13.50% 2025,135VCCL25
NSE_EQ,NSE_EQ|DUMMYSAN018,141NSETEST,14781,141NSETEST,141NSETEST
NSE_EQ,NSE_EQ|INE03UZ07023,RARL 14% 2030 SR IV,30269,RARL 14% 2030 SR IV,14RARL30
NSE_EQ,NSE_EQ|DUMMYSAN019,151NSETEST,14782,151NSETEST,151NSETEST
NSE_EQ,NSE_EQ|DUMMYSAN020,161NSETEST,14784,161NSETEST,161NSETEST
NSE_EQ,NSE_EQ|INE03UZ07015,RARL 16.50% 2027 SR III,24693,RARL 16.50% 2027 SR III,1650RARL27
NSE_EQ,NSE_EQ|DUMMYSAN021,171NSETEST,23446,171NSETEST,171NSETEST
NSE_EQ,NSE_EQ|DUMMYSAN022,181NSETEST,23447,181NSETEST,181NSETEST
NSE_EQ,NSE_EQ|IN002025Y016,GOI TBILL 182D-02/10/25,756148,GOI TBILL 182D-02/10/25,182D021025
NSE_EQ,NSE_EQ|IN002024Y381,GOI TBILL 182D-03/07/25,28990,GOI TBILL 182D-03/07/25,182D030725
NSE_EQ,NSE_EQ|IN002024Y472,GOI TBILL 182D-04/09/25,29987,GOI TBILL 182D-04/09/25,182D040925
NSE_EQ,NSE_EQ|IN002025Y107,GOI TBILL 182D-04/12/25,757402,GOI TBILL 182D-04/12/25,182D041225
NSE_EQ,NSE_EQ|IN002025Y065,GOI TBILL 182D-06/11/25,756869,GOI TBILL 182D-06/11/25,182D061125
NSE_EQ,NSE_EQ|IN002024Y431,GOI TBILL 182D-07/08/25,29480,GOI TBILL 182D-07/08/25,182D070825
NSE_EQ,NSE_EQ|IN002024Y399,GOI TBILL 182D-10/07/25,29041,GOI TBILL 182D-10/07/25,182D100725
NSE_EQ,NSE_EQ|IN002025Y024,GOI TBILL 182D-10/10/25,755859,GOI TBILL 182D-10/10/25,182D101025
NSE_EQ,NSE_EQ|IN002024Y480,GOI TBILL 182D-11/09/25,30103,GOI TBILL 182D-11/09/25,182D110925
NSE_EQ,NSE_EQ|IN002025Y115,GOI TBILL 182D-11/12/25,757447,GOI TBILL 182D-11/12/25,182D111225
NSE_EQ,NSE_EQ|IN002025Y073,GOI TBILL 182D-13/11/25,757121,GOI TBILL 182D-13/11/25,182D131125
NSE_EQ,NSE_EQ|IN002024Y449,GOI TBILL 182D-14/08/25,29581,GOI TBILL 182D-14/08/25,182D140825
NSE_EQ,NSE_EQ|IN002025Y032,GOI TBILL 182D-16/10/25,755928,GOI TBILL 182D-16/10/25,182D161025
NSE_EQ,NSE_EQ|IN002024Y407,GOI TBILL 182D-17/07/25,29134,GOI TBILL 182D-17/07/25,182D170725
NSE_EQ,NSE_EQ|IN002024Y498,GOI TBILL 182D-18/09/25,30187,GOI TBILL 182D-18/09/25,182D180925
NSE_EQ,NSE_EQ|IN002024Y365,GOI TBILL 182D-19/06/25,28309,GOI TBILL 182D-19/06/25,182D190625
NSE_EQ,NSE_EQ|IN002025Y081,GOI TBILL 182D-20/11/25,756819,GOI TBILL 182D-20/11/25,182D201125
NSE_EQ,NSE_EQ|IN002025Y040,GOI TBILL 182D-23/10/25,756067,GOI TBILL 182D-23/10/25,182D231025
NSE_EQ,NSE_EQ|IN002024Y415,GOI TBILL 182D-24/07/25,29212,GOI TBILL 182D-24/07/25,182D240725
NSE_EQ,NSE_EQ|IN002024Y506,GOI TBILL 182D-25/09/25,30410,GOI TBILL 182D-25/09/25,182D250925
NSE_EQ,NSE_EQ|IN002024Y373,GOI TBILL 182D-27/06/25,28811,GOI TBILL 182D-27/06/25,182D270625
NSE_EQ,NSE_EQ|IN002025Y099,GOI TBILL 182D-27/11/25,757043,GOI TBILL 182D-27/11/25,182D271125
NSE_EQ,NSE_EQ|IN002024Y464,GOI TBILL 182D-29/08/25,29910,GOI TBILL 182D-29/08/25,182D290825
NSE_EQ,NSE_EQ|IN002024Y423,GOI TBILL 182D-31/07/25,29303,GOI TBILL 182D-31/07/25,182D310725
NSE_EQ,NSE_EQ|IN002025Y057,GOI TBILL 182D-31/10/25,756712,GOI TBILL 182D-31/10/25,182D311025
NSE_EQ,NSE_EQ|INE387I07013,MAGNUM VENTURES 18% 2027,23111,MAGNUM VENTURES 18% 2027,18MVL27
NSE_EQ,NSE_EQ|INE362A07054,PVL 18% 2029 SR A,756035,PVL 18% 2029 SR A,18PVL29
NSE_EQ,NSE_EQ|INE362A07047,PVL 18% 2029 SR B,756037,PVL 18% 2029 SR B,18PVL29A
NSE_EQ,NSE_EQ|INE144J01027,20 MICRONS LTD,16921,20 MICRONS LTD,20MICRONS
NSE_EQ,NSE_EQ|INE253B01015,21ST CENTURY MGMT SERVICE,4,21ST CENTURY MGMT SERVICE,21STCENMGM
NSE_EQ,NSE_EQ|INE466L01038,360 ONE WAM LIMITED,13061,360 ONE WAM LIMITED,360ONE
NSE_EQ,NSE_EQ|IN002024Z388,GOI TBILL 364D-01/01/26,28991,GOI TBILL 364D-01/01/26,364D010126
NSE_EQ,NSE_EQ|IN002025Z054,GOI TBILL 364D-01/05/26,756713,GOI TBILL 364D-01/05/26,364D010526
NSE_EQ,NSE_EQ|IN002025Z013,GOI TBILL 364D-02/04/26,756149,GOI TBILL 364D-02/04/26,364D020426
NSE_EQ,NSE_EQ|IN002024Z149,GOI TBILL 364D-03/07/25,24346,GOI TBILL 364D-03/07/25,364D030725
NSE_EQ,NSE_EQ|IN002024Z255,GOI TBILL 364D-03/10/25,25683,GOI TBILL 364D-03/10/25,364D031025
NSE_EQ,NSE_EQ|IN002025Z104,GOI TBILL 364D-04/06/26,757403,GOI TBILL 364D-04/06/26,364D040626
NSE_EQ,NSE_EQ|IN002024Z230,GOI TBILL 364D-04/09/25,25113,GOI TBILL 364D-04/09/25,364D040925
NSE_EQ,NSE_EQ|IN002024Z347,GOI TBILL 364D-04/12/25,27331,GOI TBILL 364D-04/12/25,364D041225
NSE_EQ,NSE_EQ|IN002024Z438,GOI TBILL 364D-05/02/26,29481,GOI TBILL 364D-05/02/26,364D050226
NSE_EQ,NSE_EQ|IN002024Z479,GOI TBILL 364D-05/03/26,29988,GOI TBILL 364D-05/03/26,364D050326
NSE_EQ,NSE_EQ|IN002024Z305,GOI TBILL 364D-06/11/25,27015,GOI TBILL 364D-06/11/25,364D061125
NSE_EQ,NSE_EQ|IN002025Z062,GOI TBILL 364D-07/05/26,756870,GOI TBILL 364D-07/05/26,364D070526
NSE_EQ,NSE_EQ|IN002024Z198,GOI TBILL 364D-07/08/25,24772,GOI TBILL 364D-07/08/25,364D070825
NSE_EQ,NSE_EQ|IN002024Z396,GOI TBILL 364D-08/01/26,29046,GOI TBILL 364D-08/01/26,364D080126
NSE_EQ,NSE_EQ|IN002024Z263,GOI TBILL 364D-09/10/25,25779,GOI TBILL 364D-09/10/25,364D091025
NSE_EQ,NSE_EQ|IN002025Z021,GOI TBILL 364D-10/04/26,755860,GOI TBILL 364D-10/04/26,364D100426
NSE_EQ,NSE_EQ|IN002024Z156,GOI TBILL 364D-10/07/25,24427,GOI TBILL 364D-10/07/25,364D100725
NSE_EQ,NSE_EQ|IN002025Z112,GOI TBILL 364D-11/06/26,757448,GOI TBILL 364D-11/06/26,364D110626
NSE_EQ,NSE_EQ|IN002024Z248,GOI TBILL 364D-11/09/25,25221,GOI TBILL 364D-11/09/25,364D110925
NSE_EQ,NSE_EQ|IN002024Z354,GOI TBILL 364D-11/12/25,27704,GOI TBILL 364D-11/12/25,364D111225
NSE_EQ,NSE_EQ|IN002024Z446,GOI TBILL 364D-12/02/26,29582,GOI TBILL 364D-12/02/26,364D120226
NSE_EQ,NSE_EQ|IN002024Z487,GOI TBILL 364D-12/03/26,30104,GOI TBILL 364D-12/03/26,364D120326
NSE_EQ,NSE_EQ|IN002024Z313,GOI TBILL 364D-13/11/25,27120,GOI TBILL 364D-13/11/25,364D131125
NSE_EQ,NSE_EQ|IN002025Z070,GOI TBILL 364D-14/05/26,757122,GOI TBILL 364D-14/05/26,364D140526
NSE_EQ,NSE_EQ|IN002024Z404,GOI TBILL 364D-15/01/26,29136,GOI TBILL 364D-15/01/26,364D150126
NSE_EQ,NSE_EQ|IN002024Z206,GOI TBILL 364D-15/08/25,24846,GOI TBILL 364D-15/08/25,364D150825
NSE_EQ,NSE_EQ|IN002025Z039,GOI TBILL 364D-16/04/26,755929,GOI TBILL 364D-16/04/26,364D160426
NSE_EQ,NSE_EQ|IN002024Z271,GOI TBILL 364D-16/10/25,25824,GOI TBILL 364D-16/10/25,364D161025
NSE_EQ,NSE_EQ|IN002024Z164,GOI TBILL 364D-18/07/25,24496,GOI TBILL 364D-18/07/25,364D180725
NSE_EQ,NSE_EQ|IN002024Z362,GOI TBILL 364D-18/12/25,28311,GOI TBILL 364D-18/12/25,364D181225
NSE_EQ,NSE_EQ|IN002024Z495,GOI TBILL 364D-19/03/26,30188,GOI TBILL 364D-19/03/26,364D190326
NSE_EQ,NSE_EQ|IN002024Z123,GOI TBILL 364D-19/06/25,24095,GOI TBILL 364D-19/06/25,364D190625
NSE_EQ,NSE_EQ|IN002024Z453,GOI TBILL 364D-20/02/26,29691,GOI TBILL 364D-20/02/26,364D200226
NSE_EQ,NSE_EQ|IN002025Z088,GOI TBILL 364D-21/05/26,756820,GOI TBILL 364D-21/05/26,364D210526
NSE_EQ,NSE_EQ|IN002024Z214,GOI TBILL 364D-21/08/25,24898,GOI TBILL 364D-21/08/25,364D210825
NSE_EQ,NSE_EQ|IN002024Z321,GOI TBILL 364D-21/11/25,27157,GOI TBILL 364D-21/11/25,364D211125
NSE_EQ,NSE_EQ|IN002024Z412,GOI TBILL 364D-22/01/26,29213,GOI TBILL 364D-22/01/26,364D220126
NSE_EQ,NSE_EQ|IN002024Z289,GOI TBILL 364D-23/10/25,25889,GOI TBILL 364D-23/10/25,364D231025
NSE_EQ,NSE_EQ|IN002025Z047,GOI TBILL 364D-24/04/26,756068,GOI TBILL 364D-24/04/26,364D240426
NSE_EQ,NSE_EQ|IN002024Z172,GOI TBILL 364D-24/07/25,24574,GOI TBILL 364D-24/07/25,364D240725
NSE_EQ,NSE_EQ|IN002024Z503,GOI TBILL 364D-26/03/26,30411,GOI TBILL 364D-26/03/26,364D260326
NSE_EQ,NSE_EQ|IN002024Z131,GOI TBILL 364D-26/06/25,24213,GOI TBILL 364D-26/06/25,364D260625
NSE_EQ,NSE_EQ|IN002024Z370,GOI TBILL 364D-26/12/25,28812,GOI TBILL 364D-26/12/25,364D261225
NSE_EQ,NSE_EQ|IN002024Z461,GOI TBILL 364D-27/02/26,29911,GOI TBILL 364D-27/02/26,364D270226
NSE_EQ,NSE_EQ|IN002024Z339,GOI TBILL 364D-27/11/25,27210,GOI TBILL 364D-27/11/25,364D271125
NSE_EQ,NSE_EQ|IN002025Z096,GOI TBILL 364D-28/05/26,757044,GOI TBILL 364D-28/05/26,364D280526
NSE_EQ,NSE_EQ|IN002024Z222,GOI TBILL 364D-28/08/25,24983,GOI TBILL 364D-28/08/25,364D280825
NSE_EQ,NSE_EQ|IN002024Z420,GOI TBILL 364D-29/01/26,29304,GOI TBILL 364D-29/01/26,364D290126
NSE_EQ,NSE_EQ|IN002024Z297,GOI TBILL 364D-30/10/25,25972,GOI TBILL 364D-30/10/25,364D301025
NSE_EQ,NSE_EQ|IN002024Z180,GOI TBILL 364D-31/07/25,24669,GOI TBILL 364D-31/07/25,364D310725
NSE_EQ,NSE_EQ|INE748C01038,3I INFOTECH LIMITED,6232,3I INFOTECH LIMITED,3IINFOLTD
NSE_EQ,NSE_EQ|INE470A01017,3M INDIA LIMITED,474,3M INDIA LIMITED,3MINDIA
NSE_EQ,NSE_EQ|INE105C01023,3P LAND HOLDINGS LIMITED,2595,3P LAND HOLDINGS LIMITED,3PLAND
NSE_EQ,NSE_EQ|IN0020200278,GOI LOAN  5.15% 2025,1054,GOI LOAN  5.15% 2025,515GS2025
NSE_EQ,NSE_EQ|IN1220200159,SDL AS 5.32% 2025,1210,SDL AS 5.32% 2025,532AS25
NSE_EQ,NSE_EQ|IN1220200191,SDL AS 5.32% 2026,1821,SDL AS 5.32% 2026,532AS26
NSE_EQ,NSE_EQ|IN3520200061,SDL CG 5.32% 2025,1209,SDL CG 5.32% 2025,532CG25
NSE_EQ,NSE_EQ|IN2920200531,SDL RJ 5.32% 2025,1700,SDL RJ 5.32% 2025,532RJ25
NSE_EQ,NSE_EQ|IN3520200053,SDL CG 5.35% 2025,971,SDL CG 5.35% 2025,535CG25
NSE_EQ,NSE_EQ|IN2920200523,SDL RJ 5.35% 2025,1513,SDL RJ 5.35% 2025,535RJ25
NSE_EQ,NSE_EQ|IN3520200046,SDL CG 5.38% 2025,835,SDL CG 5.38% 2025,538CG25
NSE_EQ,NSE_EQ|IN1320200109,SDL BR 5.3% 2025,1207,SDL BR 5.3% 2025,53BR25
NSE_EQ,NSE_EQ|IN1420200223,SDL GA 5.41% 2025,1697,SDL GA 5.41% 2025,541GA25
NSE_EQ,NSE_EQ|IN2920200218,SDL RJ 5.45% 2025,22022,SDL RJ 5.45% 2025,545RJ25
NSE_EQ,NSE_EQ|IN2920200283,SDL RJ 5.49% 2025,22300,SDL RJ 5.49% 2025,549RJ25
NSE_EQ,NSE_EQ|IN2020200142,SDL KL 5.53% 2025,21917,SDL KL 5.53% 2025,553KL25
NSE_EQ,NSE_EQ|IN0020210012,GOI LOAN  5.63% 2026,3202,GOI LOAN  5.63% 2026,563GS2026
NSE_EQ,NSE_EQ|IN1320200117,SDL BR 5.72% 2026,1886,SDL BR 5.72% 2026,572BR26
NSE_EQ,NSE_EQ|IN0020210186,GOI LOAN  5.74% 2026,6695,GOI LOAN  5.74% 2026,574GS2026
NSE_EQ,NSE_EQ|IN3820200035,SDL PY 5.75% 2026,836,SDL PY 5.75% 2026,575PY26
NSE_EQ,NSE_EQ|IN0020200153,GOI LOAN 5.77% 2030,22292,GOI LOAN 5.77% 2030,577GS2030
NSE_EQ,NSE_EQ|IN0020200070,GOI LOAN 5.79% 2030,18857,GOI LOAN 5.79% 2030,579GS2030
NSE_EQ,NSE_EQ|IN1920200079,SDL KA 5.7% 2026,21927,SDL KA 5.7% 2026,57KA26
NSE_EQ,NSE_EQ|IN1320200133,SDL BR 5.82% 2026,1936,SDL BR 5.82% 2026,582BR26
NSE_EQ,NSE_EQ|IN2920200556,SDL RJ 5.82% 2027,1824,SDL RJ 5.82% 2027,582RJ27
NSE_EQ,NSE_EQ|IN0020200294,GOI LOAN  5.85% 2030,1341,GOI LOAN  5.85% 2030,585GS2030
NSE_EQ,NSE_EQ|IN3520200087,SDL CG 5.88% 2026,1703,SDL CG 5.88% 2026,588CG26
NSE_EQ,NSE_EQ|IN2920200333,SDL RJ 5.89% 2025,22404,SDL RJ 5.89% 2025,589RJ25
NSE_EQ,NSE_EQ|IN3520200079,SDL CG 5.93% 2026,1449,SDL CG 5.93% 2026,593CG26
NSE_EQ,NSE_EQ|IN3520200038,SDL CG 5.94% 2025,423,SDL CG 5.94% 2025,594CG25
NSE_EQ,NSE_EQ|IN3820210018,SDL PY 5.96% 2026,5880,SDL PY 5.96% 2026,596PY26
NSE_EQ,NSE_EQ|IN3520200095,SDL CG 5.97% 2027,1887,SDL CG 5.97% 2027,597CG27
NSE_EQ,NSE_EQ|IN0020030071,GOI LOAN 5.97% 2025,6871,GOI LOAN 5.97% 2025,597GS2025
NSE_EQ,NSE_EQ|IN2120210025,SDL MP 5.99% 2026,5525,SDL MP 5.99% 2026,599MP26
NSE_EQ,NSE_EQ|INE618L01018,5PAISA CAPITAL LIMITED,445,5PAISA CAPITAL LIMITED,5PAISA
NSE_EQ,NSE_EQ|IN0020020247,GOI LOAN 6.01% 2028,6866,GOI LOAN 6.01% 2028,601GS2028
NSE_EQ,NSE_EQ|IN2920210316,SDL RJ 6.01% 2026,5994,SDL RJ 6.01% 2026,601RJ26
NSE_EQ,NSE_EQ|IN1220200076,SDL AS 6.04% 2025,418,SDL AS 6.04% 2025,604AS25
NSE_EQ,NSE_EQ|IN1220210158,SDL AS 6.04% 2026,7038,SDL AS 6.04% 2026,604AS26
NSE_EQ,NSE_EQ|IN1520210130,SDL GJ 6.04% 2026,6209,SDL GJ 6.04% 2026,604GJ26
NSE_EQ,NSE_EQ|IN2020200183,SDL KL 6.04% 2025,22403,SDL KL 6.04% 2025,604KL25
NSE_EQ,NSE_EQ|IN1220200043,SDL AS 6.05% 2025,62,SDL AS 6.05% 2025,605AS25
NSE_EQ,NSE_EQ|IN2920210142,SDL RJ 6.05% 2026,4570,SDL RJ 6.05% 2026,605RJ26
NSE_EQ,NSE_EQ|IN2920210381,SDL RJ 6.07% 2026,6987,SDL RJ 6.07% 2026,607RJ26
NSE_EQ,NSE_EQ|IN1220210091,SDL AS 6.09% 2026,6304,SDL AS 6.09% 2026,609AS26
NSE_EQ,NSE_EQ|IN1920200095,SDL KA 6.09% 2028,21930,SDL KA 6.09% 2028,609KA28
NSE_EQ,NSE_EQ|IN2920200648,SDL RJ 6.09% 2026,2125,SDL RJ 6.09% 2026,609RJ26
NSE_EQ,NSE_EQ|IN3120250102,SDL TN 6.0% 2028,757425,SDL TN 6.0% 2028,60TN28
NSE_EQ,NSE_EQ|IN0020210095,GOI LOAN  6.10% 2031,5012,GOI LOAN  6.10% 2031,610GS2031
NSE_EQ,NSE_EQ|IN1920200087,SDL KA 6.12% 2027,21929,SDL KA 6.12% 2027,612KA27
NSE_EQ,NSE_EQ|IN0020030022,GOI LOAN 6.13% 2028,6868,GOI LOAN 6.13% 2028,613GS2028
NSE_EQ,NSE_EQ|IN2920210068,SDL RJ 6.13% 2026,3516,SDL RJ 6.13% 2026,613RJ26
NSE_EQ,NSE_EQ|IN2020200233,SDL KL 6.17% 2027,1709,SDL KL 6.17% 2027,617KL27
NSE_EQ,NSE_EQ|IN1520200339,SDL GJ 6.18% 2026,3058,SDL GJ 6.18% 2026,618GJ26
NSE_EQ,NSE_EQ|IN1520210171,SDL GJ 6.18% 2026,7892,SDL GJ 6.18% 2026,618GJ26A
NSE_EQ,NSE_EQ|IN1220200258,SDL AS 6.19% 2026,2123,SDL AS 6.19% 2026,619AS26
NSE_EQ,NSE_EQ|IN0020200096,GOI LOAN 6.19% 2034,18973,GOI LOAN 6.19% 2034,619GS2034
NSE_EQ,NSE_EQ|IN3520200103,SDL CG 6.1% 2027,2013,SDL CG 6.1% 2027,61CG27
NSE_EQ,NSE_EQ|IN2920210084,SDL RJ 6.1% 2026,3638,SDL RJ 6.1% 2026,61RJ26
NSE_EQ,NSE_EQ|IN2920200440,SDL RJ 6.1% 2027,837,SDL RJ 6.1% 2027,61RJ27
NSE_EQ,NSE_EQ|IN1220200274,SDL AS 6.21% 2026,2224,SDL AS 6.21% 2026,621AS26
NSE_EQ,NSE_EQ|IN1220250055,SDL AS 6.22% 2030,757018,SDL AS 6.22% 2030,622AS30
NSE_EQ,NSE_EQ|IN0020200245,GOI LOAN  6.22% 2035,953,GOI LOAN  6.22% 2035,622GS2035
NSE_EQ,NSE_EQ|IN2020200225,SDL KL 6.22% 2027,1361,SDL KL 6.22% 2027,622KL27
NSE_EQ,NSE_EQ|IN2920210290,SDL RJ 6.23% 2027,5877,SDL RJ 6.23% 2027,623RJ27
NSE_EQ,NSE_EQ|IN1620200031,SDL HR 6.24% 2026,21640,SDL HR 6.24% 2026,624HR26
NSE_EQ,NSE_EQ|IN2220210214,SDL MH 6.24% 2026,5330,SDL MH 6.24% 2026,624MH26
NSE_EQ,NSE_EQ|IN2220200116,SDL MH 6.24% 2028,21947,SDL MH 6.24% 2028,624MH28
NSE_EQ,NSE_EQ|IN2920210183,SDL RJ 6.24% 2026,4863,SDL RJ 6.24% 2026,624RJ26
NSE_EQ,NSE_EQ|IN4520200085,SDL TS 6.24% 2026,22187,SDL TS 6.24% 2026,624TS26
NSE_EQ,NSE_EQ|IN1220210026,SDL AS 6.25% 2026,5226,SDL AS 6.25% 2026,625AS26
NSE_EQ,NSE_EQ|INE134E08NT9,PFCL 6.27% 2027 SR 251A,757449,PFCL 6.27% 2027 SR 251A,627PFCL27
NSE_EQ,NSE_EQ|IN2920210241,SDL RJ 6.27% 2026,5078,SDL RJ 6.27% 2026,627RJ26
NSE_EQ,NSE_EQ|IN1520210098,SDL GJ 6.28% 2027,5524,SDL GJ 6.28% 2027,628GJ27
NSE_EQ,NSE_EQ|IN1720190157,SDL HP 6.29% 2026,21140,SDL HP 6.29% 2026,629HP26
NSE_EQ,NSE_EQ|IN2920210225,SDL RJ 6.29% 2026,5025,SDL RJ 6.29% 2026,629RJ26
NSE_EQ,NSE_EQ|IN2920210407,SDL RJ 6.29% 2026,7500,SDL RJ 6.29% 2026,629RJ26A
NSE_EQ,NSE_EQ|IN2920210464,SDL RJ 6.2% 2026,8010,SDL RJ 6.2% 2026,62RJ26
NSE_EQ,NSE_EQ|IN2920200267,SDL RJ 6.2% 2027,22272,SDL RJ 6.2% 2027,62RJ27
NSE_EQ,NSE_EQ|IN1920200129,SDL KA 6.32% 2028,22302,SDL KA 6.32% 2028,632KA28
NSE_EQ,NSE_EQ|IN1220210018,SDL AS 6.33% 2026,4982,SDL AS 6.33% 2026,633AS26
NSE_EQ,NSE_EQ|IN1220210182,SDL AS 6.33% 2026,7495,SDL AS 6.33% 2026,633AS26A
NSE_EQ,NSE_EQ|IN0020250026,GOI LOAN  6.33% 2035,756890,GOI LOAN  6.33% 2035,633GS2035
NSE_EQ,NSE_EQ|IN3120200222,SDL TN 6.33% 2030,22135,SDL TN 6.33% 2030,633TN30
NSE_EQ,NSE_EQ|IN2920210340,SDL RJ 6.34% 2027,6307,SDL RJ 6.34% 2027,634RJ27
NSE_EQ,NSE_EQ|IN1020200110,SDL AP 6.35% 2027,20572,SDL AP 6.35% 2027,635AP27
NSE_EQ,NSE_EQ|IN2220200314,SDL MH 6.35% 2028,1212,SDL MH 6.35% 2028,635MH28
NSE_EQ,NSE_EQ|IN1720200030,SDL HP 6.36% 2028,22267,SDL HP 6.36% 2028,636HP28
NSE_EQ,NSE_EQ|IN2220210230,SDL MH 6.38% 2027,5467,SDL MH 6.38% 2027,638MH27
NSE_EQ,NSE_EQ|IN1020200136,SDL AP 6.39% 2026,21647,SDL AP 6.39% 2026,639AP26
NSE_EQ,NSE_EQ|IN1320210017,SDL BR 6.39% 2027,3650,SDL BR 6.39% 2027,639BR27
NSE_EQ,NSE_EQ|INE111B01023,63 MOONS TECHNOLOGIES LTD,11868,63 MOONS TECHNOLOGIES LTD,63MOONS
NSE_EQ,NSE_EQ|IN3820200076,SDL PY 6.3% 2026,2372,SDL PY 6.3% 2026,63PY26
NSE_EQ,NSE_EQ|IN3820210042,SDL PY 6.3% 2027,7153,SDL PY 6.3% 2027,63PY27
NSE_EQ,NSE_EQ|IN3120250078,SDL TN 6.40% 2032,757398,SDL TN 6.40% 2032,640TN32
NSE_EQ,NSE_EQ|IN1420200082,SDL GA 6.41% 2030,21040,SDL GA 6.41% 2030,641GA30
NSE_EQ,NSE_EQ|IN3120200214,SDL TN 6.41% 2030,22103,SDL TN 6.41% 2030,641TN30
NSE_EQ,NSE_EQ|IN1420200165,SDL GA 6.42% 2030,852,SDL GA 6.42% 2030,642GA30
NSE_EQ,NSE_EQ|IN4920250037,SDL JK 6.42% 2031,756807,SDL JK 6.42% 2031,642JK31
NSE_EQ,NSE_EQ|IN4920250052,SDL JK 6.42% 2031,757426,SDL JK 6.42% 2031,642JK31A
NSE_EQ,NSE_EQ|IN2320200040,SDL MN 6.42% 2030,21919,SDL MN 6.42% 2030,642MN30
NSE_EQ,NSE_EQ|IN2820200094,SDL PN 6.42% 2030,22298,SDL PN 6.42% 2030,642PN30
NSE_EQ,NSE_EQ|IN3320200154,SDL UP 6.42% 2030,849,SDL UP 6.42% 2030,642UP30
NSE_EQ,NSE_EQ|IN1020200458,SDL AP 6.43% 2030,976,SDL AP 6.43% 2030,643AP30
NSE_EQ,NSE_EQ|IN1220200340,SDL AS 6.43% 2026,2733,SDL AS 6.43% 2026,643AS26
NSE_EQ,NSE_EQ|IN2220210222,SDL MH 6.43% 2027,5414,SDL MH 6.43% 2027,643MH27
NSE_EQ,NSE_EQ|IN2920210431,SDL RJ 6.43% 2027,7867,SDL RJ 6.43% 2027,643RJ27
NSE_EQ,NSE_EQ|IN3620200029,SDL UK 6.43% 2030,22451,SDL UK 6.43% 2030,643UK30
NSE_EQ,NSE_EQ|IN1520200081,SDL GJ 6.44% 2029,20601,SDL GJ 6.44% 2029,644GJ29
NSE_EQ,NSE_EQ|IN1520200115,SDL GJ 6.44% 2029,22337,SDL GJ 6.44% 2029,644GJ29A
NSE_EQ,NSE_EQ|IN2220200124,SDL MH 6.44% 2028,22342,SDL MH 6.44% 2028,644MH28
NSE_EQ,NSE_EQ|IN3620200060,SDL UK 6.44% 2030,853,SDL UK 6.44% 2030,644UK30
NSE_EQ,NSE_EQ|IN3320200063,SDL UP 6.44% 2030,22262,SDL UP 6.44% 2030,644UP30
NSE_EQ,NSE_EQ|IN1320210025,SDL BR 6.45% 2027,3695,SDL BR 6.45% 2027,645BR27
NSE_EQ,NSE_EQ|IN1520200131,SDL GJ 6.45% 2030,22448,SDL GJ 6.45% 2030,645GJ30
NSE_EQ,NSE_EQ|IN1520200248,SDL GJ 6.45% 2030,1827,SDL GJ 6.45% 2030,645GJ30A
NSE_EQ,NSE_EQ|IN0020190362,GOI LOAN 6.45% 2029,13472,GOI LOAN 6.45% 2029,645GS2029
NSE_EQ,NSE_EQ|IN1720200071,SDL HP 6.45% 2029,838,SDL HP 6.45% 2029,645HP29
NSE_EQ,NSE_EQ|IN2220200249,SDL MH 6.45% 2027,599,SDL MH 6.45% 2027,645MH27
NSE_EQ,NSE_EQ|IN2420200023,SDL ML 6.45% 2030,22449,SDL ML 6.45% 2030,645ML30
NSE_EQ,NSE_EQ|IN2320200057,SDL MN 6.45% 2030,22301,SDL MN 6.45% 2030,645MN30
NSE_EQ,NSE_EQ|IN2920200614,SDL RJ 6.45% 2027,2071,SDL RJ 6.45% 2027,645RJ27
NSE_EQ,NSE_EQ|IN2920210449,SDL RJ 6.45% 2027,7894,SDL RJ 6.45% 2027,645RJ27A
NSE_EQ,NSE_EQ|IN2920200457,SDL RJ 6.45% 2030,855,SDL RJ 6.45% 2030,645RJ30
NSE_EQ,NSE_EQ|IN1520200198,SDL GJ 6.46% 2030,982,SDL GJ 6.46% 2030,646GJ30
NSE_EQ,NSE_EQ|IN4920200065,SDL JK 6.46% 2030,22303,SDL JK 6.46% 2030,646JK30
NSE_EQ,NSE_EQ|IN2920200317,SDL RJ 6.46% 2030,22340,SDL RJ 6.46% 2030,646RJ30
NSE_EQ,NSE_EQ|IN2920200358,SDL RJ 6.46% 2030,22450,SDL RJ 6.46% 2030,646RJ30A
NSE_EQ,NSE_EQ|IN3420200070,SDL WB 6.46% 2030,22269,SDL WB 6.46% 2030,646WB30
NSE_EQ,NSE_EQ|IN1520200040,SDL GJ 6.47% 2030,21422,SDL GJ 6.47% 2030,647GJ30
NSE_EQ,NSE_EQ|INE053F08510,IRFC 6.47% 2028 SR 191A,758169,IRFC 6.47% 2028 SR 191A,647IRFC28
NSE_EQ,NSE_EQ|IN1920200392,SDL KA 6.47% 2030,1080,SDL KA 6.47% 2030,647KA30
NSE_EQ,NSE_EQ|IN2220200272,SDL MH 6.47% 2028,773,SDL MH 6.47% 2028,647MH28
NSE_EQ,NSE_EQ|IN1020200193,SDL AP 6.48% 2027,20922,SDL AP 6.48% 2027,648AP27
NSE_EQ,NSE_EQ|IN1020200243,SDL AP 6.48% 2032,21039,SDL AP 6.48% 2032,648AP32
NSE_EQ,NSE_EQ|IN1220200118,SDL AS 6.48% 2030,985,SDL AS 6.48% 2030,648AS30
NSE_EQ,NSE_EQ|IN1620200072,SDL HR 6.48% 2040,22299,SDL HR 6.48% 2040,648HR40
NSE_EQ,NSE_EQ|IN1920200137,SDL KA 6.48% 2030,22335,SDL KA 6.48% 2030,648KA30
NSE_EQ,NSE_EQ|IN1920200368,SDL KA 6.48% 2031,861,SDL KA 6.48% 2031,648KA31
NSE_EQ,NSE_EQ|IN2520200055,SDL MZ 6.48% 2030,988,SDL MZ 6.48% 2030,648MZ30
NSE_EQ,NSE_EQ|IN2920210506,SDL RJ 6.48% 2027,8319,SDL RJ 6.48% 2027,648RJ27
NSE_EQ,NSE_EQ|IN1020200250,SDL AP 6.49% 2033,22264,SDL AP 6.49% 2033,649AP33
NSE_EQ,NSE_EQ|IN1520200222,SDL GJ 6.49% 2029,1364,SDL GJ 6.49% 2029,649GJ29
NSE_EQ,NSE_EQ|IN1920200038,SDL KA 6.49% 2030,21390,SDL KA 6.49% 2030,649KA30
NSE_EQ,NSE_EQ|IN1920200418,SDL KA 6.49% 2030,1158,SDL KA 6.49% 2030,649KA30A
NSE_EQ,NSE_EQ|IN1920200145,SDL KA 6.49% 2031,22336,SDL KA 6.49% 2031,649KA31
NSE_EQ,NSE_EQ|IN2220200132,SDL MH 6.49% 2031,22343,SDL MH 6.49% 2031,649MH31
NSE_EQ,NSE_EQ|IN2920200085,SDL RJ 6.49% 2030,22043,SDL RJ 6.49% 2030,649RJ30
NSE_EQ,NSE_EQ|IN3120200230,SDL TN 6.49% 2050,22136,SDL TN 6.49% 2050,649TN50
NSE_EQ,NSE_EQ|IN4520200127,SDL TS 6.49% 2050,22263,SDL TS 6.49% 2050,649TS50
NSE_EQ,NSE_EQ|IN1020200474,SDL AP 6.4% 2028,1362,SDL AP 6.4% 2028,64AP28
NSE_EQ,NSE_EQ|IN1520200107,SDL GJ 6.4% 2030,22296,SDL GJ 6.4% 2030,64GJ30
NSE_EQ,NSE_EQ|IN1520200180,SDL GJ 6.4% 2030,846,SDL GJ 6.4% 2030,64GJ30A
NSE_EQ,NSE_EQ|IN1920200103,SDL KA 6.4% 2030,22265,SDL KA 6.4% 2030,64KA30
NSE_EQ,NSE_EQ|IN1920200194,SDL KA 6.4% 2030,22452,SDL KA 6.4% 2030,64KA30A
NSE_EQ,NSE_EQ|IN1920200350,SDL KA 6.4% 2030,843,SDL KA 6.4% 2030,64KA30B
NSE_EQ,NSE_EQ|IN1920200376,SDL KA 6.4% 2030,972,SDL KA 6.4% 2030,64KA30C
NSE_EQ,NSE_EQ|IN1920200111,SDL KA 6.4% 2031,22266,SDL KA 6.4% 2031,64KA31
NSE_EQ,NSE_EQ|IN2220200298,SDL MH 6.4% 2030,973,SDL MH 6.4% 2030,64MH30
NSE_EQ,NSE_EQ|IN1520250078,SDL GJ 6.51% 2033,757019,SDL GJ 6.51% 2033,651GJ33
NSE_EQ,NSE_EQ|IN1720200089,SDL HP 6.51% 2030,840,SDL HP 6.51% 2030,651HP30
NSE_EQ,NSE_EQ|IN1920200335,SDL KA 6.51% 2030,758,SDL KA 6.51% 2030,651KA30
NSE_EQ,NSE_EQ|IN1920200517,SDL KA 6.51% 2030,1650,SDL KA 6.51% 2030,651KA30B
NSE_EQ,NSE_EQ|IN1920200533,SDL KA 6.51% 2030,1727,SDL KA 6.51% 2030,651KA30C
NSE_EQ,NSE_EQ|IN1920200046,SDL KA 6.51% 2031,21419,SDL KA 6.51% 2031,651KA31
NSE_EQ,NSE_EQ|IN3320250027,SDL UP 6.51% 2032,756808,SDL UP 6.51% 2032,651UP32
NSE_EQ,NSE_EQ|IN1920200491,SDL KA 6.52% 2030,1522,SDL KA 6.52% 2030,652KA30
NSE_EQ,NSE_EQ|IN2220200322,SDL MH 6.52% 2030,1236,SDL MH 6.52% 2030,652MH30
NSE_EQ,NSE_EQ|IN2420200015,SDL ML 6.52% 2030,22009,SDL ML 6.52% 2030,652ML30
NSE_EQ,NSE_EQ|IN2120200125,SDL MP 6.52% 2035,21949,SDL MP 6.52% 2035,652MP35
NSE_EQ,NSE_EQ|IN2620200021,SDL NL 6.52% 2030,21993,SDL NL 6.52% 2030,652NL30
NSE_EQ,NSE_EQ|IN3820200043,SDL PY 6.52% 2030,994,SDL PY 6.52% 2030,652PY30
NSE_EQ,NSE_EQ|INE020B08FW6,REC 6.52% 2028 SR 248-A,757917,REC 6.52% 2028 SR 248-A,652RL28
NSE_EQ,NSE_EQ|IN4520200135,SDL TS 6.52% 2050,22304,SDL TS 6.52% 2050,652TS50
NSE_EQ,NSE_EQ|IN3520210037,SDL CG 6.53% 2028,5671,SDL CG 6.53% 2028,653CG28
NSE_EQ,NSE_EQ|IN1720200097,SDL HP 6.53% 2029,1215,SDL HP 6.53% 2029,653HP29
NSE_EQ,NSE_EQ|IN1920200459,SDL KA 6.53% 2030,1365,SDL KA 6.53% 2030,653KA30
NSE_EQ,NSE_EQ|IN3120200339,SDL TN 6.53% 2031,1839,SDL TN 6.53% 2031,653TN31
NSE_EQ,NSE_EQ|IN1020200201,SDL AP 6.54% 2030,20923,SDL AP 6.54% 2030,654AP30
NSE_EQ,NSE_EQ|IN1120200036,SDL AR 6.54% 2030,1157,SDL AR 6.54% 2030,654AR30
NSE_EQ,NSE_EQ|IN1420200066,SDL GA 6.54% 2030,20921,SDL GA 6.54% 2030,654GA30
NSE_EQ,NSE_EQ|IN1420200207,SDL GA 6.54% 2030,1516,SDL GA 6.54% 2030,654GA30A
NSE_EQ,NSE_EQ|IN1520200073,SDL GJ 6.54% 2030,21216,SDL GJ 6.54% 2030,654GJ30
NSE_EQ,NSE_EQ|IN0020210244,GOI LOAN  6.54% 2032,7843,GOI LOAN  6.54% 2032,654GS2032
NSE_EQ,NSE_EQ|IN1920200475,SDL KA 6.54% 2030,1453,SDL KA 6.54% 2030,654KA30
NSE_EQ,NSE_EQ|IN2220210271,SDL MH 6.54% 2027,8126,SDL MH 6.54% 2027,654MH27
NSE_EQ,NSE_EQ|IN2220200033,SDL MH 6.54% 2030,21932,SDL MH 6.54% 2030,654MH30
NSE_EQ,NSE_EQ|IN2120200133,SDL MP 6.54% 2035,22297,SDL MP 6.54% 2035,654MP35
NSE_EQ,NSE_EQ|IN2920200150,SDL RJ 6.54% 2030,22059,SDL RJ 6.54% 2030,654RJ30
NSE_EQ,NSE_EQ|IN2920200481,SDL RJ 6.54% 2030,1160,SDL RJ 6.54% 2030,654RJ30A
NSE_EQ,NSE_EQ|IN3120250037,SDL TN 6.54% 2031,756853,SDL TN 6.54% 2031,654TN31
NSE_EQ,NSE_EQ|IN3320200147,SDL UP 6.54% 2030,779,SDL UP 6.54% 2030,654UP30
NSE_EQ,NSE_EQ|IN3420200062,SDL WB 6.54% 2035,22173,SDL WB 6.54% 2035,654WB35
NSE_EQ,NSE_EQ|IN1020200144,SDL AP 6.55% 2028,21549,SDL AP 6.55% 2028,655AP28
NSE_EQ,NSE_EQ|IN1020200433,SDL AP 6.55% 2033,864,SDL AP 6.55% 2033,655AP33
NSE_EQ,NSE_EQ|IN1020200268,SDL AP 6.55% 2035,22294,SDL AP 6.55% 2035,655AP35
NSE_EQ,NSE_EQ|IN1220200027,SDL AS 6.55% 2030,20653,SDL AS 6.55% 2030,655AS30
NSE_EQ,NSE_EQ|IN1220200035,SDL AS 6.55% 2030,22447,SDL AS 6.55% 2030,655AS30A
NSE_EQ,NSE_EQ|IN1420200173,SDL GA 6.55% 2030,1074,SDL GA 6.55% 2030,655GA30
NSE_EQ,NSE_EQ|IN1420200199,SDL GA 6.55% 2030,1454,SDL GA 6.55% 2030,655GA30A
NSE_EQ,NSE_EQ|IN2020200118,SDL KL 6.55% 2030,21901,SDL KL 6.55% 2030,655KL30
NSE_EQ,NSE_EQ|IN2220200256,SDL MH 6.55% 2028,605,SDL MH 6.55% 2028,655MH28
NSE_EQ,NSE_EQ|IN2920200184,SDL RJ 6.55% 2030,22079,SDL RJ 6.55% 2030,655RJ30
NSE_EQ,NSE_EQ|IN2920200226,SDL RJ 6.55% 2050,22023,SDL RJ 6.55% 2050,655RJ50
NSE_EQ,NSE_EQ|IN2920200234,SDL RJ 6.55% 2055,22033,SDL RJ 6.55% 2055,655RJ55
NSE_EQ,NSE_EQ|IN3120200149,SDL TN 6.55% 2030,22114,SDL TN 6.55% 2030,655TN30
NSE_EQ,NSE_EQ|IN3220200023,SDL TR 6.55% 2030,858,SDL TR 6.55% 2030,655TR30
NSE_EQ,NSE_EQ|IN3420200054,SDL WB 6.55% 2030,22178,SDL WB 6.55% 2030,655WB30
NSE_EQ,NSE_EQ|IN1020200235,SDL AP 6.56% 2031,20666,SDL AP 6.56% 2031,656AP31
NSE_EQ,NSE_EQ|IN1220200100,SDL AS 6.56% 2030,754,SDL AS 6.56% 2030,656AS30
NSE_EQ,NSE_EQ|IN1920200210,SDL KA 6.56% 2030,14,SDL KA 6.56% 2030,656KA30
NSE_EQ,NSE_EQ|IN2220200280,SDL MH 6.56% 2030,776,SDL MH 6.56% 2030,656MH30
NSE_EQ,NSE_EQ|IN2220200306,SDL MH 6.56% 2032,1000,SDL MH 6.56% 2032,656MH32
NSE_EQ,NSE_EQ|IN2320200032,SDL MN 6.56% 2030,21921,SDL MN 6.56% 2030,656MN30
NSE_EQ,NSE_EQ|IN3320200196,SDL UP 6.56% 2030,1525,SDL UP 6.56% 2030,656UP30
NSE_EQ,NSE_EQ|IN1020200219,SDL AP 6.57% 2030,21235,SDL AP 6.57% 2030,657AP30
NSE_EQ,NSE_EQ|IN1420200181,SDL GA 6.57% 2030,1237,SDL GA 6.57% 2030,657GA30
NSE_EQ,NSE_EQ|IN1520200057,SDL GJ 6.57% 2029,20279,SDL GJ 6.57% 2029,657GJ29
NSE_EQ,NSE_EQ|IN1520200255,SDL GJ 6.57% 2031,2014,SDL GJ 6.57% 2031,657GJ31
NSE_EQ,NSE_EQ|IN0020160100,GOI LOAN 6.57% 2033,7194,GOI LOAN 6.57% 2033,657GS2033
NSE_EQ,NSE_EQ|IN1720200113,SDL HP 6.57% 2030,1644,SDL HP 6.57% 2030,657HP30
NSE_EQ,NSE_EQ|IN1720200121,SDL HP 6.57% 2030,1647,SDL HP 6.57% 2030,657HP30A
NSE_EQ,NSE_EQ|IN2220200058,SDL MH 6.57% 2031,21936,SDL MH 6.57% 2031,657MH31
NSE_EQ,NSE_EQ|IN2120200109,SDL MP 6.57% 2030,21975,SDL MP 6.57% 2030,657MP30
NSE_EQ,NSE_EQ|IN2520200030,SDL MZ 6.57% 2035,22014,SDL MZ 6.57% 2035,657MZ35
NSE_EQ,NSE_EQ|IN2920200135,SDL RJ 6.57% 2030,22056,SDL RJ 6.57% 2030,657RJ30
NSE_EQ,NSE_EQ|IN3120200347,SDL TN 6.57% 2031,1890,SDL TN 6.57% 2031,657TN31
NSE_EQ,NSE_EQ|IN1020200169,SDL AP 6.58% 2030,20280,SDL AP 6.58% 2030,658AP30
NSE_EQ,NSE_EQ|IN1420200074,SDL GA 6.58% 2030,20598,SDL GA 6.58% 2030,658GA30
NSE_EQ,NSE_EQ|IN1420200215,SDL GA 6.58% 2030,1646,SDL GA 6.58% 2030,658GA30A
NSE_EQ,NSE_EQ|IN1420200231,SDL GA 6.58% 2031,1830,SDL GA 6.58% 2031,658GA31
NSE_EQ,NSE_EQ|IN1520200347,SDL GJ 6.58% 2027,3061,SDL GJ 6.58% 2027,658GJ27
NSE_EQ,NSE_EQ|INE053F08528,IRFC 6.58% 2030 SR 191B,758167,IRFC 6.58% 2030 SR 191B,658IRFC30
NSE_EQ,NSE_EQ|IN4920200057,SDL JK 6.58% 2030,22179,SDL JK 6.58% 2030,658JK30
NSE_EQ,NSE_EQ|IN1920200053,SDL KA 6.58% 2030,20288,SDL KA 6.58% 2030,658KA30
NSE_EQ,NSE_EQ|IN2120200117,SDL MP 6.58% 2035,21948,SDL MP 6.58% 2035,658MP35
NSE_EQ,NSE_EQ|IN2920200119,SDL RJ 6.58% 2030,22050,SDL RJ 6.58% 2030,658RJ30
NSE_EQ,NSE_EQ|IN3320200188,SDL UP 6.58% 2030,1239,SDL UP 6.58% 2030,658UP30
NSE_EQ,NSE_EQ|IN3520210045,SDL CG 6.59% 2028,5971,SDL CG 6.59% 2028,659CG28
NSE_EQ,NSE_EQ|IN1620200122,SDL HR 6.59% 2030,1077,SDL HR 6.59% 2030,659HR30
NSE_EQ,NSE_EQ|INE134E08NU7,PFCL 6.59% 2030 SR 251B,757451,PFCL 6.59% 2030 SR 251B,659PFCL30
NSE_EQ,NSE_EQ|IN2920200168,SDL RJ 6.59% 2030,22073,SDL RJ 6.59% 2030,659RJ30
NSE_EQ,NSE_EQ|IN2920200499,SDL RJ 6.59% 2030,1241,SDL RJ 6.59% 2030,659RJ30A
NSE_EQ,NSE_EQ|IN2920200564,SDL RJ 6.59% 2031,1836,SDL RJ 6.59% 2031,659RJ31
NSE_EQ,NSE_EQ|IN3320200162,SDL UP 6.59% 2030,997,SDL UP 6.59% 2030,659UP30
NSE_EQ,NSE_EQ|IN1020200227,SDL AP 6.5% 2030,20654,SDL AP 6.5% 2030,65AP30
NSE_EQ,NSE_EQ|IN1020200276,SDL AP 6.5% 2038,22295,SDL AP 6.5% 2038,65AP38
NSE_EQ,NSE_EQ|IN1420200090,SDL GA 6.5% 2030,22261,SDL GA 6.5% 2030,65GA30
NSE_EQ,NSE_EQ|IN1420200108,SDL GA 6.5% 2030,22369,SDL GA 6.5% 2030,65GA30A
NSE_EQ,NSE_EQ|IN1520200206,SDL GJ 6.5% 2030,1075,SDL GJ 6.5% 2030,65GJ30
NSE_EQ,NSE_EQ|IN1520200214,SDL GJ 6.5% 2030,1233,SDL GJ 6.5% 2030,65GJ30A
NSE_EQ,NSE_EQ|IN1920200152,SDL KA 6.5% 2030,22368,SDL KA 6.5% 2030,65KA30
NSE_EQ,NSE_EQ|IN1920200434,SDL KA 6.5% 2030,1227,SDL KA 6.5% 2030,65KA30A
NSE_EQ,NSE_EQ|IN2020200084,SDL KL 6.5% 2027,21909,SDL KL 6.5% 2027,65KL27
NSE_EQ,NSE_EQ|IN2620200054,SDL NL 6.5% 2030,991,SDL NL 6.5% 2030,65NL30
NSE_EQ,NSE_EQ|IN2920200325,SDL RJ 6.5% 2030,22372,SDL RJ 6.5% 2030,65RJ30
NSE_EQ,NSE_EQ|IN2920200291,SDL RJ 6.5% 2050,22293,SDL RJ 6.5% 2050,65RJ50
NSE_EQ,NSE_EQ|IN3120200255,SDL TN 6.5% 2030,22374,SDL TN 6.5% 2030,65TN30
NSE_EQ,NSE_EQ|IN3320200055,SDL UP 6.5% 2030,22081,SDL UP 6.5% 2030,65UP30
NSE_EQ,NSE_EQ|IN3420200039,SDL WB 6.5% 2030,22174,SDL WB 6.5% 2030,65WB30
NSE_EQ,NSE_EQ|IN1020200292,SDL AP 6.60% 2039,22332,SDL AP 6.60% 2039,660AP39
NSE_EQ,NSE_EQ|IN1020200300,SDL AP 6.60% 2040,22333,SDL AP 6.60% 2040,660AP40
NSE_EQ,NSE_EQ|IN3120250060,SDL TN 6.60% 2035,757020,SDL TN 6.60% 2035,660TN35
NSE_EQ,NSE_EQ|IN4520200101,SDL TS 6.60% 2030,22195,SDL TS 6.60% 2030,660TS30
NSE_EQ,NSE_EQ|IN1020250115,SDL AP 6.61% 2034,757399,SDL AP 6.61% 2034,661AP34
NSE_EQ,NSE_EQ|IN1520250011,SDL GJ 6.61% 2032,756855,SDL GJ 6.61% 2032,661GJ32
NSE_EQ,NSE_EQ|IN1920200319,SDL KA 6.61% 2030,593,SDL KA 6.61% 2030,661KA30
NSE_EQ,NSE_EQ|IN1920200582,SDL KA 6.61% 2033,1944,SDL KA 6.61% 2033,661KA33
NSE_EQ,NSE_EQ|IN1920200202,SDL KA 6.61% 2035,22454,SDL KA 6.61% 2035,661KA35
NSE_EQ,NSE_EQ|IN2120200141,SDL MP 6.61% 2035,22338,SDL MP 6.61% 2035,661MP35
NSE_EQ,NSE_EQ|IN2120200232,SDL MP 6.61% 2037,1953,SDL MP 6.61% 2037,661MP37
NSE_EQ,NSE_EQ|INE134E08NS1,PFCL 6.61% 2028 SR 250A,756767,PFCL 6.61% 2028 SR 250A,661PFCL28
NSE_EQ,NSE_EQ|IN2920200473,SDL RJ 6.61% 2030,1083,SDL RJ 6.61% 2030,661RJ30
NSE_EQ,NSE_EQ|IN2920200572,SDL RJ 6.61% 2031,1896,SDL RJ 6.61% 2031,661RJ31
NSE_EQ,NSE_EQ|IN2920200598,SDL RJ 6.61% 2031,2016,SDL RJ 6.61% 2031,661RJ31A
NSE_EQ,NSE_EQ|IN4520200317,SDL TS 6.61% 2051,2017,SDL TS 6.61% 2051,661TS51
NSE_EQ,NSE_EQ|IN3320200238,SDL UP 6.61% 2031,1891,SDL UP 6.61% 2031,661UP31
NSE_EQ,NSE_EQ|IN3420200211,SDL WB 6.61% 2036,1947,SDL WB 6.61% 2036,661WB36
NSE_EQ,NSE_EQ|IN1220200175,SDL AS 6.62% 2030,1425,SDL AS 6.62% 2030,662AS30
NSE_EQ,NSE_EQ|IN3520210052,SDL CG 6.62% 2028,6315,SDL CG 6.62% 2028,662CG28
NSE_EQ,NSE_EQ|IN1420200256,SDL GA 6.62% 2031,1939,SDL GA 6.62% 2031,662GA31
NSE_EQ,NSE_EQ|IN0020160092,GOI LOAN 6.62% 2051,7193,GOI LOAN 6.62% 2051,662GS2051
NSE_EQ,NSE_EQ|IN1620200130,SDL HR 6.62% 2041,2019,SDL HR 6.62% 2041,662HR41
NSE_EQ,NSE_EQ|IN3720200028,SDL JH 6.62% 2030,761,SDL JH 6.62% 2030,662JH30
NSE_EQ,NSE_EQ|IN4920200040,SDL JK 6.62% 2030,22180,SDL JK 6.62% 2030,662JK30
NSE_EQ,NSE_EQ|IN1920200343,SDL KA 6.62% 2032,782,SDL KA 6.62% 2032,662KA32
NSE_EQ,NSE_EQ|IN1920200541,SDL KA 6.62% 2032,1733,SDL KA 6.62% 2032,662KA32A
NSE_EQ,NSE_EQ|IN2620200062,SDL NL 6.62% 2030,1428,SDL NL 6.62% 2030,662NL30
NSE_EQ,NSE_EQ|IN3820210034,SDL PY 6.62% 2028,6895,SDL PY 6.62% 2028,662PY28
NSE_EQ,NSE_EQ|IN2920200507,SDL RJ 6.62% 2030,1369,SDL RJ 6.62% 2030,662RJ30
NSE_EQ,NSE_EQ|IN2920200606,SDL RJ 6.62% 2041,2020,SDL RJ 6.62% 2041,662RJ41
NSE_EQ,NSE_EQ|IN4520200309,SDL TS 6.62% 2041,1959,SDL TS 6.62% 2041,662TS41
NSE_EQ,NSE_EQ|IN3620200052,SDL UK 6.62% 2030,617,SDL UK 6.62% 2030,662UK30
NSE_EQ,NSE_EQ|IN3320200212,SDL UP 6.62% 2030,1695,SDL UP 6.62% 2030,662UP30
NSE_EQ,NSE_EQ|IN3320200253,SDL UP 6.62% 2031,1938,SDL UP 6.62% 2031,662UP31
NSE_EQ,NSE_EQ|IN3420200088,SDL WB 6.62% 2035,22341,SDL WB 6.62% 2035,662WB35
NSE_EQ,NSE_EQ|IN1020200540,SDL AP 6.63% 2037,1905,SDL AP 6.63% 2037,663AP37
NSE_EQ,NSE_EQ|IN1220250048,SDL AS 6.63% 2035,756809,SDL AS 6.63% 2035,663AS35
NSE_EQ,NSE_EQ|IN1420250038,SDL GA 6.63% 2035,757400,SDL GA 6.63% 2035,663GA35
NSE_EQ,NSE_EQ|IN1520200149,SDL GJ 6.63% 2029,65,SDL GJ 6.63% 2029,663GJ29
NSE_EQ,NSE_EQ|IN1720200139,SDL HP 6.63% 2031,2021,SDL HP 6.63% 2031,663HP31
NSE_EQ,NSE_EQ|IN1720200147,SDL HP 6.63% 2033,2023,SDL HP 6.63% 2033,663HP33
NSE_EQ,NSE_EQ|IN1620210121,SDL HR 6.63% 2028,6317,SDL HR 6.63% 2028,663HR28
NSE_EQ,NSE_EQ|IN1920200178,SDL KA 6.63% 2030,22410,SDL KA 6.63% 2030,663KA30
NSE_EQ,NSE_EQ|IN1920200525,SDL KA 6.63% 2034,1651,SDL KA 6.63% 2034,663KA34
NSE_EQ,NSE_EQ|IN2020200092,SDL KL 6.63% 2030,21910,SDL KL 6.63% 2030,663KL30
NSE_EQ,NSE_EQ|IN2220200264,SDL MH 6.63% 2030,596,SDL MH 6.63% 2030,663MH30
NSE_EQ,NSE_EQ|IN2420200106,SDL ML 6.63% 2031,1940,SDL ML 6.63% 2031,663ML31
NSE_EQ,NSE_EQ|IN2320200073,SDL MN 6.63% 2031,1833,SDL MN 6.63% 2031,663MN31
NSE_EQ,NSE_EQ|IN2820200185,SDL PN 6.63% 2051,1910,SDL PN 6.63% 2051,663PN51
NSE_EQ,NSE_EQ|IN3120200321,SDL TN 6.63% 2035,1652,SDL TN 6.63% 2035,663TN35
NSE_EQ,NSE_EQ|IN3120200206,SDL TN 6.63% 2055,22102,SDL TN 6.63% 2055,663TN55
NSE_EQ,NSE_EQ|IN3320200139,SDL UP 6.63% 2030,614,SDL UP 6.63% 2030,663UP30
NSE_EQ,NSE_EQ|IN3420200229,SDL WB 6.63% 2031,2022,SDL WB 6.63% 2031,663WB31
NSE_EQ,NSE_EQ|IN3420200195,SDL WB 6.63% 2041,1902,SDL WB 6.63% 2041,663WB41
NSE_EQ,NSE_EQ|IN1020200524,SDL AP 6.64% 2039,1866,SDL AP 6.64% 2039,664AP39
NSE_EQ,NSE_EQ|IN1220200167,SDL AS 6.64% 2030,1246,SDL AS 6.64% 2030,664AS30
NSE_EQ,NSE_EQ|IN1520250052,SDL GJ 6.64% 2036,756811,SDL GJ 6.64% 2036,664GJ36
NSE_EQ,NSE_EQ|IN0020240167,GOI LOAN   6.64% 2027,27405,GOI LOAN   6.64% 2027,664GS2027
NSE_EQ,NSE_EQ|IN0020210020,GOI LOAN  6.64% 2035,3204,GOI LOAN  6.64% 2035,664GS2035
NSE_EQ,NSE_EQ|IN1620250051,SDL HR 6.64% 2036,757034,SDL HR 6.64% 2036,664HR36
NSE_EQ,NSE_EQ|IN4920200131,SDL JK 6.64% 2036,1863,SDL JK 6.64% 2036,664JK36
NSE_EQ,NSE_EQ|IN1920200160,SDL KA 6.64% 2032,22370,SDL KA 6.64% 2032,664KA32
NSE_EQ,NSE_EQ|IN2420250028,SDL ML 6.64% 2035,757382,SDL ML 6.64% 2035,664ML35
NSE_EQ,NSE_EQ|IN2120200091,SDL MP 6.64% 2030,21971,SDL MP 6.64% 2030,664MP30
NSE_EQ,NSE_EQ|IN2520200089,SDL MZ 6.64% 2032,1899,SDL MZ 6.64% 2032,664MZ32
NSE_EQ,NSE_EQ|INE134E08NR3,PFCL 6.64% 2030 SR 250B,756765,PFCL 6.64% 2030 SR 250B,664PFCL30
NSE_EQ,NSE_EQ|IN3820200050,SDL PY 6.64% 2032,1730,SDL PY 6.64% 2032,664PY32
NSE_EQ,NSE_EQ|IN2920200341,SDL RJ 6.64% 2030,22412,SDL RJ 6.64% 2030,664RJ30
NSE_EQ,NSE_EQ|IN2920250072,SDL RJ 6.64% 2035,757383,SDL RJ 6.64% 2035,664RJ35
NSE_EQ,NSE_EQ|IN3020200041,SDL SK 6.64% 2031,1888,SDL SK 6.64% 2031,664SK31
NSE_EQ,NSE_EQ|IN4520200119,SDL TS 6.64% 2050,22183,SDL TS 6.64% 2050,664TS50
NSE_EQ,NSE_EQ|IN4520200283,SDL TS 6.64% 2051,1872,SDL TS 6.64% 2051,664TS51
NSE_EQ,NSE_EQ|IN3320200089,SDL UP 6.64% 2030,21,SDL UP 6.64% 2030,664UP30
NSE_EQ,NSE_EQ|IN3320200261,SDL UP 6.64% 2031,2024,SDL UP 6.64% 2031,664UP31
NSE_EQ,NSE_EQ|IN1020250164,SDL AP 6.65% 2033,757427,SDL AP 6.65% 2033,665AP33
NSE_EQ,NSE_EQ|IN1020250172,SDL AP 6.65% 2034,757428,SDL AP 6.65% 2034,665AP34
NSE_EQ,NSE_EQ|IN1020200508,SDL AP 6.65% 2036,1739,SDL AP 6.65% 2036,665AP36
NSE_EQ,NSE_EQ|IN1020200516,SDL AP 6.65% 2040,1745,SDL AP 6.65% 2040,665AP40
NSE_EQ,NSE_EQ|IN1020200532,SDL AP 6.65% 2041,1871,SDL AP 6.65% 2041,665AP41
NSE_EQ,NSE_EQ|IN1420250012,SDL GA 6.65% 2035,756810,SDL GA 6.65% 2035,665GA35
NSE_EQ,NSE_EQ|IN1520200123,SDL GJ 6.65% 2030,22406,SDL GJ 6.65% 2030,665GJ30
NSE_EQ,NSE_EQ|IN1520250060,SDL GJ 6.65% 2037,756812,SDL GJ 6.65% 2037,665GJ37
NSE_EQ,NSE_EQ|IN1720250027,SDL HP 6.65% 2032,756100,SDL HP 6.65% 2032,665HP32
NSE_EQ,NSE_EQ|INE053F08502,IRFCL 6.65% 2030 SR 190,756947,IRFCL 6.65% 2030 SR 190,665IRFC30
NSE_EQ,NSE_EQ|IN4920200123,SDL JK 6.65% 2030,1373,SDL JK 6.65% 2030,665JK30
NSE_EQ,NSE_EQ|IN1920200236,SDL KA 6.65% 2030,72,SDL KA 6.65% 2030,665KA30
NSE_EQ,NSE_EQ|IN1920200509,SDL KA 6.65% 2035,1531,SDL KA 6.65% 2035,665KA35
NSE_EQ,NSE_EQ|IN2420200056,SDL ML 6.65% 2030,609,SDL ML 6.65% 2030,665ML30
NSE_EQ,NSE_EQ|IN2820200086,SDL PN 6.65% 2050,21716,SDL PN 6.65% 2050,665PN50
NSE_EQ,NSE_EQ|IN2820200177,SDL PN 6.65% 2050,1757,SDL PN 6.65% 2050,665PN50A
NSE_EQ,NSE_EQ|IN3220200049,SDL TR 6.65% 2035,1738,SDL TR 6.65% 2035,665TR35
NSE_EQ,NSE_EQ|IN4520200275,SDL TS 6.65% 2040,1742,SDL TS 6.65% 2040,665TS40
NSE_EQ,NSE_EQ|IN3420210020,SDL WB 6.65% 2028,3726,SDL WB 6.65% 2028,665WB28
NSE_EQ,NSE_EQ|IN3420200047,SDL WB 6.65% 2030,22176,SDL WB 6.65% 2030,665WB30
NSE_EQ,NSE_EQ|IN3720200044,SDL JH 6.66% 2034,1860,SDL JH 6.66% 2034,666JH34
NSE_EQ,NSE_EQ|IN1920200442,SDL KA 6.66% 2032,1248,SDL KA 6.66% 2032,666KA32
NSE_EQ,NSE_EQ|IN3120210254,SDL TN 6.66% 2029,7050,SDL TN 6.66% 2029,666TN29
NSE_EQ,NSE_EQ|IN3120200289,SDL TN 6.66% 2030,22413,SDL TN 6.66% 2030,666TN30
NSE_EQ,NSE_EQ|IN3120250110,SDL TN 6.66% 2035,757430,SDL TN 6.66% 2035,666TN35
NSE_EQ,NSE_EQ|IN1020250065,SDL AP 6.67% 2032,756854,SDL AP 6.67% 2032,667AP32
NSE_EQ,NSE_EQ|IN0020210152,GOI LOAN  6.67% 2035,5577,GOI LOAN  6.67% 2035,667GS2035
NSE_EQ,NSE_EQ|IN0020200252,GOI LOAN  6.67% 2050,956,GOI LOAN  6.67% 2050,667GS2050
NSE_EQ,NSE_EQ|IN2220200157,SDL MH 6.67% 2031,29,SDL MH 6.67% 2031,667MH31
NSE_EQ,NSE_EQ|IN2220200330,SDL MH 6.67% 2032,1251,SDL MH 6.67% 2032,667MH32
NSE_EQ,NSE_EQ|INE0KUG08092,NABF 6.67% 2030 SR 3,757483,NABF 6.67% 2030 SR 3,667NBFID30
NSE_EQ,NSE_EQ|IN2920200374,SDL RJ 6.67% 2030,87,SDL RJ 6.67% 2030,667RJ30
NSE_EQ,NSE_EQ|IN2920200192,SDL RJ 6.67% 2050,22080,SDL RJ 6.67% 2050,667RJ50
NSE_EQ,NSE_EQ|IN3120200263,SDL TN 6.67% 2050,22375,SDL TN 6.67% 2050,667TN50
NSE_EQ,NSE_EQ|IN4520200259,SDL TS 6.67% 2050,1535,SDL TS 6.67% 2050,667TS50
NSE_EQ,NSE_EQ|IN3620200037,SDL UK 6.67% 2030,76,SDL UK 6.67% 2030,667UK30
NSE_EQ,NSE_EQ|IN3320200071,SDL UP 6.67% 2030,22414,SDL UP 6.67% 2030,667UP30
NSE_EQ,NSE_EQ|IN3320250019,SDL UP 6.67% 2032,756101,SDL UP 6.67% 2032,667UP32
NSE_EQ,NSE_EQ|IN1020200482,SDL AP 6.68% 2033,1378,SDL AP 6.68% 2033,668AP33
NSE_EQ,NSE_EQ|IN1020200334,SDL AP 6.68% 2035,22453,SDL AP 6.68% 2035,668AP35
NSE_EQ,NSE_EQ|IN1020200490,SDL AP 6.68% 2035,1432,SDL AP 6.68% 2035,668AP35A
NSE_EQ,NSE_EQ|IN1020250180,SDL AP 6.68% 2035,757429,SDL AP 6.68% 2035,668AP35B
NSE_EQ,NSE_EQ|IN1020200342,SDL AP 6.68% 2039,22455,SDL AP 6.68% 2039,668AP39
NSE_EQ,NSE_EQ|IN1420200116,SDL GA 6.68% 2030,22405,SDL GA 6.68% 2030,668GA30
NSE_EQ,NSE_EQ|IN1520250029,SDL GJ 6.68% 2033,756856,SDL GJ 6.68% 2033,668GJ33
NSE_EQ,NSE_EQ|IN0020170042,GOI LOAN 6.68% 2031,7205,GOI LOAN 6.68% 2031,668GS2031
NSE_EQ,NSE_EQ|IN1620250069,SDL HR 6.68% 2038,757035,SDL HR 6.68% 2038,668HR38
NSE_EQ,NSE_EQ|IN1620200080,SDL HR 6.68% 2039,22373,SDL HR 6.68% 2039,668HR39
NSE_EQ,NSE_EQ|IN3720200036,SDL JH 6.68% 2032,1376,SDL JH 6.68% 2032,668JH32
NSE_EQ,NSE_EQ|IN1920200483,SDL KA 6.68% 2036,1437,SDL KA 6.68% 2036,668KA36
NSE_EQ,NSE_EQ|IN2520200071,SDL MZ 6.68% 2031,1430,SDL MZ 6.68% 2031,668MZ31
NSE_EQ,NSE_EQ|IN3120200180,SDL TN 6.68% 2055,22134,SDL TN 6.68% 2055,668TN55
NSE_EQ,NSE_EQ|IN3320200097,SDL UP 6.68% 2030,92,SDL UP 6.68% 2030,668UP30
NSE_EQ,NSE_EQ|IN3420200096,SDL WB 6.68% 2030,22411,SDL WB 6.68% 2030,668WB30
NSE_EQ,NSE_EQ|IN3420200179,SDL WB 6.68% 2035,1532,SDL WB 6.68% 2035,668WB35
NSE_EQ,NSE_EQ|IN1520250037,SDL GJ 6.69% 2034,757109,SDL GJ 6.69% 2034,669GJ34
NSE_EQ,NSE_EQ|IN1520250045,SDL GJ 6.69% 2035,757110,SDL GJ 6.69% 2035,669GJ35
NSE_EQ,NSE_EQ|IN1920200467,SDL KA 6.69% 2037,1379,SDL KA 6.69% 2037,669KA37
NSE_EQ,NSE_EQ|IN2120200075,SDL MP 6.69% 2030,21992,SDL MP 6.69% 2030,669MP30
NSE_EQ,NSE_EQ|IN2820200128,SDL PN 6.69% 2030,590,SDL PN 6.69% 2030,669PN30
NSE_EQ,NSE_EQ|IN3120200297,SDL TN 6.69% 2030,179,SDL TN 6.69% 2030,669TN30
NSE_EQ,NSE_EQ|IN3120200131,SDL TN 6.69% 2050,22113,SDL TN 6.69% 2050,669TN50
NSE_EQ,NSE_EQ|IN4520200267,SDL TS 6.69% 2040,1655,SDL TS 6.69% 2040,669TS40
NSE_EQ,NSE_EQ|IN4520200143,SDL TS 6.69% 2050,22371,SDL TS 6.69% 2050,669TS50
NSE_EQ,NSE_EQ|IN3320200048,SDL UP 6.69% 2030,22097,SDL UP 6.69% 2030,669UP30
NSE_EQ,NSE_EQ|IN1220200142,SDL AS 6.6% 2030,1163,SDL AS 6.6% 2030,66AS30
NSE_EQ,NSE_EQ|IN1220200183,SDL AS 6.6% 2030,1645,SDL AS 6.6% 2030,66AS30A
NSE_EQ,NSE_EQ|IN1420200058,SDL GA 6.6% 2030,21389,SDL GA 6.6% 2030,66GA30
NSE_EQ,NSE_EQ|IN1420200124,SDL GA 6.6% 2030,20,SDL GA 6.6% 2030,66GA30A
NSE_EQ,NSE_EQ|IN1520200032,SDL GJ 6.6% 2029,21650,SDL GJ 6.6% 2029,66GJ29
NSE_EQ,NSE_EQ|IN1720200105,SDL HP 6.6% 2030,1221,SDL HP 6.6% 2030,66HP30
NSE_EQ,NSE_EQ|IN1920200574,SDL KA 6.6% 2037,1950,SDL KA 6.6% 2037,66KA37
NSE_EQ,NSE_EQ|IN2220200074,SDL MH 6.6% 2031,21937,SDL MH 6.6% 2031,66MH31
NSE_EQ,NSE_EQ|IN2420200072,SDL ML 6.6% 2030,1528,SDL ML 6.6% 2030,66ML30
NSE_EQ,NSE_EQ|IN2420200080,SDL ML 6.6% 2030,1712,SDL ML 6.6% 2030,66ML30A
NSE_EQ,NSE_EQ|IN2320200065,SDL MN 6.6% 2030,1368,SDL MN 6.6% 2030,66MN30
NSE_EQ,NSE_EQ|IN2520200022,SDL MZ 6.6% 2030,22017,SDL MZ 6.6% 2030,66MZ30
NSE_EQ,NSE_EQ|IN2820200151,SDL PN 6.6% 2030,1165,SDL PN 6.6% 2030,66PN30
NSE_EQ,NSE_EQ|IN2920200366,SDL RJ 6.6% 2030,18,SDL RJ 6.6% 2030,66RJ30
NSE_EQ,NSE_EQ|IN2920200432,SDL RJ 6.6% 2030,611,SDL RJ 6.6% 2030,66RJ30A
NSE_EQ,NSE_EQ|IN2920200515,SDL RJ 6.6% 2030,1422,SDL RJ 6.6% 2030,66RJ30B
NSE_EQ,NSE_EQ|IN2920200549,SDL RJ 6.6% 2030,1715,SDL RJ 6.6% 2030,66RJ30C
NSE_EQ,NSE_EQ|IN3020200033,SDL SK 6.6% 2030,1084,SDL SK 6.6% 2030,66SK30
NSE_EQ,NSE_EQ|IN3120200156,SDL TN 6.6% 2029,22129,SDL TN 6.6% 2029,66TN29
NSE_EQ,NSE_EQ|IN3120200115,SDL TN 6.6% 2030,22111,SDL TN 6.6% 2030,66TN30
NSE_EQ,NSE_EQ|IN3620200078,SDL UK 6.6% 2031,1854,SDL UK 6.6% 2031,66UK31
NSE_EQ,NSE_EQ|IN3320200170,SDL UP 6.6% 2030,1086,SDL UP 6.6% 2030,66UP30
NSE_EQ,NSE_EQ|IN3320200204,SDL UP 6.6% 2030,1649,SDL UP 6.6% 2030,66UP30A
NSE_EQ,NSE_EQ|IN3320200220,SDL UP 6.6% 2031,1842,SDL UP 6.6% 2031,66UP31
NSE_EQ,NSE_EQ|IN3420200187,SDL WB 6.6% 2030,1721,SDL WB 6.6% 2030,66WB30
NSE_EQ,NSE_EQ|IN1020200078,SDL AP 6.70% 2026,20600,SDL AP 6.70% 2026,670AP26
NSE_EQ,NSE_EQ|IN2920200176,SDL RJ 6.70% 2050,22070,SDL RJ 6.70% 2050,670RJ50
NSE_EQ,NSE_EQ|IN3120200164,SDL TN 6.70% 2050,22128,SDL TN 6.70% 2050,670TN50
NSE_EQ,NSE_EQ|IN1020250081,SDL AP 6.71% 2035,756858,SDL AP 6.71% 2035,671AP35
NSE_EQ,NSE_EQ|IN2320250029,SDL MN 6.71% 2040,757036,SDL MN 6.71% 2040,671MN40
NSE_EQ,NSE_EQ|IN2920200044,SDL RJ 6.71% 2030,22077,SDL RJ 6.71% 2030,671RJ30
NSE_EQ,NSE_EQ|IN3120210239,SDL TN 6.71% 2029,6741,SDL TN 6.71% 2029,671TN29
NSE_EQ,NSE_EQ|IN3120250011,SDL TN 6.71% 2035,755926,SDL TN 6.71% 2035,671TN35
NSE_EQ,NSE_EQ|IN3120250045,SDL TN 6.71% 2035,757111,SDL TN 6.71% 2035,671TN35A
NSE_EQ,NSE_EQ|IN4520200242,SDL TS 6.71% 2040,1446,SDL TS 6.71% 2040,671TS40
NSE_EQ,NSE_EQ|IN4520200150,SDL TS 6.71% 2050,22457,SDL TS 6.71% 2050,671TS50
NSE_EQ,NSE_EQ|IN3420200161,SDL WB 6.71% 2040,1443,SDL WB 6.71% 2040,671WB40
NSE_EQ,NSE_EQ|IN1020200128,SDL AP 6.72% 2028,20914,SDL AP 6.72% 2028,672AP28
NSE_EQ,NSE_EQ|IN1420200033,SDL GA 6.72% 2030,20913,SDL GA 6.72% 2030,672GA30
NSE_EQ,NSE_EQ|IN1520210015,SDL GJ 6.72% 2030,3750,SDL GJ 6.72% 2030,672GJ30
NSE_EQ,NSE_EQ|IN1620200114,SDL HR 6.72% 2035,867,SDL HR 6.72% 2035,672HR35
NSE_EQ,NSE_EQ|IN1920200426,SDL KA 6.72% 2033,1166,SDL KA 6.72% 2033,672KA33
NSE_EQ,NSE_EQ|IN2020200290,SDL KL 6.72% 2027,2901,SDL KL 6.72% 2027,672KL27
NSE_EQ,NSE_EQ|IN2220250020,SDL MH 6.72% 2038,756063,SDL MH 6.72% 2038,672MH38
NSE_EQ,NSE_EQ|IN2220250046,SDL MH 6.72% 2040,756065,SDL MH 6.72% 2040,672MH40
NSE_EQ,NSE_EQ|IN2820200060,SDL PN 6.72% 2030,21786,SDL PN 6.72% 2030,672PN30
NSE_EQ,NSE_EQ|IN2920200382,SDL RJ 6.72% 2030,171,SDL RJ 6.72% 2030,672RJ30
NSE_EQ,NSE_EQ|IN3120200305,SDL TN 6.72% 2027,420,SDL TN 6.72% 2027,672TN27
NSE_EQ,NSE_EQ|IN3220250028,SDL TR 6.72% 2040,756814,SDL TR 6.72% 2040,672TR40
NSE_EQ,NSE_EQ|IN4520200036,SDL TS 6.72% 2026,22192,SDL TS 6.72% 2026,672TS26
NSE_EQ,NSE_EQ|INE094A08176,HPCL 6.73% 2030 SR I,756705,HPCL 6.73% 2030 SR I,673HPCL30
NSE_EQ,NSE_EQ|IN2020200134,SDL KL 6.73% 2028,21903,SDL KL 6.73% 2028,673KL28
NSE_EQ,NSE_EQ|IN2120200083,SDL MP 6.73% 2030,21981,SDL MP 6.73% 2030,673MP30
NSE_EQ,NSE_EQ|IN2820200169,SDL PN 6.73% 2040,1382,SDL PN 6.73% 2040,673PN40
NSE_EQ,NSE_EQ|IN3020200025,SDL SK 6.73% 2030,173,SDL SK 6.73% 2030,673SK30
NSE_EQ,NSE_EQ|IN3120200065,SDL TN 6.73% 2030,22122,SDL TN 6.73% 2030,673TN30
NSE_EQ,NSE_EQ|IN3120200313,SDL TN 6.73% 2040,1254,SDL TN 6.73% 2040,673TN40
NSE_EQ,NSE_EQ|IN4520200226,SDL TS 6.73% 2050,1256,SDL TS 6.73% 2050,673TS50
NSE_EQ,NSE_EQ|IN1020250107,SDL AP 6.74% 2037,756859,SDL AP 6.74% 2037,674AP37
NSE_EQ,NSE_EQ|IN1420200132,SDL GA 6.74% 2030,165,SDL GA 6.74% 2030,674GA30
NSE_EQ,NSE_EQ|IN3120200123,SDL TN 6.74% 2050,22112,SDL TN 6.74% 2050,674TN50
NSE_EQ,NSE_EQ|IN4520200234,SDL TS 6.74% 2050,1386,SDL TS 6.74% 2050,674TS50
NSE_EQ,NSE_EQ|IN3620250016,SDL UK 6.74% 2035,756092,SDL UK 6.74% 2035,674UK35
NSE_EQ,NSE_EQ|IN3320200105,SDL UP 6.74% 2030,161,SDL UP 6.74% 2030,674UP30
NSE_EQ,NSE_EQ|IN1220250014,SDL AS 6.75% 2040,756061,SDL AS 6.75% 2040,675AS40
NSE_EQ,NSE_EQ|IN1320210033,SDL BR 6.75% 2027,4980,SDL BR 6.75% 2027,675BR27
NSE_EQ,NSE_EQ|IN1520240186,SDL GJ 6.75% 2027,29517,SDL GJ 6.75% 2027,675GJ27
NSE_EQ,NSE_EQ|IN1520210122,SDL GJ 6.75% 2029,6093,SDL GJ 6.75% 2029,675GJ29
NSE_EQ,NSE_EQ|IN1520210023,SDL GJ 6.75% 2031,4575,SDL GJ 6.75% 2031,675GJ31
NSE_EQ,NSE_EQ|IN0020240183,GOI LOAN   6.75% 2029,28530,GOI LOAN   6.75% 2029,675GS2029
NSE_EQ,NSE_EQ|IN1620250028,SDL HR 6.75% 2038,756094,SDL HR 6.75% 2038,675HR38
NSE_EQ,NSE_EQ|IN1920200244,SDL KA 6.75% 2033,74,SDL KA 6.75% 2033,675KA33
NSE_EQ,NSE_EQ|IN1920200327,SDL KA 6.75% 2033,618,SDL KA 6.75% 2033,675KA33A
NSE_EQ,NSE_EQ|IN1920200400,SDL KA 6.75% 2034,1092,SDL KA 6.75% 2034,675KA34
NSE_EQ,NSE_EQ|IN1920200384,SDL KA 6.75% 2035,1006,SDL KA 6.75% 2035,675KA35
NSE_EQ,NSE_EQ|IN2220250038,SDL MH 6.75% 2039,756064,SDL MH 6.75% 2039,675MH39
NSE_EQ,NSE_EQ|IN2220250087,SDL MH 6.75% 2040,756097,SDL MH 6.75% 2040,675MH40
NSE_EQ,NSE_EQ|IN2920200465,SDL RJ 6.75% 2030,969,SDL RJ 6.75% 2030,675RJ30
NSE_EQ,NSE_EQ|IN2920210027,SDL RJ 6.75% 2031,3195,SDL RJ 6.75% 2031,675RJ31
NSE_EQ,NSE_EQ|IN3220250010,SDL TR 6.75% 2040,756098,SDL TR 6.75% 2040,675TR40
NSE_EQ,NSE_EQ|IN0020200401,GOI LOAN  6.76% 2061,2317,GOI LOAN  6.76% 2061,676GS2061
NSE_EQ,NSE_EQ|IN4920250011,SDL JK 6.76% 2031,756908,SDL JK 6.76% 2031,676JK31
NSE_EQ,NSE_EQ|IN2220250012,SDL MH 6.76% 2037,756062,SDL MH 6.76% 2037,676MH37
NSE_EQ,NSE_EQ|IN2120200166,SDL MP 6.76% 2033,95,SDL MP 6.76% 2033,676MP33
NSE_EQ,NSE_EQ|IN2120200208,SDL MP 6.76% 2040,1012,SDL MP 6.76% 2040,676MP40
NSE_EQ,NSE_EQ|IN2820200136,SDL PN 6.76% 2040,877,SDL PN 6.76% 2040,676PN40
NSE_EQ,NSE_EQ|IN2920210092,SDL RJ 6.76% 2031,3641,SDL RJ 6.76% 2031,676RJ31
NSE_EQ,NSE_EQ|IN3120210197,SDL TN 6.76% 2031,5742,SDL TN 6.76% 2031,676TN31
NSE_EQ,NSE_EQ|IN1020200441,SDL AP 6.77% 2038,876,SDL AP 6.77% 2038,677AP38
NSE_EQ,NSE_EQ|IN1020200318,SDL AP 6.77% 2040,22422,SDL AP 6.77% 2040,677AP40
NSE_EQ,NSE_EQ|IN1220250030,SDL AS 6.77% 2040,757113,SDL AS 6.77% 2040,677AS40
NSE_EQ,NSE_EQ|IN1320210058,SDL BR 6.77% 2028,5227,SDL BR 6.77% 2028,677BR28
NSE_EQ,NSE_EQ|IN1620250036,SDL HR 6.77% 2039,757112,SDL HR 6.77% 2039,677HR39
NSE_EQ,NSE_EQ|IN1920200186,SDL KA 6.77% 2033,22421,SDL KA 6.77% 2033,677KA33
NSE_EQ,NSE_EQ|IN1920200228,SDL KA 6.77% 2034,35,SDL KA 6.77% 2034,677KA34
NSE_EQ,NSE_EQ|IN2020250055,SDL KL 6.77% 2037,757386,SDL KL 6.77% 2037,677KL37
NSE_EQ,NSE_EQ|IN2220250053,SDL MH 6.77% 2037,756093,SDL MH 6.77% 2037,677MH37
NSE_EQ,NSE_EQ|IN2220250061,SDL MH 6.77% 2038,756095,SDL MH 6.77% 2038,677MH38
NSE_EQ,NSE_EQ|IN2120250013,SDL MP 6.77% 2037,756864,SDL MP 6.77% 2037,677MP37
NSE_EQ,NSE_EQ|IN2120250021,SDL MP 6.77% 2039,756865,SDL MP 6.77% 2039,677MP39
NSE_EQ,NSE_EQ|IN2820250032,SDL PN 6.77% 2043,756099,SDL PN 6.77% 2043,677PN43
NSE_EQ,NSE_EQ|IN2920210076,SDL RJ 6.77% 2031,3511,SDL RJ 6.77% 2031,677RJ31
NSE_EQ,NSE_EQ|IN2920210274,SDL RJ 6.77% 2031,5743,SDL RJ 6.77% 2031,677RJ31A
NSE_EQ,NSE_EQ|IN3120210015,SDL TN 6.77% 2031,3364,SDL TN 6.77% 2031,677TN31
NSE_EQ,NSE_EQ|IN3120250052,SDL TN 6.77% 2040,757114,SDL TN 6.77% 2040,677TN40
NSE_EQ,NSE_EQ|IN3420200104,SDL WB 6.77% 2040,42,SDL WB 6.77% 2040,677WB40
NSE_EQ,NSE_EQ|IN1020250016,SDL AP 6.78% 2033,756909,SDL AP 6.78% 2033,678AP33
NSE_EQ,NSE_EQ|IN1020250131,SDL AP 6.78% 2037,757385,SDL AP 6.78% 2037,678AP37
NSE_EQ,NSE_EQ|IN1020210010,SDL AP 6.78% 2038,3196,SDL AP 6.78% 2038,678AP38
NSE_EQ,NSE_EQ|IN1020210028,SDL AP 6.78% 2039,3200,SDL AP 6.78% 2039,678AP39
NSE_EQ,NSE_EQ|IN1420210016,SDL GA 6.78% 2031,4578,SDL GA 6.78% 2031,678GA31
NSE_EQ,NSE_EQ|INE053F08494,IRFCL 6.78% 2030 SR 189,756331,IRFCL 6.78% 2030 SR 189,678IRFC30
NSE_EQ,NSE_EQ|IN4920210015,SDL JK 6.78% 2033,3244,SDL JK 6.78% 2033,678JK33
NSE_EQ,NSE_EQ|IN1920200269,SDL KA 6.78% 2032,182,SDL KA 6.78% 2032,678KA32
NSE_EQ,NSE_EQ|IN2020210018,SDL KL 6.78% 2031,3655,SDL KL 6.78% 2031,678KL31
NSE_EQ,NSE_EQ|IN2020250022,SDL KL 6.78% 2040,756866,SDL KL 6.78% 2040,678KL40
NSE_EQ,NSE_EQ|IN2020250014,SDL KL 6.78% 2046,756103,SDL KL 6.78% 2046,678KL46
NSE_EQ,NSE_EQ|IN2220210073,SDL MH 6.78% 2031,3659,SDL MH 6.78% 2031,678MH31
NSE_EQ,NSE_EQ|IN2220200199,SDL MH 6.78% 2032,185,SDL MH 6.78% 2032,678MH32
NSE_EQ,NSE_EQ|IN2220250079,SDL MH 6.78% 2039,756096,SDL MH 6.78% 2039,678MH39
NSE_EQ,NSE_EQ|IN2320210015,SDL MN 6.78% 2031,3304,SDL MN 6.78% 2031,678MN31
NSE_EQ,NSE_EQ|IN2920200051,SDL RJ 6.78% 2030,22063,SDL RJ 6.78% 2030,678RJ30
NSE_EQ,NSE_EQ|IN2920210035,SDL RJ 6.78% 2031,3241,SDL RJ 6.78% 2031,678RJ31
NSE_EQ,NSE_EQ|IN2920210050,SDL RJ 6.78% 2031,3373,SDL RJ 6.78% 2031,678RJ31A
NSE_EQ,NSE_EQ|IN2920250023,SDL RJ 6.78% 2047,756104,SDL RJ 6.78% 2047,678RJ47
NSE_EQ,NSE_EQ|IN3020210016,SDL SK 6.78% 2031,3643,SDL SK 6.78% 2031,678SK31
NSE_EQ,NSE_EQ|IN4520200192,SDL TS 6.78% 2050,878,SDL TS 6.78% 2050,678TS50
NSE_EQ,NSE_EQ|IN3420200153,SDL WB 6.78% 2035,1169,SDL WB 6.78% 2035,678WB35
NSE_EQ,NSE_EQ|IN1020200466,SDL AP 6.79% 2034,1004,SDL AP 6.79% 2034,679AP34
NSE_EQ,NSE_EQ|IN1020250024,SDL AP 6.79% 2034,756906,SDL AP 6.79% 2034,679AP34A
NSE_EQ,NSE_EQ|IN1020250099,SDL AP 6.79% 2036,756863,SDL AP 6.79% 2036,679AP36
NSE_EQ,NSE_EQ|IN1220250022,SDL AS 6.79% 2045,756867,SDL AS 6.79% 2045,679AS45
NSE_EQ,NSE_EQ|IN0020170026,GOI LOAN 6.79% 2027,7202,GOI LOAN 6.79% 2027,679GS2027
NSE_EQ,NSE_EQ|IN0020160118,GOI LOAN 6.79% 2029,7195,GOI LOAN 6.79% 2029,679GS2029
NSE_EQ,NSE_EQ|IN0020240191,GOI LOAN   6.79% 2031,28894,GOI LOAN   6.79% 2031,679GS2031
NSE_EQ,NSE_EQ|IN0020240126,GOI LOAN  6.79% 2034,25736,GOI LOAN  6.79% 2034,679GS2034
NSE_EQ,NSE_EQ|IN0020240159,GOI LOAN   6.79% 2034,27273,GOI LOAN   6.79% 2034,679GS2034A
NSE_EQ,NSE_EQ|IN1720250035,SDL HP 6.79% 2034,756102,SDL HP 6.79% 2034,679HP34
NSE_EQ,NSE_EQ|IN1620210022,SDL HR 6.79% 2031,3517,SDL HR 6.79% 2031,679HR31
NSE_EQ,NSE_EQ|IN4920200032,SDL JK 6.79% 2030,22182,SDL JK 6.79% 2030,679JK30
NSE_EQ,NSE_EQ|IN2120200158,SDL MP 6.79% 2033,32,SDL MP 6.79% 2033,679MP33
NSE_EQ,NSE_EQ|IN2120200216,SDL MP 6.79% 2040,1095,SDL MP 6.79% 2040,679MP40
NSE_EQ,NSE_EQ|IN2820200144,SDL PN 6.79% 2035,1007,SDL PN 6.79% 2035,679PN35
NSE_EQ,NSE_EQ|IN2820250040,SDL PN 6.79% 2045,756860,SDL PN 6.79% 2045,679PN45
NSE_EQ,NSE_EQ|IN3120250029,SDL TN 6.79% 2055,756709,SDL TN 6.79% 2055,679TN55
NSE_EQ,NSE_EQ|IN4520250049,SDL TS 6.79% 2052,756105,SDL TS 6.79% 2052,679TS52
NSE_EQ,NSE_EQ|IN4520250064,SDL TS 6.79% 2053,756861,SDL TS 6.79% 2053,679TS53
NSE_EQ,NSE_EQ|IN4520250056,SDL TS 6.79% 2056,756710,SDL TS 6.79% 2056,679TS56
NSE_EQ,NSE_EQ|IN3420210046,SDL WB 6.79% 2028,4877,SDL WB 6.79% 2028,679WB28
NSE_EQ,NSE_EQ|IN3420210095,SDL WB 6.79% 2028,5344,SDL WB 6.79% 2028,679WB28A
NSE_EQ,NSE_EQ|IN1220200290,SDL AS 6.7% 2027,2374,SDL AS 6.7% 2027,67AS27
NSE_EQ,NSE_EQ|IN1520200156,SDL GJ 6.7% 2030,167,SDL GJ 6.7% 2030,67GJ30
NSE_EQ,NSE_EQ|IN1620200098,SDL HR 6.7% 2030,26,SDL HR 6.7% 2030,67HR30
NSE_EQ,NSE_EQ|IN1620250044,SDL HR 6.7% 2039,756813,SDL HR 6.7% 2039,67HR39
NSE_EQ,NSE_EQ|IN4920200073,SDL JK 6.7% 2030,23,SDL JK 6.7% 2030,67JK30
NSE_EQ,NSE_EQ|IN4920200115,SDL JK 6.7% 2032,1253,SDL JK 6.7% 2032,67JK32
NSE_EQ,NSE_EQ|IN1920200251,SDL KA 6.7% 2030,170,SDL KA 6.7% 2030,67KA30
NSE_EQ,NSE_EQ|IN2020200050,SDL KL 6.7% 2027,21916,SDL KL 6.7% 2027,67KL27
NSE_EQ,NSE_EQ|IN2220200181,SDL MH 6.7% 2028,158,SDL MH 6.7% 2028,67MH28
NSE_EQ,NSE_EQ|IN2420200031,SDL ML 6.7% 2030,83,SDL ML 6.7% 2030,67ML30
NSE_EQ,NSE_EQ|IN2620200039,SDL NL 6.7% 2030,86,SDL NL 6.7% 2030,67NL30
NSE_EQ,NSE_EQ|IN2820200078,SDL PN 6.7% 2030,21719,SDL PN 6.7% 2030,67PN30
NSE_EQ,NSE_EQ|IN2820200102,SDL PN 6.7% 2040,22456,SDL PN 6.7% 2040,67PN40
NSE_EQ,NSE_EQ|IN2920250015,SDL RJ 6.7% 2035,756091,SDL RJ 6.7% 2035,67RJ35
NSE_EQ,NSE_EQ|IN3220200015,SDL TR 6.7% 2030,89,SDL TR 6.7% 2030,67TR30
NSE_EQ,NSE_EQ|INE557F08GE4,NHB 6.80% 2032,756996,NHB 6.80% 2032,680NHB32
NSE_EQ,NSE_EQ|IN1620250010,SDL HR 6.81% 2039,755854,SDL HR 6.81% 2039,681HR39
NSE_EQ,NSE_EQ|IN2020210042,SDL KL 6.81% 2031,4581,SDL KL 6.81% 2031,681KL31
NSE_EQ,NSE_EQ|IN2220200215,SDL MH 6.81% 2028,427,SDL MH 6.81% 2028,681MH28
NSE_EQ,NSE_EQ|IN2220210099,SDL MH 6.81% 2031,3704,SDL MH 6.81% 2031,681MH31
NSE_EQ,NSE_EQ|IN2820210010,SDL PN 6.81% 2031,3755,SDL PN 6.81% 2031,681PN31
NSE_EQ,NSE_EQ|INE020B08FV8,REC 6.81% 2036 SR 248B,757915,REC 6.81% 2036 SR 248B,681RL36
NSE_EQ,NSE_EQ|IN3220200031,SDL TR 6.81% 2035,1172,SDL TR 6.81% 2035,681TR35
NSE_EQ,NSE_EQ|IN1020250123,SDL AP 6.82% 2036,757384,SDL AP 6.82% 2036,682AP36
NSE_EQ,NSE_EQ|IN1320210041,SDL BR 6.82% 2028,5026,SDL BR 6.82% 2028,682BR28
NSE_EQ,NSE_EQ|IN3520210029,SDL CG 6.82% 2028,4984,SDL CG 6.82% 2028,682CG28
NSE_EQ,NSE_EQ|IN1520240046,SDL GJ 6.82% 2027,25828,SDL GJ 6.82% 2027,682GJ27
NSE_EQ,NSE_EQ|IN3720200085,SDL JH 6.82% 2034,3082,SDL JH 6.82% 2034,682JH34
NSE_EQ,NSE_EQ|IN2020200316,SDL KL 6.82% 2032,3077,SDL KL 6.82% 2032,682KL32
NSE_EQ,NSE_EQ|IN2020200324,SDL KL 6.82% 2035,3083,SDL KL 6.82% 2035,682KL35
NSE_EQ,NSE_EQ|IN2220210016,SDL MH 6.82% 2032,3376,SDL MH 6.82% 2032,682MH32
NSE_EQ,NSE_EQ|IN2420210014,SDL ML 6.82% 2031,3238,SDL ML 6.82% 2031,682ML31
NSE_EQ,NSE_EQ|IN2820200243,SDL PN 6.82% 2036,3085,SDL PN 6.82% 2036,682PN36
NSE_EQ,NSE_EQ|IN2920210043,SDL RJ 6.82% 2031,3259,SDL RJ 6.82% 2031,682RJ31
NSE_EQ,NSE_EQ|IN1020250073,SDL AP 6.83% 2034,756857,SDL AP 6.83% 2034,683AP34
NSE_EQ,NSE_EQ|IN1320210116,SDL BR 6.83% 2030,7043,SDL BR 6.83% 2030,683BR30
NSE_EQ,NSE_EQ|IN1420210115,SDL GA 6.83% 2031,5882,SDL GA 6.83% 2031,683GA31
NSE_EQ,NSE_EQ|IN1520200164,SDL GJ 6.83% 2030,297,SDL GJ 6.83% 2030,683GJ30
NSE_EQ,NSE_EQ|IN0020080050,GOI 6.83% 2039,6935,GOI 6.83% 2039,683GS2039
NSE_EQ,NSE_EQ|IN4920250029,SDL JK 6.83% 2042,755855,SDL JK 6.83% 2042,683JK42
NSE_EQ,NSE_EQ|IN1920210128,SDL KA 6.83% 2031,6988,SDL KA 6.83% 2031,683KA31
NSE_EQ,NSE_EQ|IN1920210136,SDL KA 6.83% 2031,7045,SDL KA 6.83% 2031,683KA31A
NSE_EQ,NSE_EQ|IN1920210151,SDL KA 6.83% 2031,7155,SDL KA 6.83% 2031,683KA31B
NSE_EQ,NSE_EQ|IN2220210131,SDL MH 6.83% 2031,4752,SDL MH 6.83% 2031,683MH31
NSE_EQ,NSE_EQ|IN2220210057,SDL MH 6.83% 2032,3567,SDL MH 6.83% 2032,683MH32
NSE_EQ,NSE_EQ|IN2220210081,SDL MH 6.83% 2032,3665,SDL MH 6.83% 2032,683MH32A
NSE_EQ,NSE_EQ|IN2220210123,SDL MH 6.83% 2032,4580,SDL MH 6.83% 2032,683MH32B
NSE_EQ,NSE_EQ|IN2320250011,SDL MN 6.83% 2040,757115,SDL MN 6.83% 2040,683MN40
NSE_EQ,NSE_EQ|IN3120210098,SDL TN 6.83% 2031,4755,SDL TN 6.83% 2031,683TN31
NSE_EQ,NSE_EQ|IN3120210262,SDL TN 6.83% 2031,7156,SDL TN 6.83% 2031,683TN31A
NSE_EQ,NSE_EQ|IN3420210053,SDL WB 6.83% 2028,4989,SDL WB 6.83% 2028,683WB28
NSE_EQ,NSE_EQ|IN3420200294,SDL WB 6.83% 2031,2925,SDL WB 6.83% 2031,683WB31
NSE_EQ,NSE_EQ|IN3420210012,SDL WB 6.83% 2031,3519,SDL WB 6.83% 2031,683WB31A
NSE_EQ,NSE_EQ|IN1020250032,SDL AP 6.84% 2037,756911,SDL AP 6.84% 2037,684AP37
NSE_EQ,NSE_EQ|IN1020250149,SDL AP 6.84% 2038,757387,SDL AP 6.84% 2038,684AP38
NSE_EQ,NSE_EQ|IN1020250156,SDL AP 6.84% 2039,757388,SDL AP 6.84% 2039,684AP39
NSE_EQ,NSE_EQ|IN1120210019,SDL AR 6.84% 2031,3257,SDL AR 6.84% 2031,684AR31
NSE_EQ,NSE_EQ|IN1320210124,SDL BR 6.84% 2030,7152,SDL BR 6.84% 2030,684BR30
NSE_EQ,NSE_EQ|IN1420200306,SDL GA 6.84% 2031,3076,SDL GA 6.84% 2031,684GA31
NSE_EQ,NSE_EQ|IN1520200172,SDL GJ 6.84% 2030,454,SDL GJ 6.84% 2030,684GJ30
NSE_EQ,NSE_EQ|IN1520200305,SDL GJ 6.84% 2031,2928,SDL GJ 6.84% 2031,684GJ31
NSE_EQ,NSE_EQ|IN1520210106,SDL GJ 6.84% 2031,5558,SDL GJ 6.84% 2031,684GJ31A
NSE_EQ,NSE_EQ|IN1720250019,SDL HP 6.84% 2035,756910,SDL HP 6.84% 2035,684HP35
NSE_EQ,NSE_EQ|IN1620210030,SDL HR 6.84% 2032,3571,SDL HR 6.84% 2032,684HR32
NSE_EQ,NSE_EQ|IN4920200164,SDL JK 6.84% 2031,3073,SDL JK 6.84% 2031,684JK31
NSE_EQ,NSE_EQ|IN4920250045,SDL JK 6.84% 2042,757037,SDL JK 6.84% 2042,684JK42
NSE_EQ,NSE_EQ|IN2020190228,SDL KL 6.84% 2030,21913,SDL KL 6.84% 2030,684KL30
NSE_EQ,NSE_EQ|IN2020210026,SDL KL 6.84% 2033,3656,SDL KL 6.84% 2033,684KL33
NSE_EQ,NSE_EQ|IN2020250030,SDL KL 6.84% 2047,756815,SDL KL 6.84% 2047,684KL47
NSE_EQ,NSE_EQ|IN2220210032,SDL MH 6.84% 2032,3520,SDL MH 6.84% 2032,684MH32
NSE_EQ,NSE_EQ|IN2520200063,SDL MZ 6.84% 2034,1090,SDL MZ 6.84% 2034,684MZ34
NSE_EQ,NSE_EQ|IN2820210085,SDL PN 6.84% 2031,5883,SDL PN 6.84% 2031,684PN31
NSE_EQ,NSE_EQ|IN2920190443,SDL RJ 6.84% 2030,22068,SDL RJ 6.84% 2030,684RJ30
NSE_EQ,NSE_EQ|IN2920210100,SDL RJ 6.84% 2031,3713,SDL RJ 6.84% 2031,684RJ31
NSE_EQ,NSE_EQ|IN2920210159,SDL RJ 6.84% 2031,4571,SDL RJ 6.84% 2031,684RJ31A
NSE_EQ,NSE_EQ|IN2920210399,SDL RJ 6.84% 2031,6990,SDL RJ 6.84% 2031,684RJ31B
NSE_EQ,NSE_EQ|IN4520200168,SDL TS 6.84% 2040,68,SDL TS 6.84% 2040,684TS40
NSE_EQ,NSE_EQ|IN4520250031,SDL TS 6.84% 2056,755925,SDL TS 6.84% 2056,684TS56
NSE_EQ,NSE_EQ|IN3620200086,SDL UK 6.84% 2031,2919,SDL UK 6.84% 2031,684UK31
NSE_EQ,NSE_EQ|IN3320210112,SDL UP 6.84% 2031,5887,SDL UP 6.84% 2031,684UP31
NSE_EQ,NSE_EQ|IN1020200359,SDL AP 6.85% 2036,38,SDL AP 6.85% 2036,685AP36
NSE_EQ,NSE_EQ|IN1020250057,SDL AP 6.85% 2041,756913,SDL AP 6.85% 2041,685AP41
NSE_EQ,NSE_EQ|IN1120200044,SDL AR 6.85% 2031,2922,SDL AR 6.85% 2031,685AR31
NSE_EQ,NSE_EQ|IN1220210224,SDL AS 6.85% 2029,8186,SDL AS 6.85% 2029,685AS29
NSE_EQ,NSE_EQ|IN1220200365,SDL AS 6.85% 2031,2930,SDL AS 6.85% 2031,685AS31
NSE_EQ,NSE_EQ|IN1220210075,SDL AS 6.85% 2031,5881,SDL AS 6.85% 2031,685AS31A
NSE_EQ,NSE_EQ|IN1320210066,SDL BR 6.85% 2030,5556,SDL BR 6.85% 2030,685BR30
NSE_EQ,NSE_EQ|IN1420200264,SDL GA 6.85% 2031,2077,SDL GA 6.85% 2031,685GA31
NSE_EQ,NSE_EQ|IN1420200298,SDL GA 6.85% 2031,2910,SDL GA 6.85% 2031,685GA31A
NSE_EQ,NSE_EQ|IN1420210107,SDL GA 6.85% 2031,5674,SDL GA 6.85% 2031,685GA31B
NSE_EQ,NSE_EQ|IN1420210149,SDL GA 6.85% 2031,7154,SDL GA 6.85% 2031,685GA31C
NSE_EQ,NSE_EQ|IN1920200277,SDL KA 6.85% 2030,300,SDL KA 6.85% 2030,685KA30
NSE_EQ,NSE_EQ|IN2420200130,SDL ML 6.85% 2031,2937,SDL ML 6.85% 2031,685ML31
NSE_EQ,NSE_EQ|IN2120210033,SDL MP 6.85% 2031,5677,SDL MP 6.85% 2031,685MP31
NSE_EQ,NSE_EQ|IN2620210012,SDL NL 6.85% 2031,3265,SDL NL 6.85% 2031,685NL31
NSE_EQ,NSE_EQ|IN2620210020,SDL NL 6.85% 2031,3710,SDL NL 6.85% 2031,685NL31A
NSE_EQ,NSE_EQ|IN2920200408,SDL RJ 6.85% 2030,302,SDL RJ 6.85% 2030,685RJ30
NSE_EQ,NSE_EQ|IN2920200622,SDL RJ 6.85% 2031,2079,SDL RJ 6.85% 2031,685RJ31
NSE_EQ,NSE_EQ|IN2920250031,SDL RJ 6.85% 2047,756816,SDL RJ 6.85% 2047,685RJ47
NSE_EQ,NSE_EQ|IN2920250049,SDL RJ 6.85% 2051,756817,SDL RJ 6.85% 2051,685RJ51
NSE_EQ,NSE_EQ|IN3120200354,SDL TN 6.85% 2051,2097,SDL TN 6.85% 2051,685TN51
NSE_EQ,NSE_EQ|IN4520250106,SDL TS 6.85% 2050,757119,SDL TS 6.85% 2050,685TS50
NSE_EQ,NSE_EQ|IN3420200013,SDL WB 6.85% 2030,22219,SDL WB 6.85% 2030,685WB30
NSE_EQ,NSE_EQ|IN3420200021,SDL WB 6.85% 2030,22226,SDL WB 6.85% 2030,685WB30A
NSE_EQ,NSE_EQ|IN3420210129,SDL WB 6.85% 2031,5566,SDL WB 6.85% 2031,685WB31
NSE_EQ,NSE_EQ|IN1020210275,SDL AP 6.86% 2035,5736,SDL AP 6.86% 2035,686AP35
NSE_EQ,NSE_EQ|IN1720210039,SDL HP 6.86% 2030,6878,SDL HP 6.86% 2030,686HP30
NSE_EQ,NSE_EQ|IN3720200077,SDL JH 6.86% 2036,2916,SDL JH 6.86% 2036,686JH36
NSE_EQ,NSE_EQ|IN1920200293,SDL KA 6.86% 2030,449,SDL KA 6.86% 2030,686KA30
NSE_EQ,NSE_EQ|IN2020210141,SDL KL 6.86% 2035,5737,SDL KL 6.86% 2035,686KL35
NSE_EQ,NSE_EQ|IN2220210107,SDL MH 6.86% 2032,3707,SDL MH 6.86% 2032,686MH32
NSE_EQ,NSE_EQ|INE848E08367,NHPC 6.86% 2031 SR  A,756934,NHPC 6.86% 2031 SR  A,686NHPCL31
NSE_EQ,NSE_EQ|INE848E08359,NHPC 6.86% 2032 SR  B,756932,NHPC 6.86% 2032 SR  B,686NHPCL32
NSE_EQ,NSE_EQ|INE848E08342,NHPC 6.86% 2033 SR  C,756923,NHPC 6.86% 2033 SR  C,686NHPCL33
NSE_EQ,NSE_EQ|INE848E08284,NHPC 6.86% 2034 SR  D,756886,NHPC 6.86% 2034 SR  D,686NHPCL34
NSE_EQ,NSE_EQ|INE848E08292,NHPC 6.86% 2035 SR  E,756888,NHPC 6.86% 2035 SR  E,686NHPCL35
NSE_EQ,NSE_EQ|INE848E08300,NHPC 6.86% 2036 SR  F,756903,NHPC 6.86% 2036 SR  F,686NHPCL36
NSE_EQ,NSE_EQ|INE848E08318,NHPC 6.86% 2037 SR  G,756905,NHPC 6.86% 2037 SR  G,686NHPCL37
NSE_EQ,NSE_EQ|INE848E08326,NHPC 6.86% 2038 SR  H,756919,NHPC 6.86% 2038 SR  H,686NHPCL38
NSE_EQ,NSE_EQ|INE848E08334,NHPC 6.86% 2039 SR  I,756921,NHPC 6.86% 2039 SR  I,686NHPCL39
NSE_EQ,NSE_EQ|INE848E08276,NHPC 6.86% 2040 SR  J,756884,NHPC 6.86% 2040 SR  J,686NHPCL40
NSE_EQ,NSE_EQ|IN2820200235,SDL PN 6.86% 2033,2940,SDL PN 6.86% 2033,686PN33
NSE_EQ,NSE_EQ|IN3820200084,SDL PY 6.86% 2034,2943,SDL PY 6.86% 2034,686PY34
NSE_EQ,NSE_EQ|INE020B08FT2,REC 6.86% 2035 SR 247 B,756720,REC 6.86% 2035 SR 247 B,686REC35
NSE_EQ,NSE_EQ|IN2920210282,SDL RJ 6.86% 2036,5740,SDL RJ 6.86% 2036,686RJ36
NSE_EQ,NSE_EQ|IN2920250064,SDL RJ 6.86% 2052,757041,SDL RJ 6.86% 2052,686RJ52
NSE_EQ,NSE_EQ|IN4520200325,SDL TS 6.86% 2041,2095,SDL TS 6.86% 2041,686TS41
NSE_EQ,NSE_EQ|IN4520250080,SDL TS 6.86% 2046,757117,SDL TS 6.86% 2046,686TS46
NSE_EQ,NSE_EQ|IN4520250098,SDL TS 6.86% 2047,757118,SDL TS 6.86% 2047,686TS47
NSE_EQ,NSE_EQ|IN3320200030,SDL UP 6.86% 2030,22094,SDL UP 6.86% 2030,686UP30
NSE_EQ,NSE_EQ|IN1020200425,SDL AP 6.87% 2035,746,SDL AP 6.87% 2035,687AP35
NSE_EQ,NSE_EQ|IN1020200573,SDL AP 6.87% 2037,2096,SDL AP 6.87% 2037,687AP37
NSE_EQ,NSE_EQ|IN1020200367,SDL AP 6.87% 2038,41,SDL AP 6.87% 2038,687AP38
NSE_EQ,NSE_EQ|IN1020210283,SDL AP 6.87% 2040,5741,SDL AP 6.87% 2040,687AP40
NSE_EQ,NSE_EQ|IN1220210067,SDL AS 6.87% 2031,5670,SDL AS 6.87% 2031,687AS31
NSE_EQ,NSE_EQ|IN1220210166,SDL AS 6.87% 2031,7041,SDL AS 6.87% 2031,687AS31A
NSE_EQ,NSE_EQ|IN1320210074,SDL BR 6.87% 2030,5970,SDL BR 6.87% 2030,687BR30
NSE_EQ,NSE_EQ|IN1320210108,SDL BR 6.87% 2030,6877,SDL BR 6.87% 2030,687BR30A
NSE_EQ,NSE_EQ|IN1520240285,SDL GJ 6.87% 2028,30080,SDL GJ 6.87% 2028,687GJ28
NSE_EQ,NSE_EQ|IN1520240293,SDL GJ 6.87% 2028,30413,SDL GJ 6.87% 2028,687GJ28A
NSE_EQ,NSE_EQ|IN1620210105,SDL HR 6.87% 2031,5536,SDL HR 6.87% 2031,687HR31
NSE_EQ,NSE_EQ|IN3720210019,SDL JH 6.87% 2031,5676,SDL JH 6.87% 2031,687JH31
NSE_EQ,NSE_EQ|IN1920210102,SDL KA 6.87% 2031,6887,SDL KA 6.87% 2031,687KA31
NSE_EQ,NSE_EQ|IN2220200223,SDL MH 6.87% 2030,448,SDL MH 6.87% 2030,687MH30
NSE_EQ,NSE_EQ|IN2220210024,SDL MH 6.87% 2033,3379,SDL MH 6.87% 2033,687MH33
NSE_EQ,NSE_EQ|IN2220210065,SDL MH 6.87% 2033,3574,SDL MH 6.87% 2033,687MH33A
NSE_EQ,NSE_EQ|IN2320210049,SDL MN 6.87% 2031,5691,SDL MN 6.87% 2031,687MN31
NSE_EQ,NSE_EQ|INE020B08FU0,REC 6.87% 2030 SR 247 A,756722,REC 6.87% 2030 SR 247 A,687REC30
NSE_EQ,NSE_EQ|IN2920190286,SDL RJ 6.87% 2025,22067,SDL RJ 6.87% 2025,687RJ25
NSE_EQ,NSE_EQ|IN2920210266,SDL RJ 6.87% 2031,5561,SDL RJ 6.87% 2031,687RJ31
NSE_EQ,NSE_EQ|IN3020210032,SDL SK 6.87% 2031,6991,SDL SK 6.87% 2031,687SK31
NSE_EQ,NSE_EQ|IN3120240749,SDL TN 6.87% 2028,30414,SDL TN 6.87% 2028,687TN28
NSE_EQ,NSE_EQ|IN4520250015,SDL TS 6.87% 2047,755856,SDL TS 6.87% 2047,687TS47
NSE_EQ,NSE_EQ|IN4520250023,SDL TS 6.87% 2055,755857,SDL TS 6.87% 2055,687TS55
NSE_EQ,NSE_EQ|IN3320210104,SDL UP 6.87% 2031,5695,SDL UP 6.87% 2031,687UP31
NSE_EQ,NSE_EQ|IN1020190535,SDL AP 6.88% 2034,21138,SDL AP 6.88% 2034,688AP34
NSE_EQ,NSE_EQ|IN1020190543,SDL AP 6.88% 2035,21054,SDL AP 6.88% 2035,688AP35
NSE_EQ,NSE_EQ|IN1020250040,SDL AP 6.88% 2040,756912,SDL AP 6.88% 2040,688AP40
NSE_EQ,NSE_EQ|IN1420210099,SDL GA 6.88% 2031,5557,SDL GA 6.88% 2031,688GA31
NSE_EQ,NSE_EQ|IN1520210031,SDL GJ 6.88% 2031,4893,SDL GJ 6.88% 2031,688GJ31
NSE_EQ,NSE_EQ|IN1920210011,SDL KA 6.88% 2031,5986,SDL KA 6.88% 2031,688KA31
NSE_EQ,NSE_EQ|IN1920210144,SDL KA 6.88% 2032,7047,SDL KA 6.88% 2032,688KA32
NSE_EQ,NSE_EQ|IN2220210040,SDL MH 6.88% 2033,3522,SDL MH 6.88% 2033,688MH33
NSE_EQ,NSE_EQ|IN2420250010,SDL ML 6.88% 2035,756907,SDL ML 6.88% 2035,688ML35
NSE_EQ,NSE_EQ|IN2320200081,SDL MN 6.88% 2031,2078,SDL MN 6.88% 2031,688MN31
NSE_EQ,NSE_EQ|IN2120250039,SDL MP 6.88% 2041,757389,SDL MP 6.88% 2041,688MP41
NSE_EQ,NSE_EQ|IN2820250016,SDL PN 6.88% 2045,756914,SDL PN 6.88% 2045,688PN45
NSE_EQ,NSE_EQ|IN2820250057,SDL PN 6.88% 2045,757116,SDL PN 6.88% 2045,688PN45A
NSE_EQ,NSE_EQ|IN2820250024,SDL PN 6.88% 2046,756915,SDL PN 6.88% 2046,688PN46
NSE_EQ,NSE_EQ|IN3820190079,SDL PY 6.88% 2031,22026,SDL PY 6.88% 2031,688PY31
NSE_EQ,NSE_EQ|IN2920200630,SDL RJ 6.88% 2046,2089,SDL RJ 6.88% 2046,688RJ46
NSE_EQ,NSE_EQ|IN3620190121,SDL UK 6.88% 2030,22168,SDL UK 6.88% 2030,688UK30
NSE_EQ,NSE_EQ|IN3320200279,SDL UP 6.88% 2031,2080,SDL UP 6.88% 2031,688UP31
NSE_EQ,NSE_EQ|IN3320210013,SDL UP 6.88% 2031,4757,SDL UP 6.88% 2031,688UP31A
NSE_EQ,NSE_EQ|IN3420200146,SDL WB 6.88% 2040,1015,SDL WB 6.88% 2040,688WB40
NSE_EQ,NSE_EQ|IN1020200565,SDL AP 6.89% 2035,2086,SDL AP 6.89% 2035,689AP35
NSE_EQ,NSE_EQ|IN1320200141,SDL BR 6.89% 2028,2065,SDL BR 6.89% 2028,689BR28
NSE_EQ,NSE_EQ|IN1420200140,SDL GA 6.89% 2030,303,SDL GA 6.89% 2030,689GA30
NSE_EQ,NSE_EQ|IN1420210032,SDL GA 6.89% 2031,4750,SDL GA 6.89% 2031,689GA31
NSE_EQ,NSE_EQ|IN1420210123,SDL GA 6.89% 2031,5972,SDL GA 6.89% 2031,689GA31A
NSE_EQ,NSE_EQ|IN1520210114,SDL GJ 6.89% 2031,5977,SDL GJ 6.89% 2031,689GJ31
NSE_EQ,NSE_EQ|IN1920210169,SDL KA 6.89% 2033,7159,SDL KA 6.89% 2033,689KA33
NSE_EQ,NSE_EQ|IN2020250048,SDL KL 6.89% 2051,757040,SDL KL 6.89% 2051,689KL51
NSE_EQ,NSE_EQ|IN2220210156,SDL MH 6.89% 2031,4881,SDL MH 6.89% 2031,689MH31
NSE_EQ,NSE_EQ|IN2220210149,SDL MH 6.89% 2032,4760,SDL MH 6.89% 2032,689MH32
NSE_EQ,NSE_EQ|IN2120190177,SDL MP 6.89% 2035,21983,SDL MP 6.89% 2035,689MP35
NSE_EQ,NSE_EQ|IN2120200190,SDL MP 6.89% 2040,767,SDL MP 6.89% 2040,689MP40
NSE_EQ,NSE_EQ|IN2720240059,SDL OR 6.89% 2028,29696,SDL OR 6.89% 2028,689OR28A
NSE_EQ,NSE_EQ|IN2820210069,SDL PN 6.89% 2031,5560,SDL PN 6.89% 2031,689PN31
NSE_EQ,NSE_EQ|IN2820250065,SDL PN 6.89% 2046,757038,SDL PN 6.89% 2046,689PN46
NSE_EQ,NSE_EQ|IN2920250056,SDL RJ 6.89% 2048,757039,SDL RJ 6.89% 2048,689RJ48
NSE_EQ,NSE_EQ|IN3120190183,SDL TN 6.89% 2025,22118,SDL TN 6.89% 2025,689TN25
NSE_EQ,NSE_EQ|IN3120240681,SDL TN 6.89% 2028,30175,SDL TN 6.89% 2028,689TN28
NSE_EQ,NSE_EQ|IN4520210019,SDL TS 6.89% 2051,3266,SDL TS 6.89% 2051,689TS51
NSE_EQ,NSE_EQ|IN3320210096,SDL UP 6.89% 2031,5565,SDL UP 6.89% 2031,689UP31
NSE_EQ,NSE_EQ|IN3420200237,SDL WB 6.89% 2041,2092,SDL WB 6.89% 2041,689WB41
NSE_EQ,NSE_EQ|IN1220200050,SDL AS 6.8% 2030,164,SDL AS 6.8% 2030,68AS30
NSE_EQ,NSE_EQ|IN0020200187,GOI LOAN  6.8% 2060,22438,GOI LOAN  6.8% 2060,68GS2060
NSE_EQ,NSE_EQ|IN4920200107,SDL JK 6.8% 2035,1009,SDL JK 6.8% 2035,68JK35
NSE_EQ,NSE_EQ|IN2020200308,SDL KL 6.8% 2031,3070,SDL KL 6.8% 2031,68KL31
NSE_EQ,NSE_EQ|IN2220210115,SDL MH 6.8% 2031,4579,SDL MH 6.8% 2031,68MH31
NSE_EQ,NSE_EQ|IN2320200024,SDL MN 6.8% 2030,21924,SDL MN 6.8% 2030,68MN30
NSE_EQ,NSE_EQ|IN2620210046,SDL NL 6.8% 2031,5744,SDL NL 6.8% 2031,68NL31
NSE_EQ,NSE_EQ|IN2820200052,SDL PN 6.8% 2026,21711,SDL PN 6.8% 2026,68PN26
NSE_EQ,NSE_EQ|IN2920210126,SDL RJ 6.8% 2031,3752,SDL RJ 6.8% 2031,68RJ31
NSE_EQ,NSE_EQ|IN3020210024,SDL SK 6.8% 2031,5745,SDL SK 6.8% 2031,68SK31
NSE_EQ,NSE_EQ|IN4520200200,SDL TS 6.8% 2050,1018,SDL TS 6.8% 2050,68TS50
NSE_EQ,NSE_EQ|IN4520200218,SDL TS 6.8% 2050,1098,SDL TS 6.8% 2050,68TS50A
NSE_EQ,NSE_EQ|IN4520250072,SDL TS 6.8% 2057,756862,SDL TS 6.8% 2057,68TS57
NSE_EQ,NSE_EQ|IN3620200094,SDL UK 6.8% 2031,3067,SDL UK 6.8% 2031,68UK31
NSE_EQ,NSE_EQ|IN1020200086,SDL AP 6.90% 2027,20599,SDL AP 6.90% 2027,690AP27
NSE_EQ,NSE_EQ|IN0020250018,GOI LOAN  6.90% 2065,756014,GOI LOAN  6.90% 2065,690GS2065
NSE_EQ,NSE_EQ|IN3320190256,SDL UP 6.90% 2030,22093,SDL UP 6.90% 2030,690UP30
NSE_EQ,NSE_EQ|IN1020200417,SDL AP 6.91% 2039,626,SDL AP 6.91% 2039,691AP39
NSE_EQ,NSE_EQ|IN1020210044,SDL AP 6.91% 2040,3388,SDL AP 6.91% 2040,691AP40
NSE_EQ,NSE_EQ|IN1220200084,SDL AS 6.91% 2030,431,SDL AS 6.91% 2030,691AS30
NSE_EQ,NSE_EQ|IN1220210083,SDL AS 6.91% 2031,5969,SDL AS 6.91% 2031,691AS31
NSE_EQ,NSE_EQ|IN1520210049,SDL GJ 6.91% 2030,4991,SDL GJ 6.91% 2030,691GJ30
NSE_EQ,NSE_EQ|IN1720210047,SDL HP 6.91% 2031,6879,SDL HP 6.91% 2031,691HP31
NSE_EQ,NSE_EQ|IN2220210248,SDL MH 6.91% 2033,5678,SDL MH 6.91% 2033,691MH33
NSE_EQ,NSE_EQ|IN2220210255,SDL MH 6.91% 2034,5679,SDL MH 6.91% 2034,691MH34
NSE_EQ,NSE_EQ|IN2120200182,SDL MP 6.91% 2040,629,SDL MP 6.91% 2040,691MP40
NSE_EQ,NSE_EQ|IN2620200047,SDL NL 6.91% 2030,437,SDL NL 6.91% 2030,691NL30
NSE_EQ,NSE_EQ|IN2920210191,SDL RJ 6.91% 2031,4866,SDL RJ 6.91% 2031,691RJ31
NSE_EQ,NSE_EQ|IN2920210258,SDL RJ 6.91% 2031,5541,SDL RJ 6.91% 2031,691RJ31A
NSE_EQ,NSE_EQ|IN2920210324,SDL RJ 6.91% 2031,5995,SDL RJ 6.91% 2031,691RJ31B
NSE_EQ,NSE_EQ|IN3320190223,SDL UP 6.91% 2030,22100,SDL UP 6.91% 2030,691UP30
NSE_EQ,NSE_EQ|IN3320200121,SDL UP 6.91% 2030,439,SDL UP 6.91% 2030,691UP30A
NSE_EQ,NSE_EQ|IN3420210194,SDL WB 6.91% 2031,6897,SDL WB 6.91% 2031,691WB31
NSE_EQ,NSE_EQ|IN1020210416,SDL AP 6.92% 2041,6992,SDL AP 6.92% 2041,692AP41
NSE_EQ,NSE_EQ|IN1320190227,SDL BR 6.92% 2032,21161,SDL BR 6.92% 2032,692BR32
NSE_EQ,NSE_EQ|IN0020240134,GOI LOAN   6.92% 2039,27127,GOI LOAN   6.92% 2039,692GS2039
NSE_EQ,NSE_EQ|IN1720210062,SDL HP 6.92% 2033,6881,SDL HP 6.92% 2033,692HP33
NSE_EQ,NSE_EQ|IN1720250043,SDL HP 6.92% 2045,757393,SDL HP 6.92% 2045,692HP45
NSE_EQ,NSE_EQ|IN1620210097,SDL HR 6.92% 2030,5415,SDL HR 6.92% 2030,692HR30
NSE_EQ,NSE_EQ|IN1620210014,SDL HR 6.92% 2036,3382,SDL HR 6.92% 2036,692HR36
NSE_EQ,NSE_EQ|IN1620210055,SDL HR 6.92% 2036,4612,SDL HR 6.92% 2036,692HR36A
NSE_EQ,NSE_EQ|IN3720240016,SDL JH 6.92% 2028,30174,SDL JH 6.92% 2028,692JH28
NSE_EQ,NSE_EQ|IN2120250047,SDL MP 6.92% 2043,757390,SDL MP 6.92% 2043,692MP43
NSE_EQ,NSE_EQ|IN2820190139,SDL PN 6.92% 2035,21895,SDL PN 6.92% 2035,692PN35
NSE_EQ,NSE_EQ|IN2920200424,SDL RJ 6.92% 2030,430,SDL RJ 6.92% 2030,692RJ30
NSE_EQ,NSE_EQ|IN2920210373,SDL RJ 6.92% 2031,6557,SDL RJ 6.92% 2031,692RJ31
NSE_EQ,NSE_EQ|IN3120240756,SDL TN 6.92% 2029,30415,SDL TN 6.92% 2029,692TN29
NSE_EQ,NSE_EQ|IN3120250086,SDL TN 6.92% 2045,757394,SDL TN 6.92% 2045,692TN45
NSE_EQ,NSE_EQ|IN3120210247,SDL TN 6.92% 2046,6993,SDL TN 6.92% 2046,692TN46
NSE_EQ,NSE_EQ|IN4520250114,SDL TS 6.92% 2044,757391,SDL TS 6.92% 2044,692TS44
NSE_EQ,NSE_EQ|IN4520250122,SDL TS 6.92% 2045,757392,SDL TS 6.92% 2045,692TS45
NSE_EQ,NSE_EQ|IN3320210120,SDL UP 6.92% 2031,6000,SDL UP 6.92% 2031,692UP31
NSE_EQ,NSE_EQ|IN3420250018,SDL WB 6.92% 2045,757395,SDL WB 6.92% 2045,692WB45
NSE_EQ,NSE_EQ|IN1020210291,SDL AP 6.93% 2038,5889,SDL AP 6.93% 2038,693AP38
NSE_EQ,NSE_EQ|IN1520200263,SDL GJ 6.93% 2031,2230,SDL GJ 6.93% 2031,693GJ31
NSE_EQ,NSE_EQ|IN1520210148,SDL GJ 6.93% 2031,6320,SDL GJ 6.93% 2031,693GJ31A
NSE_EQ,NSE_EQ|IN1720210013,SDL HP 6.93% 2031,5537,SDL HP 6.93% 2031,693HP31
NSE_EQ,NSE_EQ|IN1720210054,SDL HP 6.93% 2032,6880,SDL HP 6.93% 2032,693HP32
NSE_EQ,NSE_EQ|IN3720200010,SDL JH 6.93% 2030,428,SDL JH 6.93% 2030,693JH30
NSE_EQ,NSE_EQ|IN1920210029,SDL KA 6.93% 2032,5987,SDL KA 6.93% 2032,693KA32
NSE_EQ,NSE_EQ|IN2720240141,SDL OR 6.93% 2028,30090,SDL OR 6.93% 2028,693OR28
NSE_EQ,NSE_EQ|IN3020200074,SDL SK 6.93% 2031,2913,SDL SK 6.93% 2031,693SK31
NSE_EQ,NSE_EQ|IN4520210159,SDL TS 6.93% 2037,5896,SDL TS 6.93% 2037,693TS37
NSE_EQ,NSE_EQ|IN3320210153,SDL UP 6.93% 2031,6558,SDL UP 6.93% 2031,693UP31
NSE_EQ,NSE_EQ|IN3320210161,SDL UP 6.93% 2031,6744,SDL UP 6.93% 2031,693UP31A
NSE_EQ,NSE_EQ|IN1020210051,SDL AP 6.94% 2037,3513,SDL AP 6.94% 2037,694AP37
NSE_EQ,NSE_EQ|IN1020210069,SDL AP 6.94% 2038,3514,SDL AP 6.94% 2038,694AP38
NSE_EQ,NSE_EQ|IN1020210309,SDL AP 6.94% 2041,5897,SDL AP 6.94% 2041,694AP41
NSE_EQ,NSE_EQ|IN1220210125,SDL AS 6.94% 2031,6556,SDL AS 6.94% 2031,694AS31
NSE_EQ,NSE_EQ|IN3520200137,SDL CG 6.94% 2029,2907,SDL CG 6.94% 2029,694CG29
NSE_EQ,NSE_EQ|IN1420190184,SDL GA 6.94% 2030,21139,SDL GA 6.94% 2030,694GA30
NSE_EQ,NSE_EQ|IN4920210098,SDL JK 6.94% 2036,7044,SDL JK 6.94% 2036,694JK36
NSE_EQ,NSE_EQ|IN2020250063,SDL KL 6.94% 2062,757397,SDL KL 6.94% 2062,694KL62
NSE_EQ,NSE_EQ|IN2220210172,SDL MH 6.94% 2031,4993,SDL MH 6.94% 2031,694MH31
NSE_EQ,NSE_EQ|IN2420220039,SDL ML 6.94% 2025,10524,SDL ML 6.94% 2025,694ML25
NSE_EQ,NSE_EQ|IN2120190136,SDL MP 6.94% 2035,21979,SDL MP 6.94% 2035,694MP35
NSE_EQ,NSE_EQ|INE752E08783,PGC 6.94% 2035 SR LXXXI,756743,PGC 6.94% 2035 SR LXXXI,694PGCIL35
NSE_EQ,NSE_EQ|IN2920210308,SDL RJ 6.94% 2033,5886,SDL RJ 6.94% 2033,694RJ33
NSE_EQ,NSE_EQ|IN3120190175,SDL TN 6.94% 2025,22132,SDL TN 6.94% 2025,694TN25
NSE_EQ,NSE_EQ|IN3120190266,SDL TN 6.94% 2050,22126,SDL TN 6.94% 2050,694TN50
NSE_EQ,NSE_EQ|IN3120250094,SDL TN 6.94% 2055,757396,SDL TN 6.94% 2055,694TN55
NSE_EQ,NSE_EQ|IN4520200176,SDL TS 6.94% 2050,322,SDL TS 6.94% 2050,694TS50
NSE_EQ,NSE_EQ|IN4520200184,SDL TS 6.94% 2050,630,SDL TS 6.94% 2050,694TS50A
NSE_EQ,NSE_EQ|IN4520190161,SDL TS 6.94% 2060,22207,SDL TS 6.94% 2060,694TS60
NSE_EQ,NSE_EQ|IN3620210010,SDL UK 6.94% 2031,4891,SDL UK 6.94% 2031,694UK31
NSE_EQ,NSE_EQ|IN3320200287,SDL UP 6.94% 2031,2140,SDL UP 6.94% 2031,694UP31
NSE_EQ,NSE_EQ|IN3320210021,SDL UP 6.94% 2031,4889,SDL UP 6.94% 2031,694UP31A
NSE_EQ,NSE_EQ|IN3420210202,SDL WB 6.94% 2036,7160,SDL WB 6.94% 2036,694WB36
NSE_EQ,NSE_EQ|IN1220190228,SDL AS 6.95% 2030,21162,SDL AS 6.95% 2030,695AS30
NSE_EQ,NSE_EQ|IN1320210082,SDL BR 6.95% 2030,6318,SDL BR 6.95% 2030,695BR30
NSE_EQ,NSE_EQ|IN1520210056,SDL GJ 6.95% 2031,5033,SDL GJ 6.95% 2031,695GJ31
NSE_EQ,NSE_EQ|IN0020210202,GOI LOAN  6.95% 2061,6817,GOI LOAN  6.95% 2061,695GS2061
NSE_EQ,NSE_EQ|IN1720190173,SDL HP 6.95% 2029,21141,SDL HP 6.95% 2029,695HP29
NSE_EQ,NSE_EQ|IN1720190132,SDL HP 6.95% 2033,20859,SDL HP 6.95% 2033,695HP33
NSE_EQ,NSE_EQ|IN1720190140,SDL HP 6.95% 2034,20858,SDL HP 6.95% 2034,695HP34
NSE_EQ,NSE_EQ|IN1620210048,SDL HR 6.95% 2033,3696,SDL HR 6.95% 2033,695HR33
NSE_EQ,NSE_EQ|IN1920240018,SDL KA 6.95% 2028,25470,SDL KA 6.95% 2028,695KA28
NSE_EQ,NSE_EQ|IN1920210052,SDL KA 6.95% 2031,6210,SDL KA 6.95% 2031,695KA31
NSE_EQ,NSE_EQ|IN2220210198,SDL MH 6.95% 2031,5035,SDL MH 6.95% 2031,695MH31
NSE_EQ,NSE_EQ|IN2220210164,SDL MH 6.95% 2032,4883,SDL MH 6.95% 2032,695MH32
NSE_EQ,NSE_EQ|IN2320190076,SDL MN 6.95% 2030,21925,SDL MN 6.95% 2030,695MN30
NSE_EQ,NSE_EQ|IN2820210028,SDL PN 6.95% 2031,4887,SDL PN 6.95% 2031,695PN31
NSE_EQ,NSE_EQ|IN2820200110,SDL PN 6.95% 2040,319,SDL PN 6.95% 2040,695PN40
NSE_EQ,NSE_EQ|IN2920200655,SDL RJ 6.95% 2031,2137,SDL RJ 6.95% 2031,695RJ31
NSE_EQ,NSE_EQ|IN3020190044,SDL SK 6.95% 2030,22156,SDL SK 6.95% 2030,695SK30
NSE_EQ,NSE_EQ|IN3120200362,SDL TN 6.95% 2031,2260,SDL TN 6.95% 2031,695TN31
NSE_EQ,NSE_EQ|IN3120210106,SDL TN 6.95% 2031,4994,SDL TN 6.95% 2031,695TN31A
NSE_EQ,NSE_EQ|IN3120210189,SDL TN 6.95% 2031,5471,SDL TN 6.95% 2031,695TN31B
NSE_EQ,NSE_EQ|IN3420190206,SDL WB 6.95% 2035,22145,SDL WB 6.95% 2035,695WB35
NSE_EQ,NSE_EQ|IN1020210077,SDL AP 6.96% 2035,3575,SDL AP 6.96% 2035,696AP35
NSE_EQ,NSE_EQ|IN1020210085,SDL AP 6.96% 2036,3576,SDL AP 6.96% 2036,696AP36
NSE_EQ,NSE_EQ|IN1420210040,SDL GA 6.96% 2031,4880,SDL GA 6.96% 2031,696GA31
NSE_EQ,NSE_EQ|IN1620210147,SDL HR 6.96% 2029,8011,SDL HR 6.96% 2029,696HR29
NSE_EQ,NSE_EQ|IN1620190174,SDL HR 6.96% 2040,20860,SDL HR 6.96% 2040,696HR40
NSE_EQ,NSE_EQ|IN3720240024,SDL JH 6.96% 2029,30416,SDL JH 6.96% 2029,696JH29
NSE_EQ,NSE_EQ|IN4920200081,SDL JK 6.96% 2035,314,SDL JK 6.96% 2035,696JK35
NSE_EQ,NSE_EQ|IN1920240315,SDL KA 6.96% 2030,30418,SDL KA 6.96% 2030,696KA30
NSE_EQ,NSE_EQ|IN1920210037,SDL KA 6.96% 2031,6095,SDL KA 6.96% 2031,696KA31
NSE_EQ,NSE_EQ|IN1920210177,SDL KA 6.96% 2031,7304,SDL KA 6.96% 2031,696KA31A
NSE_EQ,NSE_EQ|IN2020210034,SDL KL 6.96% 2034,3701,SDL KL 6.96% 2034,696KL34
NSE_EQ,NSE_EQ|IN3820210059,SDL PY 6.96% 2030,7511,SDL PY 6.96% 2030,696PY30
NSE_EQ,NSE_EQ|IN2920210357,SDL RJ 6.96% 2031,6327,SDL RJ 6.96% 2031,696RJ31
NSE_EQ,NSE_EQ|IN2920200663,SDL RJ 6.96% 2041,2147,SDL RJ 6.96% 2041,696RJ41
NSE_EQ,NSE_EQ|IN3120240400,SDL TN 6.96% 2028,27326,SDL TN 6.96% 2028,696TN28
NSE_EQ,NSE_EQ|IN3120210221,SDL TN 6.96% 2031,6481,SDL TN 6.96% 2031,696TN31
NSE_EQ,NSE_EQ|IN3120210023,SDL TN 6.96% 2051,3578,SDL TN 6.96% 2051,696TN51
NSE_EQ,NSE_EQ|IN3120210031,SDL TN 6.96% 2056,3580,SDL TN 6.96% 2056,696TN56
NSE_EQ,NSE_EQ|IN4520210191,SDL TS 6.96% 2045,7055,SDL TS 6.96% 2045,696TS45
NSE_EQ,NSE_EQ|IN4520210027,SDL TS 6.96% 2051,3391,SDL TS 6.96% 2051,696TS51
NSE_EQ,NSE_EQ|IN3320210179,SDL UP 6.96% 2031,7314,SDL UP 6.96% 2031,696UP31
NSE_EQ,NSE_EQ|IN1220210034,SDL AS 6.97% 2031,5416,SDL AS 6.97% 2031,697AS31
NSE_EQ,NSE_EQ|IN1220210174,SDL AS 6.97% 2031,7295,SDL AS 6.97% 2031,697AS31A
NSE_EQ,NSE_EQ|IN1420210081,SDL GA 6.97% 2031,5469,SDL GA 6.97% 2031,697GA31
NSE_EQ,NSE_EQ|IN0020240100,GOI LOAN   6.97% 2034,24705,GOI LOAN   6.97% 2034,697GR2034
NSE_EQ,NSE_EQ|IN0020160035,GOI LOAN 6.97% 2026,7158,GOI LOAN 6.97% 2026,697GS2026
NSE_EQ,NSE_EQ|IN1920190189,SDL KA 6.97% 2028,20864,SDL KA 6.97% 2028,697KA28
NSE_EQ,NSE_EQ|IN1920190197,SDL KA 6.97% 2030,20912,SDL KA 6.97% 2030,697KA30
NSE_EQ,NSE_EQ|IN1920200285,SDL KA 6.97% 2031,311,SDL KA 6.97% 2031,697KA31
NSE_EQ,NSE_EQ|IN2020210109,SDL KL 6.97% 2031,5474,SDL KL 6.97% 2031,697KL31
NSE_EQ,NSE_EQ|IN2220190127,SDL MH 6.97% 2028,21946,SDL MH 6.97% 2028,697MH28
NSE_EQ,NSE_EQ|IN2620210038,SDL NL 6.97% 2031,5418,SDL NL 6.97% 2031,697NL31
NSE_EQ,NSE_EQ|IN2820210044,SDL PN 6.97% 2031,5419,SDL PN 6.97% 2031,697PN31
NSE_EQ,NSE_EQ|IN2820190147,SDL PN 6.97% 2040,21789,SDL PN 6.97% 2040,697PN40
NSE_EQ,NSE_EQ|IN2920190401,SDL RJ 6.97% 2030,22057,SDL RJ 6.97% 2030,697RJ30
NSE_EQ,NSE_EQ|IN2920210217,SDL RJ 6.97% 2031,4997,SDL RJ 6.97% 2031,697RJ31
NSE_EQ,NSE_EQ|IN2920200671,SDL RJ 6.97% 2051,2150,SDL RJ 6.97% 2051,697RJ51
NSE_EQ,NSE_EQ|IN2920200713,SDL RJ 6.97% 2051,2257,SDL RJ 6.97% 2051,697RJ51A
NSE_EQ,NSE_EQ|IN3120240434,SDL TN 6.97% 2028,28180,SDL TN 6.97% 2028,697TN28
NSE_EQ,NSE_EQ|IN3120210122,SDL TN 6.97% 2031,5086,SDL TN 6.97% 2031,697TN31
NSE_EQ,NSE_EQ|IN3120210148,SDL TN 6.97% 2031,5173,SDL TN 6.97% 2031,697TN31A
NSE_EQ,NSE_EQ|IN3120210171,SDL TN 6.97% 2031,5417,SDL TN 6.97% 2031,697TN31B
NSE_EQ,NSE_EQ|IN3120210213,SDL TN 6.97% 2031,6096,SDL TN 6.97% 2031,697TN31C
NSE_EQ,NSE_EQ|IN3120210056,SDL TN 6.97% 2046,3647,SDL TN 6.97% 2046,697TN46
NSE_EQ,NSE_EQ|IN3320210070,SDL UP 6.97% 2031,5421,SDL UP 6.97% 2031,697UP31
NSE_EQ,NSE_EQ|IN3320210138,SDL UP 6.97% 2031,6099,SDL UP 6.97% 2031,697UP31A
NSE_EQ,NSE_EQ|IN3420200245,SDL WB 6.97% 2036,2149,SDL WB 6.97% 2036,697WB36
NSE_EQ,NSE_EQ|IN1020210267,SDL AP 6.98% 2036,5668,SDL AP 6.98% 2036,698AP36
NSE_EQ,NSE_EQ|IN1220200266,SDL AS 6.98% 2031,2134,SDL AS 6.98% 2031,698AS31
NSE_EQ,NSE_EQ|IN1220210042,SDL AS 6.98% 2031,5468,SDL AS 6.98% 2031,698AS31A
NSE_EQ,NSE_EQ|IN1320210090,SDL BR 6.98% 2030,6478,SDL BR 6.98% 2030,698BR30
NSE_EQ,NSE_EQ|IN1420210156,SDL GA 6.98% 2031,7296,SDL GA 6.98% 2031,698GA31
NSE_EQ,NSE_EQ|IN1520240251,SDL GJ 6.98% 2030,29912,SDL GJ 6.98% 2030,698GJ30
NSE_EQ,NSE_EQ|IN1520210080,SDL GJ 6.98% 2031,5334,SDL GJ 6.98% 2031,698GJ31
NSE_EQ,NSE_EQ|IN0020240175,GOI LOAN   6.98% 2054,27819,GOI LOAN   6.98% 2054,698GR2054
NSE_EQ,NSE_EQ|IN1720210021,SDL HP 6.98% 2032,5538,SDL HP 6.98% 2032,698HP32
NSE_EQ,NSE_EQ|IN1620210089,SDL HR 6.98% 2031,5229,SDL HR 6.98% 2031,698HR31
NSE_EQ,NSE_EQ|IN1620200148,SDL HR 6.98% 2041,2146,SDL HR 6.98% 2041,698HR41
NSE_EQ,NSE_EQ|IN4920210072,SDL JK 6.98% 2036,5890,SDL JK 6.98% 2036,698JK36
NSE_EQ,NSE_EQ|IN2220190135,SDL MH 6.98% 2028,21939,SDL MH 6.98% 2028,698MH28
NSE_EQ,NSE_EQ|IN2120190128,SDL MP 6.98% 2030,21978,SDL MP 6.98% 2030,698MP30
NSE_EQ,NSE_EQ|IN2720240174,SDL OR 6.98% 2029,30176,SDL OR 6.98% 2029,698OR29
NSE_EQ,NSE_EQ|IN2820210093,SDL PN 6.98% 2033,5885,SDL PN 6.98% 2033,698PN33
NSE_EQ,NSE_EQ|IN3820200092,SDL PY 6.98% 2033,3079,SDL PY 6.98% 2033,698PY33
NSE_EQ,NSE_EQ|IN2920210332,SDL RJ 6.98% 2031,6100,SDL RJ 6.98% 2031,698RJ31
NSE_EQ,NSE_EQ|IN2920210365,SDL RJ 6.98% 2031,6480,SDL RJ 6.98% 2031,698RJ31A
NSE_EQ,NSE_EQ|IN3120210114,SDL TN 6.98% 2031,5037,SDL TN 6.98% 2031,698TN31
NSE_EQ,NSE_EQ|IN3120210155,SDL TN 6.98% 2031,5230,SDL TN 6.98% 2031,698TN31A
NSE_EQ,NSE_EQ|IN3220190059,SDL TR 6.98% 2030,22138,SDL TR 6.98% 2030,698TR30
NSE_EQ,NSE_EQ|IN4520200044,SDL TS 6.98% 2028,22191,SDL TS 6.98% 2028,698TS28
NSE_EQ,NSE_EQ|IN4520210035,SDL TS 6.98% 2041,3577,SDL TS 6.98% 2041,698TS41
NSE_EQ,NSE_EQ|IN3320210088,SDL UP 6.98% 2031,5473,SDL UP 6.98% 2031,698UP31
NSE_EQ,NSE_EQ|IN3420190222,SDL WB 6.98% 2035,22149,SDL WB 6.98% 2035,698WB35
NSE_EQ,NSE_EQ|IN3420210137,SDL WB 6.98% 2036,5697,SDL WB 6.98% 2036,698WB36
NSE_EQ,NSE_EQ|IN3420210186,SDL WB 6.98% 2037,6749,SDL WB 6.98% 2037,698WB37
NSE_EQ,NSE_EQ|IN1120190039,SDL AR 6.99% 2030,20861,SDL AR 6.99% 2030,699AR30
NSE_EQ,NSE_EQ|IN1220210109,SDL AS 6.99% 2031,6330,SDL AS 6.99% 2031,699AS31
NSE_EQ,NSE_EQ|IN1420190176,SDL GA 6.99% 2030,20862,SDL GA 6.99% 2030,699GA30
NSE_EQ,NSE_EQ|IN1420210057,SDL GA 6.99% 2031,4998,SDL GA 6.99% 2031,699GA31
NSE_EQ,NSE_EQ|IN1420210065,SDL GA 6.99% 2031,5027,SDL GA 6.99% 2031,699GA31A
NSE_EQ,NSE_EQ|IN1420210073,SDL GA 6.99% 2031,5333,SDL GA 6.99% 2031,699GA31B
NSE_EQ,NSE_EQ|IN1520190233,SDL GJ 6.99% 2026,21053,SDL GJ 6.99% 2026,699GJ26
NSE_EQ,NSE_EQ|IN0020230028,GOI LOAN  6.99% 2026,15046,GOI LOAN  6.99% 2026,699GS2026
NSE_EQ,NSE_EQ|IN0020210194,GOI LOAN  6.99% 2051,6696,GOI LOAN  6.99% 2051,699GS2051
NSE_EQ,NSE_EQ|IN1620210113,SDL HR 6.99% 2031,6211,SDL HR 6.99% 2031,699HR31
NSE_EQ,NSE_EQ|IN3720190047,SDL JH 6.99% 2030,22200,SDL JH 6.99% 2030,699JH30
NSE_EQ,NSE_EQ|IN4920200149,SDL JK 6.99% 2031,2074,SDL JK 6.99% 2031,699JK31
NSE_EQ,NSE_EQ|IN1920200681,SDL KA 6.99% 2028,2735,SDL KA 6.99% 2028,699KA28
NSE_EQ,NSE_EQ|IN2020210158,SDL KL 6.99% 2036,5891,SDL KL 6.99% 2036,699KL36
NSE_EQ,NSE_EQ|IN2220210289,SDL MH 6.99% 2029,8128,SDL MH 6.99% 2029,699MH29
NSE_EQ,NSE_EQ|IN2320190050,SDL MN 6.99% 2030,21922,SDL MN 6.99% 2030,699MN30
NSE_EQ,NSE_EQ|IN2120210041,SDL MP 6.99% 2041,6750,SDL MP 6.99% 2041,699MP41
NSE_EQ,NSE_EQ|IN3820210083,SDL PY 6.99% 2029,8284,SDL PY 6.99% 2029,699PY29
NSE_EQ,NSE_EQ|IN2920200705,SDL RJ 6.99% 2041,2251,SDL RJ 6.99% 2041,699RJ41
NSE_EQ,NSE_EQ|INE660A07RY4,SFL 6.99% 2027 SR Z3,757341,SFL 6.99% 2027 SR Z3,699SFL27
NSE_EQ,NSE_EQ|IN3120240764,SDL TN 6.99% 2031,30419,SDL TN 6.99% 2031,699TN31
NSE_EQ,NSE_EQ|IN3120210049,SDL TN 6.99% 2041,3645,SDL TN 6.99% 2041,699TN41
NSE_EQ,NSE_EQ|IN3220210014,SDL TR 6.99% 2036,5892,SDL TR 6.99% 2036,699TR36
NSE_EQ,NSE_EQ|IN4520200093,SDL TS 6.99% 2028,22190,SDL TS 6.99% 2028,699TS28
NSE_EQ,NSE_EQ|IN4520210183,SDL TS 6.99% 2043,6752,SDL TS 6.99% 2043,699TS43
NSE_EQ,NSE_EQ|IN3320210039,SDL UP 6.99% 2031,5038,SDL UP 6.99% 2031,699UP31
NSE_EQ,NSE_EQ|IN3320210054,SDL UP 6.99% 2031,5174,SDL UP 6.99% 2031,699UP31A
NSE_EQ,NSE_EQ|IN3320210146,SDL UP 6.99% 2031,6350,SDL UP 6.99% 2031,699UP31B
NSE_EQ,NSE_EQ|IN3420210079,SDL WB 6.99% 2030,5172,SDL WB 6.99% 2030,699WB30
NSE_EQ,NSE_EQ|IN3420210103,SDL WB 6.99% 2031,5470,SDL WB 6.99% 2031,699WB31
NSE_EQ,NSE_EQ|IN3420200138,SDL WB 6.99% 2035,620,SDL WB 6.99% 2035,699WB35
NSE_EQ,NSE_EQ|IN3420200302,SDL WB 6.99% 2036,3089,SDL WB 6.99% 2036,699WB36
NSE_EQ,NSE_EQ|IN3420210145,SDL WB 6.99% 2036,5895,SDL WB 6.99% 2036,699WB36A
NSE_EQ,NSE_EQ|IN1020200557,SDL AP 6.9% 2032,2081,SDL AP 6.9% 2032,69AP32
NSE_EQ,NSE_EQ|IN1020210036,SDL AP 6.9% 2039,3385,SDL AP 6.9% 2039,69AP39
NSE_EQ,NSE_EQ|IN1220190194,SDL AS 6.9% 2030,20155,SDL AS 6.9% 2030,69AS30
NSE_EQ,NSE_EQ|IN1220200068,SDL AS 6.9% 2030,294,SDL AS 6.9% 2030,69AS30A
NSE_EQ,NSE_EQ|IN1420190168,SDL GA 6.9% 2030,20148,SDL GA 6.9% 2030,69GA30
NSE_EQ,NSE_EQ|IN1420200157,SDL GA 6.9% 2030,440,SDL GA 6.9% 2030,69GA30A
NSE_EQ,NSE_EQ|IN1520200354,SDL GJ 6.9% 2030,3064,SDL GJ 6.9% 2030,69GJ30
NSE_EQ,NSE_EQ|IN1720200048,SDL HP 6.9% 2030,446,SDL HP 6.9% 2030,69HP30
NSE_EQ,NSE_EQ|IN4920210023,SDL JK 6.9% 2033,3392,SDL JK 6.9% 2033,69JK33
NSE_EQ,NSE_EQ|IN1920240026,SDL KA 6.9% 2027,25699,SDL KA 6.9% 2027,69KA27
NSE_EQ,NSE_EQ|IN1920190171,SDL KA 6.9% 2030,20154,SDL KA 6.9% 2030,69KA30
NSE_EQ,NSE_EQ|IN1920210086,SDL KA 6.9% 2031,6743,SDL KA 6.9% 2031,69KA31
NSE_EQ,NSE_EQ|IN2420200049,SDL ML 6.9% 2030,306,SDL ML 6.9% 2030,69ML30
NSE_EQ,NSE_EQ|IN2320190043,SDL MN 6.9% 2030,21926,SDL MN 6.9% 2030,69MN30
NSE_EQ,NSE_EQ|IN2520210013,SDL MZ 6.9% 2033,3523,SDL MZ 6.9% 2033,69MZ33
NSE_EQ,NSE_EQ|IN3820210075,SDL PY 6.9% 2028,7893,SDL PY 6.9% 2028,69PY28
NSE_EQ,NSE_EQ|IN3820200027,SDL PY 6.9% 2029,291,SDL PY 6.9% 2029,69PY29
NSE_EQ,NSE_EQ|IN2920210167,SDL RJ 6.9% 2032,4764,SDL RJ 6.9% 2032,69RJ32
NSE_EQ,NSE_EQ|IN3120210205,SDL TN 6.9% 2031,5997,SDL TN 6.9% 2031,69TN31
NSE_EQ,NSE_EQ|IN3620190105,SDL UK 6.9% 2030,22172,SDL UK 6.9% 2030,69UK30
NSE_EQ,NSE_EQ|IN3620200045,SDL UK 6.9% 2030,309,SDL UK 6.9% 2030,69UK30A
NSE_EQ,NSE_EQ|IN3320200113,SDL UP 6.9% 2030,307,SDL UP 6.9% 2030,69UP30
NSE_EQ,NSE_EQ|IN3120240319,SDL TN 7.00% 2029,25886,SDL TN 7.00% 2029,700TN29
NSE_EQ,NSE_EQ|IN1020210127,SDL AP 7.01% 2039,3762,SDL AP 7.01% 2039,701AP39
NSE_EQ,NSE_EQ|IN1520240111,SDL GJ 7.01% 2031,29047,SDL GJ 7.01% 2031,701GJ31
NSE_EQ,NSE_EQ|IN2220210180,SDL MH 7.01% 2032,5002,SDL MH 7.01% 2032,701MH32
NSE_EQ,NSE_EQ|IN2320210031,SDL MN 7.01% 2031,5087,SDL MN 7.01% 2031,701MN31
NSE_EQ,NSE_EQ|IN3820190053,SDL PY 7.01% 2026,22027,SDL PY 7.01% 2026,701PY26
NSE_EQ,NSE_EQ|IN3120240772,SDL TN 7.01% 2035,30436,SDL TN 7.01% 2035,701TN35
NSE_EQ,NSE_EQ|IN3320210047,SDL UP 7.01% 2031,5089,SDL UP 7.01% 2031,701UP31
NSE_EQ,NSE_EQ|IN1020190493,SDL AP 7.02% 2030,20863,SDL AP 7.02% 2030,702AP30
NSE_EQ,NSE_EQ|IN1020210358,SDL AP 7.02% 2036,6351,SDL AP 7.02% 2036,702AP36
NSE_EQ,NSE_EQ|IN1020210366,SDL AP 7.02% 2037,6352,SDL AP 7.02% 2037,702AP37
NSE_EQ,NSE_EQ|IN1020210259,SDL AP 7.02% 2041,5569,SDL AP 7.02% 2041,702AP41
NSE_EQ,NSE_EQ|IN1220190202,SDL AS 7.02% 2030,20851,SDL AS 7.02% 2030,702AS30
NSE_EQ,NSE_EQ|IN1220240221,SDL AS 7.02% 2030,30417,SDL AS 7.02% 2030,702AS30A
NSE_EQ,NSE_EQ|IN1320190219,SDL BR 7.02% 2030,21375,SDL BR 7.02% 2030,702BR30
NSE_EQ,NSE_EQ|IN1520240228,SDL GJ 7.02% 2031,29697,SDL GJ 7.02% 2031,702GJ31A
NSE_EQ,NSE_EQ|IN1520240301,SDL GJ 7.02% 2033,30427,SDL GJ 7.02% 2033,702GJ33
NSE_EQ,NSE_EQ|IN0020240043,GOI LOAN  7.02% 2027,23854,GOI LOAN  7.02% 2027,702GS2027
NSE_EQ,NSE_EQ|IN0020240076,GOI LOAN  7.02% 2031,24072,GOI LOAN  7.02% 2031,702GS2031
NSE_EQ,NSE_EQ|IN1720200162,SDL HP 7.02% 2036,2236,SDL HP 7.02% 2036,702HP36
NSE_EQ,NSE_EQ|IN1620200163,SDL HR 7.02% 2029,2539,SDL HR 7.02% 2029,702HR29
NSE_EQ,NSE_EQ|IN1920210193,SDL KA 7.02% 2031,7524,SDL KA 7.02% 2031,702KA31
NSE_EQ,NSE_EQ|IN1920210185,SDL KA 7.02% 2033,7305,SDL KA 7.02% 2033,702KA33
NSE_EQ,NSE_EQ|IN2020200266,SDL KL 7.02% 2028,2537,SDL KL 7.02% 2028,702KL28
NSE_EQ,NSE_EQ|IN2220200363,SDL MH 7.02% 2029,2670,SDL MH 7.02% 2029,702MH29
NSE_EQ,NSE_EQ|IN2420210048,SDL ML 7.02% 2041,5570,SDL ML 7.02% 2041,702ML41
NSE_EQ,NSE_EQ|IN2120240287,SDL MP 7.02% 2035,30431,SDL MP 7.02% 2035,702MP35
NSE_EQ,NSE_EQ|IN2820200219,SDL PN 7.02% 2028,2668,SDL PN 7.02% 2028,702PN28
NSE_EQ,NSE_EQ|INE020B08FS4,REC 7.02% 2040 246,756741,REC 7.02% 2040 246,702RECL40
NSE_EQ,NSE_EQ|IN3120240343,SDL TN 7.02% 2029,27000,SDL TN 7.02% 2029,702TN29
NSE_EQ,NSE_EQ|IN3120240699,SDL TN 7.02% 2029,30177,SDL TN 7.02% 2029,702TN29A
NSE_EQ,NSE_EQ|IN3120210346,SDL TN 7.02% 2030,8287,SDL TN 7.02% 2030,702TN30
NSE_EQ,NSE_EQ|IN3120210288,SDL TN 7.02% 2031,7533,SDL TN 7.02% 2031,702TN31
NSE_EQ,NSE_EQ|IN3320210062,SDL UP 7.02% 2031,5335,SDL UP 7.02% 2031,702UP31
NSE_EQ,NSE_EQ|IN3420210061,SDL WB 7.02% 2031,5039,SDL WB 7.02% 2031,702WB31
NSE_EQ,NSE_EQ|IN1020200409,SDL AP 7.03% 2040,475,SDL AP 7.03% 2040,703AP40
NSE_EQ,NSE_EQ|IN1220210190,SDL AS 7.03% 2031,7512,SDL AS 7.03% 2031,703AS31
NSE_EQ,NSE_EQ|IN3520240026,SDL CG 7.03% 2030,25484,SDL CG 7.03% 2030,703CG30
NSE_EQ,NSE_EQ|IN1520240178,SDL GJ 7.03% 2035,29281,SDL GJ 7.03% 2035,703GJ35
NSE_EQ,NSE_EQ|IN1720210070,SDL HP 7.03% 2031,7519,SDL HP 7.03% 2031,703HP31
NSE_EQ,NSE_EQ|IN1620240342,SDL HR 7.03% 2035,30430,SDL HR 7.03% 2035,703HR35
NSE_EQ,NSE_EQ|IN1620250077,SDL HR 7.03% 2039,757435,SDL HR 7.03% 2039,703HR39
NSE_EQ,NSE_EQ|IN1620190166,SDL HR 7.03% 2040,21236,SDL HR 7.03% 2040,703HR40
NSE_EQ,NSE_EQ|IN1920210045,SDL KA 7.03% 2032,6104,SDL KA 7.03% 2032,703KA32
NSE_EQ,NSE_EQ|IN1920240331,SDL KA 7.03% 2033,30428,SDL KA 7.03% 2033,703KA33
NSE_EQ,NSE_EQ|IN2020190202,SDL KL 7.03% 2030,21915,SDL KL 7.03% 2030,703KL30
NSE_EQ,NSE_EQ|IN2320210064,SDL MN 7.03% 2031,6479,SDL MN 7.03% 2031,703MN31
NSE_EQ,NSE_EQ|IN2120200240,SDL MP 7.03% 2031,2239,SDL MP 7.03% 2031,703MP31
NSE_EQ,NSE_EQ|INE0KUG08076,NABF 7.03% 2030 SR -1,755988,NABF 7.03% 2030 SR -1,703NBFID30
NSE_EQ,NSE_EQ|IN2620190057,SDL NL 7.03% 2030,21997,SDL NL 7.03% 2030,703NL30
NSE_EQ,NSE_EQ|IN2720240026,SDL OR 7.03% 2031,29278,SDL OR 7.03% 2031,703OR31
NSE_EQ,NSE_EQ|IN3820190061,SDL PY 7.03% 2028,22029,SDL PY 7.03% 2028,703PY28
NSE_EQ,NSE_EQ|IN2920190393,SDL RJ 7.03% 2030,22076,SDL RJ 7.03% 2030,703RJ30
NSE_EQ,NSE_EQ|IN2920210415,SDL RJ 7.03% 2031,7531,SDL RJ 7.03% 2031,703RJ31
NSE_EQ,NSE_EQ|IN2920200697,SDL RJ 7.03% 2036,2248,SDL RJ 7.03% 2036,703RJ36
NSE_EQ,NSE_EQ|IN3120240277,SDL TN 7.03% 2029,25212,SDL TN 7.03% 2029,703TN29
NSE_EQ,NSE_EQ|IN3120240459,SDL TN 7.03% 2029,28824,SDL TN 7.03% 2029,703TN29A
NSE_EQ,NSE_EQ|IN3120210361,SDL TN 7.03% 2030,8321,SDL TN 7.03% 2030,703TN30
NSE_EQ,NSE_EQ|IN3120210064,SDL TN 7.03% 2046,3719,SDL TN 7.03% 2046,703TN46
NSE_EQ,NSE_EQ|IN3120210072,SDL TN 7.03% 2051,3722,SDL TN 7.03% 2051,703TN51
NSE_EQ,NSE_EQ|IN4520210068,SDL TS 7.03% 2051,4556,SDL TS 7.03% 2051,703TS51
NSE_EQ,NSE_EQ|IN3320190231,SDL UP 7.03% 2030,22087,SDL UP 7.03% 2030,703UP30
NSE_EQ,NSE_EQ|IN1020240777,SDL AP 7.04% 2033,30424,SDL AP 7.04% 2033,704AP33
NSE_EQ,NSE_EQ|IN1020210317,SDL AP 7.04% 2034,5967,SDL AP 7.04% 2034,704AP34
NSE_EQ,NSE_EQ|IN1020210093,SDL AP 7.04% 2040,3689,SDL AP 7.04% 2040,704AP40
NSE_EQ,NSE_EQ|IN1020210101,SDL AP 7.04% 2041,3692,SDL AP 7.04% 2041,704AP41
NSE_EQ,NSE_EQ|IN1520190217,SDL GJ 7.04% 2030,20359,SDL GJ 7.04% 2030,704GJ30
NSE_EQ,NSE_EQ|IN1520240087,SDL GJ 7.04% 2032,27327,SDL GJ 7.04% 2032,704GJ32
NSE_EQ,NSE_EQ|IN1520240095,SDL GJ 7.04% 2033,27660,SDL GJ 7.04% 2033,704GJ33
NSE_EQ,NSE_EQ|IN0020240050,GOI LOAN  7.04% 2029,23919,GOI LOAN  7.04% 2029,704GS2029
NSE_EQ,NSE_EQ|IN1620240359,SDL HR 7.04% 2037,30438,SDL HR 7.04% 2037,704HR37
NSE_EQ,NSE_EQ|INE053F07876,TAX FREE 7.04% SR. 107,15110,TAX FREE 7.04% SR. 107,704IRFC26
NSE_EQ,NSE_EQ|INE053F07595,BOND 7.04% PA TAX FREE S2,29607,BOND 7.04% PA TAX FREE S2,704IRFC28
NSE_EQ,NSE_EQ|IN4920210031,SDL JK 7.04% 2036,3697,SDL JK 7.04% 2036,704JK36
NSE_EQ,NSE_EQ|IN1920240323,SDL KA 7.04% 2032,30422,SDL KA 7.04% 2032,704KA32
NSE_EQ,NSE_EQ|IN2020210125,SDL KL 7.04% 2034,5539,SDL KL 7.04% 2034,704KL34
NSE_EQ,NSE_EQ|IN2220200355,SDL MH 7.04% 2029,2542,SDL MH 7.04% 2029,704MH29
NSE_EQ,NSE_EQ|IN2420190067,SDL ML 7.04% 2030,22012,SDL ML 7.04% 2030,704ML30
NSE_EQ,NSE_EQ|IN2120190144,SDL MP 7.04% 2030,21965,SDL MP 7.04% 2030,704MP30
NSE_EQ,NSE_EQ|IN2520200014,SDL MZ 7.04% 2030,22019,SDL MZ 7.04% 2030,704MZ30
NSE_EQ,NSE_EQ|IN2520200097,SDL MZ 7.04% 2033,2143,SDL MZ 7.04% 2033,704MZ33
NSE_EQ,NSE_EQ|INE0KUG08084,NABF 7.04% 2035 NABFID,755873,NABF 7.04% 2035 NABFID,704NBFID35
NSE_EQ,NSE_EQ|INE906B07EM2,TAX FREE 7.04% SR. IA,14497,TAX FREE 7.04% SR. IA,704NHAI26
NSE_EQ,NSE_EQ|INE020B07GZ9,BOND 7.04% PA TAX FREE S2,29614,BOND 7.04% PA TAX FREE S2,704REC28
NSE_EQ,NSE_EQ|IN2920190427,SDL RJ 7.04% 2030,22048,SDL RJ 7.04% 2030,704RJ30
NSE_EQ,NSE_EQ|IN2920240511,SDL RJ 7.04% 2032,30423,SDL RJ 7.04% 2032,704RJ32
NSE_EQ,NSE_EQ|IN2920210175,SDL RJ 7.04% 2036,4780,SDL RJ 7.04% 2036,704RJ36
NSE_EQ,NSE_EQ|IN3120210296,SDL TN 7.04% 2030,7812,SDL TN 7.04% 2030,704TN30
NSE_EQ,NSE_EQ|IN3120210320,SDL TN 7.04% 2030,8134,SDL TN 7.04% 2030,704TN30A
NSE_EQ,NSE_EQ|IN3120240707,SDL TN 7.04% 2030,30178,SDL TN 7.04% 2030,704TN30B
NSE_EQ,NSE_EQ|IN4520210209,SDL TS 7.04% 2032,7315,SDL TS 7.04% 2032,704TS32
NSE_EQ,NSE_EQ|IN4520210050,SDL TS 7.04% 2051,3767,SDL TS 7.04% 2051,704TS51
NSE_EQ,NSE_EQ|IN3620190097,SDL UK 7.04% 2030,22170,SDL UK 7.04% 2030,704UK30
NSE_EQ,NSE_EQ|IN3320190249,SDL UP 7.04% 2030,22085,SDL UP 7.04% 2030,704UP30
NSE_EQ,NSE_EQ|IN3320210187,SDL UP 7.04% 2031,7534,SDL UP 7.04% 2031,704UP31
NSE_EQ,NSE_EQ|IN3420200112,SDL WB 7.04% 2035,315,SDL WB 7.04% 2035,704WB35
NSE_EQ,NSE_EQ|IN1020190485,SDL AP 7.05% 2031,21237,SDL AP 7.05% 2031,705AP31
NSE_EQ,NSE_EQ|IN1020210234,SDL AP 7.05% 2035,5527,SDL AP 7.05% 2035,705AP35
NSE_EQ,NSE_EQ|IN1020250198,SDL AP 7.05% 2039,757434,SDL AP 7.05% 2039,705AP39
NSE_EQ,NSE_EQ|IN1220190210,SDL AS 7.05% 2030,20774,SDL AS 7.05% 2030,705AS30
NSE_EQ,NSE_EQ|IN1220240098,SDL AS 7.05% 2031,25489,SDL AS 7.05% 2031,705AS31
NSE_EQ,NSE_EQ|IN1520240020,SDL GJ 7.05% 2028,24838,SDL GJ 7.05% 2028,705GJ28
NSE_EQ,NSE_EQ|IN1520240079,SDL GJ 7.05% 2029,27183,SDL GJ 7.05% 2029,705GJ29
NSE_EQ,NSE_EQ|IN1520240053,SDL GJ 7.05% 2031,27113,SDL GJ 7.05% 2031,705GJ31
NSE_EQ,NSE_EQ|IN1520240129,SDL GJ 7.05% 2032,29051,SDL GJ 7.05% 2032,705GJ32
NSE_EQ,NSE_EQ|IN1520240160,SDL GJ 7.05% 2034,29279,SDL GJ 7.05% 2034,705GJ34
NSE_EQ,NSE_EQ|IN1720200154,SDL HP 7.05% 2035,2233,SDL HP 7.05% 2035,705HP35
NSE_EQ,NSE_EQ|IN1620200106,SDL HR 7.05% 2040,321,SDL HR 7.05% 2040,705HR40
NSE_EQ,NSE_EQ|IN3720190039,SDL JH 7.05% 2030,22198,SDL JH 7.05% 2030,705JH30
NSE_EQ,NSE_EQ|IN2020190210,SDL KL 7.05% 2030,21899,SDL KL 7.05% 2030,705KL30
NSE_EQ,NSE_EQ|IN2020210166,SDL KL 7.05% 2036,5991,SDL KL 7.05% 2036,705KL36
NSE_EQ,NSE_EQ|IN2220200231,SDL MH 7.05% 2032,466,SDL MH 7.05% 2032,705MH32
NSE_EQ,NSE_EQ|IN2320190068,SDL MN 7.05% 2030,21920,SDL MN 7.05% 2030,705MN30
NSE_EQ,NSE_EQ|IN2120240279,SDL MP 7.05% 2032,30420,SDL MP 7.05% 2032,705MP32
NSE_EQ,NSE_EQ|IN2520210062,SDL MZ 7.05% 2029,8130,SDL MZ 7.05% 2029,705MZ29
NSE_EQ,NSE_EQ|IN2520200048,SDL MZ 7.05% 2035,316,SDL MZ 7.05% 2035,705MZ35
NSE_EQ,NSE_EQ|IN2620190065,SDL NL 7.05% 2030,21994,SDL NL 7.05% 2030,705NL30
NSE_EQ,NSE_EQ|IN2620200070,SDL NL 7.05% 2031,2242,SDL NL 7.05% 2031,705NL31
NSE_EQ,NSE_EQ|IN2720240208,SDL OR 7.05% 2035,30433,SDL OR 7.05% 2035,705OR35
NSE_EQ,NSE_EQ|IN2820200193,SDL PN 7.05% 2031,2135,SDL PN 7.05% 2031,705PN31
NSE_EQ,NSE_EQ|IN2920200689,SDL RJ 7.05% 2031,2245,SDL RJ 7.05% 2031,705RJ31
NSE_EQ,NSE_EQ|IN2920240537,SDL RJ 7.05% 2037,30439,SDL RJ 7.05% 2037,705RJ37
NSE_EQ,NSE_EQ|IN2920210118,SDL RJ 7.05% 2041,3716,SDL RJ 7.05% 2041,705RJ41
NSE_EQ,NSE_EQ|IN3120190191,SDL TN 7.05% 2026,22119,SDL TN 7.05% 2026,705TN26
NSE_EQ,NSE_EQ|IN4520210134,SDL TS 7.05% 2035,5526,SDL TS 7.05% 2035,705TS35
NSE_EQ,NSE_EQ|IN4520210043,SDL TS 7.05% 2041,3725,SDL TS 7.05% 2041,705TS41
NSE_EQ,NSE_EQ|IN3620240033,SDL UK 7.05% 2029,25765,SDL UK 7.05% 2029,705UK29
NSE_EQ,NSE_EQ|IN3620210036,SDL UK 7.05% 2031,7535,SDL UK 7.05% 2031,705UK31
NSE_EQ,NSE_EQ|IN3620240108,SDL UK 7.05% 2032,30421,SDL UK 7.05% 2032,705UK32
NSE_EQ,NSE_EQ|IN3420190214,SDL WB 7.05% 2030,22143,SDL WB 7.05% 2030,705WB30
NSE_EQ,NSE_EQ|IN3420200252,SDL WB 7.05% 2031,2265,SDL WB 7.05% 2031,705WB31
NSE_EQ,NSE_EQ|IN3420210152,SDL WB 7.05% 2036,6001,SDL WB 7.05% 2036,705WB36
NSE_EQ,NSE_EQ|IN3420210210,SDL WB 7.05% 2036,7319,SDL WB 7.05% 2036,705WB36A
NSE_EQ,NSE_EQ|IN1020190501,SDL AP 7.06% 2030,20737,SDL AP 7.06% 2030,706AP30
NSE_EQ,NSE_EQ|IN3520200129,SDL CG 7.06% 2029,2740,SDL CG 7.06% 2029,706CG29
NSE_EQ,NSE_EQ|IN1520240038,SDL GJ 7.06% 2029,24839,SDL GJ 7.06% 2029,706GJ29
NSE_EQ,NSE_EQ|IN1520240269,SDL GJ 7.06% 2030,29995,SDL GJ 7.06% 2030,706GJ30
NSE_EQ,NSE_EQ|IN1520210197,SDL GJ 7.06% 2032,8189,SDL GJ 7.06% 2032,706GJ32
NSE_EQ,NSE_EQ|IN1520240137,SDL GJ 7.06% 2034,29057,SDL GJ 7.06% 2034,706GJ34
NSE_EQ,NSE_EQ|IN0020230010,GOI LOAN  7.06% 2028,14970,GOI LOAN  7.06% 2028,706GS2028
NSE_EQ,NSE_EQ|IN0020160068,GOI LOAN 7.06% 2046,7184,GOI LOAN 7.06% 2046,706GS2046
NSE_EQ,NSE_EQ|IN4920210080,SDL JK 7.06% 2033,6484,SDL JK 7.06% 2033,706JK33
NSE_EQ,NSE_EQ|IN2020210067,SDL KL 7.06% 2038,4790,SDL KL 7.06% 2038,706KL38
NSE_EQ,NSE_EQ|IN2020210133,SDL KL 7.06% 2039,5545,SDL KL 7.06% 2039,706KL39
NSE_EQ,NSE_EQ|IN2020210075,SDL KL 7.06% 2041,4793,SDL KL 7.06% 2041,706KL41
NSE_EQ,NSE_EQ|IN2020240338,SDL KL 7.06% 2055,30454,SDL KL 7.06% 2055,706KL55
NSE_EQ,NSE_EQ|IN2520210047,SDL MZ 7.06% 2034,5992,SDL MZ 7.06% 2034,706MZ34
NSE_EQ,NSE_EQ|IN2720240067,SDL OR 7.06% 2031,29698,SDL OR 7.06% 2031,706OR31A
NSE_EQ,NSE_EQ|IN2920240529,SDL RJ 7.06% 2035,30434,SDL RJ 7.06% 2035,706RJ35
NSE_EQ,NSE_EQ|IN3120240236,SDL TN 7.06% 2029,25006,SDL TN 7.06% 2029,706TN29
NSE_EQ,NSE_EQ|IN3120240251,SDL TN 7.06% 2029,25105,SDL TN 7.06% 2029,706TN29A
NSE_EQ,NSE_EQ|IN4520210076,SDL TS 7.06% 2041,4792,SDL TS 7.06% 2041,706TS41
NSE_EQ,NSE_EQ|IN3620190113,SDL UK 7.06% 2030,22166,SDL UK 7.06% 2030,706UK30
NSE_EQ,NSE_EQ|IN3620240041,SDL UK 7.06% 2030,27001,SDL UK 7.06% 2030,706UK30A
NSE_EQ,NSE_EQ|IN3420210038,SDL WB 7.06% 2036,4782,SDL WB 7.06% 2036,706WB36
NSE_EQ,NSE_EQ|IN1020240694,SDL AP 7.07% 2034,29498,SDL AP 7.07% 2034,707AP34
NSE_EQ,NSE_EQ|IN1020240793,SDL AP 7.07% 2036,30412,SDL AP 7.07% 2036,707AP36
NSE_EQ,NSE_EQ|IN1220200282,SDL AS 7.07% 2031,2266,SDL AS 7.07% 2031,707AS31
NSE_EQ,NSE_EQ|IN1520200271,SDL GJ 7.07% 2031,2381,SDL GJ 7.07% 2031,707GJ31
NSE_EQ,NSE_EQ|IN1520240202,SDL GJ 7.07% 2032,29568,SDL GJ 7.07% 2032,707GJ32
NSE_EQ,NSE_EQ|IN1520240194,SDL GJ 7.07% 2034,29499,SDL GJ 7.07% 2034,707GJ34
NSE_EQ,NSE_EQ|IN1620210063,SDL HR 7.07% 2037,4784,SDL HR 7.07% 2037,707HR37
NSE_EQ,NSE_EQ|INE053F07793,TAX FREE 7.07% SR. 102,11722,TAX FREE 7.07% SR. 102,707IRFC25
NSE_EQ,NSE_EQ|IN1820190164,SDL JK 7.07% 2030,20796,SDL JK 7.07% 2030,707JK30
NSE_EQ,NSE_EQ|IN1920240109,SDL KA 7.07% 2029,27184,SDL KA 7.07% 2029,707KA29
NSE_EQ,NSE_EQ|INE115A07RG6,LICH 7.07% 2030 SR TR455,756707,LICH 7.07% 2030 SR TR455,707LICH30
NSE_EQ,NSE_EQ|IN2220240302,SDL MH 7.07% 2032,25491,SDL MH 7.07% 2032,707MH32
NSE_EQ,NSE_EQ|IN2120200174,SDL MP 7.07% 2032,460,SDL MP 7.07% 2032,707MP32
NSE_EQ,NSE_EQ|IN2920210134,SDL RJ 7.07% 2046,3763,SDL RJ 7.07% 2046,707RJ46
NSE_EQ,NSE_EQ|IN3120210270,SDL TN 7.07% 2038,7318,SDL TN 7.07% 2038,707TN38
NSE_EQ,NSE_EQ|IN4520240578,SDL TS 7.07% 2052,30452,SDL TS 7.07% 2052,707TS52
NSE_EQ,NSE_EQ|IN4520240586,SDL TS 7.07% 2055,30453,SDL TS 7.07% 2055,707TS55
NSE_EQ,NSE_EQ|IN1020210374,SDL AP 7.08% 2035,6485,SDL AP 7.08% 2035,708AP35
NSE_EQ,NSE_EQ|IN1020240702,SDL AP 7.08% 2035,29520,SDL AP 7.08% 2035,708AP35A
NSE_EQ,NSE_EQ|IN1020240801,SDL AP 7.08% 2037,30437,SDL AP 7.08% 2037,708AP37
NSE_EQ,NSE_EQ|IN1020210382,SDL AP 7.08% 2040,6487,SDL AP 7.08% 2040,708AP40
NSE_EQ,NSE_EQ|IN1020250206,SDL AP 7.08% 2040,757437,SDL AP 7.08% 2040,708AP40A
NSE_EQ,NSE_EQ|IN3520200111,SDL CG 7.08% 2029,2380,SDL CG 7.08% 2029,708CG29
NSE_EQ,NSE_EQ|IN3520190064,SDL CG 7.08% 2030,22159,SDL CG 7.08% 2030,708CG30
NSE_EQ,NSE_EQ|IN1520200289,SDL GJ 7.08% 2031,2671,SDL GJ 7.08% 2031,708GJ31
NSE_EQ,NSE_EQ|IN1520240061,SDL GJ 7.08% 2033,27114,SDL GJ 7.08% 2033,708GJ33
NSE_EQ,NSE_EQ|IN1520240236,SDL GJ 7.08% 2033,29708,SDL GJ 7.08% 2033,708GJ33B
NSE_EQ,NSE_EQ|IN1520240210,SDL GJ 7.08% 2034,29569,SDL GJ 7.08% 2034,708GJ34
NSE_EQ,NSE_EQ|IN1720240093,SDL HP 7.08% 2034,25830,SDL HP 7.08% 2034,708HP34
NSE_EQ,NSE_EQ|IN1620240367,SDL HR 7.08% 2039,30440,SDL HR 7.08% 2039,708HR39
NSE_EQ,NSE_EQ|INE787H08204,IIFCL 7.08% 2035,757058,IIFCL 7.08% 2035,708IIFCL35
NSE_EQ,NSE_EQ|INE282H07026,JCL 7.08% 2028 SR II,757345,JCL 7.08% 2028 SR II,708JCL28
NSE_EQ,NSE_EQ|IN4920210064,SDL JK 7.08% 2036,5544,SDL JK 7.08% 2036,708JK36
NSE_EQ,NSE_EQ|IN4920240186,SDL JK 7.08% 2046,27688,SDL JK 7.08% 2046,708JK46
NSE_EQ,NSE_EQ|IN4920240236,SDL JK 7.08% 2055,29301,SDL JK 7.08% 2055,708JK55
NSE_EQ,NSE_EQ|IN1920190205,SDL KA 7.08% 2031,20797,SDL KA 7.08% 2031,708KA31
NSE_EQ,NSE_EQ|IN1920240232,SDL KA 7.08% 2031,29572,SDL KA 7.08% 2031,708KA31A
NSE_EQ,NSE_EQ|IN1920200301,SDL KA 7.08% 2034,468,SDL KA 7.08% 2034,708KA34
NSE_EQ,NSE_EQ|IN1920210060,SDL KA 7.08% 2034,6212,SDL KA 7.08% 2034,708KA34A
NSE_EQ,NSE_EQ|IN1920240067,SDL KA 7.08% 2034,25831,SDL KA 7.08% 2034,708KA34B
NSE_EQ,NSE_EQ|IN2020240205,SDL KL 7.08% 2031,27151,SDL KL 7.08% 2031,708KL31
NSE_EQ,NSE_EQ|IN2020240312,SDL KL 7.08% 2040,30443,SDL KL 7.08% 2040,708KL40
NSE_EQ,NSE_EQ|IN2220200348,SDL MH 7.08% 2031,2383,SDL MH 7.08% 2031,708MH31
NSE_EQ,NSE_EQ|IN2120210066,SDL MP 7.08% 2029,8351,SDL MP 7.08% 2029,708MP29
NSE_EQ,NSE_EQ|IN2520250019,SDL MZ 7.08% 2039,757436,SDL MZ 7.08% 2039,708MZ39
NSE_EQ,NSE_EQ|INE752E08767,PGC 7.08% 2034 SR LXXIX,25905,PGC 7.08% 2034 SR LXXIX,708PGC34
NSE_EQ,NSE_EQ|IN2820240249,SDL PN 7.08% 2034,27320,SDL PN 7.08% 2034,708PN34
NSE_EQ,NSE_EQ|IN3820190038,SDL PY 7.08% 2026,22025,SDL PY 7.08% 2026,708PY26
NSE_EQ,NSE_EQ|IN2920190450,SDL RJ 7.08% 2030,22035,SDL RJ 7.08% 2030,708RJ30
NSE_EQ,NSE_EQ|IN2920240370,SDL RJ 7.08% 2034,27314,SDL RJ 7.08% 2034,708RJ34
NSE_EQ,NSE_EQ|INE155A08480,TML 7.08% 2028 E31B TR I,757123,TML 7.08% 2028 E31B TR I,708TML28
NSE_EQ,NSE_EQ|INE155A08472,TML 7.08% 2028 TR I,757125,TML 7.08% 2028 TR I,708TML28A
NSE_EQ,NSE_EQ|IN3120240608,SDL TN 7.08% 2030,29998,SDL TN 7.08% 2030,708TN30
NSE_EQ,NSE_EQ|IN3120240418,SDL TN 7.08% 2034,27321,SDL TN 7.08% 2034,708TN34
NSE_EQ,NSE_EQ|IN4520210175,SDL TS 7.08% 2042,6488,SDL TS 7.08% 2042,708TS42
NSE_EQ,NSE_EQ|IN4520240479,SDL TS 7.08% 2049,29298,SDL TS 7.08% 2049,708TS49
NSE_EQ,NSE_EQ|IN4520250148,SDL TS 7.08% 2056,757441,SDL TS 7.08% 2056,708TS56
NSE_EQ,NSE_EQ|IN4520250155,SDL TS 7.08% 2057,757442,SDL TS 7.08% 2057,708TS57
NSE_EQ,NSE_EQ|IN3320200295,SDL UP 7.08% 2031,2264,SDL UP 7.08% 2031,708UP31
NSE_EQ,NSE_EQ|IN3320240010,SDL UP 7.08% 2032,25829,SDL UP 7.08% 2032,708UP32
NSE_EQ,NSE_EQ|IN3320240044,SDL UP 7.08% 2038,27686,SDL UP 7.08% 2038,708UP38
NSE_EQ,NSE_EQ|IN3420210160,SDL WB 7.08% 2041,6361,SDL WB 7.08% 2041,708WB41
NSE_EQ,NSE_EQ|IN1020240785,SDL AP 7.09% 2035,30429,SDL AP 7.09% 2035,709AP35
NSE_EQ,NSE_EQ|IN1020210325,SDL AP 7.09% 2039,5968,SDL AP 7.09% 2039,709AP39
NSE_EQ,NSE_EQ|IN1220210232,SDL AS 7.09% 2032,8187,SDL AS 7.09% 2032,709AS32
NSE_EQ,NSE_EQ|IN1520210205,SDL GJ 7.09% 2032,8289,SDL GJ 7.09% 2032,709GJ32
NSE_EQ,NSE_EQ|IN0020240118,GOI LOAN  7.09% 2054,24949,GOI LOAN  7.09% 2054,709GS2054
NSE_EQ,NSE_EQ|IN0020240142,GOI LOAN   7.09% 2074,27170,GOI LOAN   7.09% 2074,709GS2074
NSE_EQ,NSE_EQ|IN1620210196,SDL HR 7.09% 2029,8569,SDL HR 7.09% 2029,709HR29
NSE_EQ,NSE_EQ|IN1620240227,SDL HR 7.09% 2037,27672,SDL HR 7.09% 2037,709HR37
NSE_EQ,NSE_EQ|IN1620240375,SDL HR 7.09% 2040,30441,SDL HR 7.09% 2040,709HR40
NSE_EQ,NSE_EQ|INE053F08445,IRFCL 7.09% 2034 SR 184,27951,IRFCL 7.09% 2034 SR 184,709IRFC34
NSE_EQ,NSE_EQ|IN1920190213,SDL KA 7.09% 2030,20313,SDL KA 7.09% 2030,709KA30
NSE_EQ,NSE_EQ|IN1920240117,SDL KA 7.09% 2030,27185,SDL KA 7.09% 2030,709KA30A
NSE_EQ,NSE_EQ|IN1920240075,SDL KA 7.09% 2035,25827,SDL KA 7.09% 2035,709KA35
NSE_EQ,NSE_EQ|IN2020210059,SDL KL 7.09% 2036,4748,SDL KL 7.09% 2036,709KL36
NSE_EQ,NSE_EQ|IN2120190110,SDL MP 7.09% 2030,21991,SDL MP 7.09% 2030,709MP30
NSE_EQ,NSE_EQ|IN3820240031,SDL PY 7.09% 2034,25832,SDL PY 7.09% 2034,709PY34
NSE_EQ,NSE_EQ|IN3820250014,SDL PY 7.09% 2040,757438,SDL PY 7.09% 2040,709PY40
NSE_EQ,NSE_EQ|IN2920210498,SDL RJ 7.09% 2032,8191,SDL RJ 7.09% 2032,709RJ32
NSE_EQ,NSE_EQ|IN2920240321,SDL RJ 7.09% 2035,25825,SDL RJ 7.09% 2035,709RJ35
NSE_EQ,NSE_EQ|INE020B08FK1,REC 7.09% 2039 SR 240A,27057,REC 7.09% 2039 SR 240A,709RL39
NSE_EQ,NSE_EQ|IN3120210437,SDL TN 7.09% 2030,8489,SDL TN 7.09% 2030,709TN30
NSE_EQ,NSE_EQ|IN3120240657,SDL TN 7.09% 2030,30069,SDL TN 7.09% 2030,709TN30A
NSE_EQ,NSE_EQ|IN3120240541,SDL TN 7.09% 2035,29575,SDL TN 7.09% 2035,709TN35
NSE_EQ,NSE_EQ|IN4520210126,SDL TS 7.09% 2034,5343,SDL TS 7.09% 2034,709TS34
NSE_EQ,NSE_EQ|IN4520210167,SDL TS 7.09% 2040,5998,SDL TS 7.09% 2040,709TS40
NSE_EQ,NSE_EQ|IN3320190215,SDL UP 7.09% 2030,22096,SDL UP 7.09% 2030,709UP30
NSE_EQ,NSE_EQ|IN3420200120,SDL WB 7.09% 2040,472,SDL WB 7.09% 2040,709WB40
NSE_EQ,NSE_EQ|IN1020210119,SDL AP 7.0% 2038,3758,SDL AP 7.0% 2038,70AP38
NSE_EQ,NSE_EQ|IN1020210390,SDL AP 7.0% 2038,6563,SDL AP 7.0% 2038,70AP38A
NSE_EQ,NSE_EQ|IN1020200383,SDL AP 7.0% 2039,318,SDL AP 7.0% 2039,70AP39
NSE_EQ,NSE_EQ|IN1020210242,SDL AP 7.0% 2039,5567,SDL AP 7.0% 2039,70AP39A
NSE_EQ,NSE_EQ|IN1020210408,SDL AP 7.0% 2039,6564,SDL AP 7.0% 2039,70AP39B
NSE_EQ,NSE_EQ|IN3520240018,SDL CG 7.0% 2029,25351,SDL CG 7.0% 2029,70CG29
NSE_EQ,NSE_EQ|IN1420210131,SDL GA 7.0% 2031,6483,SDL GA 7.0% 2031,70GA31
NSE_EQ,NSE_EQ|IN1420210164,SDL GA 7.0% 2031,7513,SDL GA 7.0% 2031,70GA31A
NSE_EQ,NSE_EQ|IN3720210027,SDL JH 7.0% 2033,5983,SDL JH 7.0% 2033,70JH33
NSE_EQ,NSE_EQ|IN4920210106,SDL JK 7.0% 2033,7307,SDL JK 7.0% 2033,70JK33
NSE_EQ,NSE_EQ|IN1920240034,SDL KA 7.0% 2030,25700,SDL KA 7.0% 2030,70KA30
NSE_EQ,NSE_EQ|IN2220190119,SDL MH 7.0% 2028,21944,SDL MH 7.0% 2028,70MH28
NSE_EQ,NSE_EQ|IN2320210023,SDL MN 7.0% 2031,4885,SDL MN 7.0% 2031,70MN31
NSE_EQ,NSE_EQ|IN2320210056,SDL MN 7.0% 2031,6101,SDL MN 7.0% 2031,70MN31A
NSE_EQ,NSE_EQ|IN2320210072,SDL MN 7.0% 2031,7530,SDL MN 7.0% 2031,70MN31B
NSE_EQ,NSE_EQ|IN2120210017,SDL MP 7.0% 2031,5034,SDL MP 7.0% 2031,70MP31
NSE_EQ,NSE_EQ|IN2520210039,SDL MZ 7.0% 2034,5559,SDL MZ 7.0% 2034,70MZ34
NSE_EQ,NSE_EQ|IN2620210053,SDL NL 7.0% 2031,6103,SDL NL 7.0% 2031,70NL31
NSE_EQ,NSE_EQ|IN2620210061,SDL NL 7.0% 2031,7316,SDL NL 7.0% 2031,70NL31A
NSE_EQ,NSE_EQ|IN2720240034,SDL OR 7.0% 2030,29518,SDL OR 7.0% 2030,70OR30
NSE_EQ,NSE_EQ|IN2920210233,SDL RJ 7.0% 2031,5036,SDL RJ 7.0% 2031,70RJ31
NSE_EQ,NSE_EQ|IN3120240640,SDL TN 7.0% 2029,30099,SDL TN 7.0% 2029,70TN29
NSE_EQ,NSE_EQ|IN3120210163,SDL TN 7.0% 2031,5336,SDL TN 7.0% 2031,70TN31
NSE_EQ,NSE_EQ|IN4520210142,SDL TS 7.0% 2036,5568,SDL TS 7.0% 2036,70TS36
NSE_EQ,NSE_EQ|IN4520200333,SDL TS 7.0% 2051,2227,SDL TS 7.0% 2051,70TS51
NSE_EQ,NSE_EQ|IN3620210028,SDL UK 7.0% 2031,5040,SDL UK 7.0% 2031,70UK31
NSE_EQ,NSE_EQ|IN3320200022,SDL UP 7.0% 2030,22088,SDL UP 7.0% 2030,70UP30
NSE_EQ,NSE_EQ|IN3420210087,SDL WB 7.0% 2031,5231,SDL WB 7.0% 2031,70WB31
NSE_EQ,NSE_EQ|IN3420210178,SDL WB 7.0% 2031,6482,SDL WB 7.0% 2031,70WB31A
NSE_EQ,NSE_EQ|IN1020240629,SDL AP 7.10% 2034,27328,SDL AP 7.10% 2034,710AP34
NSE_EQ,NSE_EQ|IN1520190209,SDL GJ 7.10% 2030,20099,SDL GJ 7.10% 2030,710GJ30
NSE_EQ,NSE_EQ|IN0020220136,GOI LOAN  7.10% 2028,14971,GOI LOAN  7.10% 2028,710GR2028
NSE_EQ,NSE_EQ|IN0020220011,GOI LOAN 7.10% 2029,9047,GOI LOAN 7.10% 2029,710GS2029
NSE_EQ,NSE_EQ|IN4920240178,SDL JK 7.10% 2044,27317,SDL JK 7.10% 2044,710JK44
NSE_EQ,NSE_EQ|IN4920240194,SDL JK 7.10% 2049,28278,SDL JK 7.10% 2049,710JK49
NSE_EQ,NSE_EQ|IN1920240174,SDL KA 7.10% 2032,29048,SDL KA 7.10% 2032,710KA32
NSE_EQ,NSE_EQ|IN1920240182,SDL KA 7.10% 2033,29052,SDL KA 7.10% 2033,710KA33
NSE_EQ,NSE_EQ|IN1920240083,SDL KA 7.10% 2035,25884,SDL KA 7.10% 2035,710KA35
NSE_EQ,NSE_EQ|IN2020240221,SDL KL 7.10% 2042,28256,SDL KL 7.10% 2042,710KL42
NSE_EQ,NSE_EQ|INE134E08NF8,PFCL 7.10% 2035 SR 243B,27617,PFCL 7.10% 2035 SR 243B,710PFCL35
NSE_EQ,NSE_EQ|INE020B08FM7,REC LTD 7.10% 35 SR 241,28479,REC LTD 7.10% 35 SR 241,710RECL35
NSE_EQ,NSE_EQ|IN2920240404,SDL RJ 7.10% 2046,28267,SDL RJ 7.10% 2046,710RJ46
NSE_EQ,NSE_EQ|IN2920240420,SDL RJ 7.10% 2050,29296,SDL RJ 7.10% 2050,710RJ50
NSE_EQ,NSE_EQ|IN2920240438,SDL RJ 7.10% 2051,29300,SDL RJ 7.10% 2051,710RJ51
NSE_EQ,NSE_EQ|IN3120240426,SDL TN 7.10% 2034,27664,SDL TN 7.10% 2034,710TN34
NSE_EQ,NSE_EQ|IN3120240442,SDL TN 7.10% 2054,28279,SDL TN 7.10% 2054,710TN54
NSE_EQ,NSE_EQ|IN4520240388,SDL TS 7.10% 2044,27324,SDL TS 7.10% 2044,710TS44
NSE_EQ,NSE_EQ|IN4520240396,SDL TS 7.10% 2045,27325,SDL TS 7.10% 2045,710TS45
NSE_EQ,NSE_EQ|IN4520240404,SDL TS 7.10% 2046,28272,SDL TS 7.10% 2046,710TS46
NSE_EQ,NSE_EQ|IN4520240412,SDL TS 7.10% 2047,28277,SDL TS 7.10% 2047,710TS47
NSE_EQ,NSE_EQ|IN4520240487,SDL TS 7.10% 2050,29299,SDL TS 7.10% 2050,710TS50
NSE_EQ,NSE_EQ|IN3620190139,SDL UK 7.10% 2030,22164,SDL UK 7.10% 2030,710UK30
NSE_EQ,NSE_EQ|IN3320190264,SDL UP 7.10% 2030,22083,SDL UP 7.10% 2030,710UP30
NSE_EQ,NSE_EQ|IN3320240028,SDL UP 7.10% 2032,27154,SDL UP 7.10% 2032,710UP32
NSE_EQ,NSE_EQ|IN1020240520,SDL AP 7.11% 2038,25685,SDL AP 7.11% 2038,711AP38
NSE_EQ,NSE_EQ|IN1020240637,SDL AP 7.11% 2038,27316,SDL AP 7.11% 2038,711AP38A
NSE_EQ,NSE_EQ|IN1020240710,SDL AP 7.11% 2038,29505,SDL AP 7.11% 2038,711AP38B
NSE_EQ,NSE_EQ|IN1020240645,SDL AP 7.11% 2039,27323,SDL AP 7.11% 2039,711AP39
NSE_EQ,NSE_EQ|IN1120240024,SDL AR 7.11% 2044,28260,SDL AR 7.11% 2044,711AR44
NSE_EQ,NSE_EQ|IN1220190186,SDL AS 7.11% 2030,20100,SDL AS 7.11% 2030,711AS30
NSE_EQ,NSE_EQ|IN1220240155,SDL AS 7.11% 2045,29294,SDL AS 7.11% 2045,711AS45
NSE_EQ,NSE_EQ|IN1320240055,SDL BR 7.11% 2033,25353,SDL BR 7.11% 2033,711BR33
NSE_EQ,NSE_EQ|IN1320240071,SDL BR 7.11% 2033,25701,SDL BR 7.11% 2033,711BR33A
NSE_EQ,NSE_EQ|IN1320240097,SDL BR 7.11% 2033,25883,SDL BR 7.11% 2033,711BR33B
NSE_EQ,NSE_EQ|IN1320240246,SDL BR 7.11% 2045,29293,SDL BR 7.11% 2045,711BR45
NSE_EQ,NSE_EQ|IN3520190072,SDL CG 7.11% 2030,22157,SDL CG 7.11% 2030,711CG30
NSE_EQ,NSE_EQ|IN1520200297,SDL GJ 7.11% 2031,2721,SDL GJ 7.11% 2031,711GJ31
NSE_EQ,NSE_EQ|IN1520240103,SDL GJ 7.11% 2033,28815,SDL GJ 7.11% 2033,711GJ33
NSE_EQ,NSE_EQ|IN1720190116,SDL HP 7.11% 2028,20041,SDL HP 7.11% 2028,711HP28
NSE_EQ,NSE_EQ|IN1720190124,SDL HP 7.11% 2030,20040,SDL HP 7.11% 2030,711HP30
NSE_EQ,NSE_EQ|IN1720240119,SDL HP 7.11% 2034,27313,SDL HP 7.11% 2034,711HP34
NSE_EQ,NSE_EQ|IN4920240210,SDL JK 7.11% 2055,29001,SDL JK 7.11% 2055,711JK55
NSE_EQ,NSE_EQ|IN1920240240,SDL KA 7.11% 2033,29573,SDL KA 7.11% 2033,711KA33
NSE_EQ,NSE_EQ|IN1920240125,SDL KA 7.11% 2035,28220,SDL KA 7.11% 2035,711KA35
NSE_EQ,NSE_EQ|IN1920240224,SDL KA 7.11% 2035,29500,SDL KA 7.11% 2035,711KA35A
NSE_EQ,NSE_EQ|IN2220220015,SDL MH 7.11% 2029,8935,SDL MH 7.11% 2029,711MH29
NSE_EQ,NSE_EQ|IN2220240310,SDL MH 7.11% 2036,25499,SDL MH 7.11% 2036,711MH36
NSE_EQ,NSE_EQ|IN2220240369,SDL MH 7.11% 2038,29061,SDL MH 7.11% 2038,711MH38
NSE_EQ,NSE_EQ|IN2420240078,SDL ML 7.11% 2033,28205,SDL ML 7.11% 2033,711ML33
NSE_EQ,NSE_EQ|IN2120190185,SDL MP 7.11% 2030,21963,SDL MP 7.11% 2030,711MP30
NSE_EQ,NSE_EQ|IN2520190058,SDL MZ 7.11% 2030,22020,SDL MZ 7.11% 2030,711MZ30
NSE_EQ,NSE_EQ|INE733E07JR2,TFB 7.11% 2025 SR. 1A,10737,TFB 7.11% 2025 SR. 1A,711NTPC25A
NSE_EQ,NSE_EQ|IN2720240042,SDL OR 7.11% 2037,29504,SDL OR 7.11% 2037,711OR37
NSE_EQ,NSE_EQ|INE134E08NG6,PFCL 7.11% 2040 SR 243A,27598,PFCL 7.11% 2040 SR 243A,711PFCL40
NSE_EQ,NSE_EQ|IN2820240223,SDL PN 7.11% 2044,25833,SDL PN 7.11% 2044,711PN44
NSE_EQ,NSE_EQ|IN2920240388,SDL RJ 7.11% 2034,28211,SDL RJ 7.11% 2034,711RJ34
NSE_EQ,NSE_EQ|IN3120240368,SDL TN 7.11% 2034,27153,SDL TN 7.11% 2034,711TN34
NSE_EQ,NSE_EQ|IN3120240467,SDL TN 7.11% 2034,28825,SDL TN 7.11% 2034,711TN34A
NSE_EQ,NSE_EQ|IN3120240525,SDL TN 7.11% 2045,29292,SDL TN 7.11% 2045,711TN45
NSE_EQ,NSE_EQ|IN3120240483,SDL TN 7.11% 2055,29072,SDL TN 7.11% 2055,711TN55
NSE_EQ,NSE_EQ|IN4520240347,SDL TS 7.11% 2045,25834,SDL TS 7.11% 2045,711TS45
NSE_EQ,NSE_EQ|IN4520240461,SDL TS 7.11% 2047,29297,SDL TS 7.11% 2047,711TS47
NSE_EQ,NSE_EQ|IN4520240453,SDL TS 7.11% 2055,29071,SDL TS 7.11% 2055,711TS55
NSE_EQ,NSE_EQ|IN3620190089,SDL UK 7.11% 2030,22169,SDL UK 7.11% 2030,711UK30
NSE_EQ,NSE_EQ|INE033L07IO1,TCHFL 7.123% 2027,756823,TCHFL 7.123% 2027,7123TCHF27
NSE_EQ,NSE_EQ|IN1020210192,SDL AP 7.12% 2035,5041,SDL AP 7.12% 2035,712AP35
NSE_EQ,NSE_EQ|IN1020210168,SDL AP 7.12% 2037,4789,SDL AP 7.12% 2037,712AP37
NSE_EQ,NSE_EQ|IN1220210208,SDL AS 7.12% 2032,7691,SDL AS 7.12% 2032,712AS32
NSE_EQ,NSE_EQ|IN1220210240,SDL AS 7.12% 2032,8295,SDL AS 7.12% 2032,712AS32A
NSE_EQ,NSE_EQ|IN1220240122,SDL AS 7.12% 2034,27318,SDL AS 7.12% 2034,712AS34
NSE_EQ,NSE_EQ|IN1320240063,SDL BR 7.12% 2033,25493,SDL BR 7.12% 2033,712BR33
NSE_EQ,NSE_EQ|IN1320240154,SDL BR 7.12% 2034,28213,SDL BR 7.12% 2034,712BR34
NSE_EQ,NSE_EQ|IN1320240238,SDL BR 7.12% 2037,29282,SDL BR 7.12% 2037,712BR37
NSE_EQ,NSE_EQ|IN1320240253,SDL BR 7.12% 2037,29502,SDL BR 7.12% 2037,712BR37A
NSE_EQ,NSE_EQ|INE514E08GF5,EXIM 7.12% 2030 SR AA03,30489,EXIM 7.12% 2030 SR AA03,712EXIM30
NSE_EQ,NSE_EQ|IN1420240054,SDL GA 7.12% 2034,25498,SDL GA 7.12% 2034,712GA34
NSE_EQ,NSE_EQ|IN1420240070,SDL GA 7.12% 2034,25885,SDL GA 7.12% 2034,712GA34A
NSE_EQ,NSE_EQ|IN1420240062,SDL GA 7.12% 2035,25704,SDL GA 7.12% 2035,712GA35
NSE_EQ,NSE_EQ|IN1520210213,SDL GJ 7.12% 2032,8324,SDL GJ 7.12% 2032,712GJ32
NSE_EQ,NSE_EQ|IN1520240152,SDL GJ 7.12% 2035,29237,SDL GJ 7.12% 2035,712GJ35
NSE_EQ,NSE_EQ|IN1520240244,SDL GJ 7.12% 2037,29694,SDL GJ 7.12% 2037,712GJ37A
NSE_EQ,NSE_EQ|IN1720240127,SDL HP 7.12% 2036,28226,SDL HP 7.12% 2036,712HP36
NSE_EQ,NSE_EQ|IN1620240177,SDL HR 7.12% 2036,25501,SDL HR 7.12% 2036,712HR36
NSE_EQ,NSE_EQ|IN1620240185,SDL HR 7.12% 2036,25705,SDL HR 7.12% 2036,712HR36A
NSE_EQ,NSE_EQ|IN1620240201,SDL HR 7.12% 2037,27117,SDL HR 7.12% 2037,712HR37
NSE_EQ,NSE_EQ|IN1620190182,SDL HR 7.12% 2040,20775,SDL HR 7.12% 2040,712HR40
NSE_EQ,NSE_EQ|INE562A08107,INBK 7.12% 2034 SR II,25931,INBK 7.12% 2034 SR II,712INBK34
NSE_EQ,NSE_EQ|IN4920210130,SDL JK 7.12% 2037,8334,SDL JK 7.12% 2037,712JK37
NSE_EQ,NSE_EQ|IN1920240059,SDL KA 7.12% 2033,25767,SDL KA 7.12% 2033,712KA33
NSE_EQ,NSE_EQ|IN1920210201,SDL KA 7.12% 2034,7539,SDL KA 7.12% 2034,712KA34
NSE_EQ,NSE_EQ|IN1920240133,SDL KA 7.12% 2036,28233,SDL KA 7.12% 2036,712KA36
NSE_EQ,NSE_EQ|IN1920210375,SDL KA 7.12% 2037,8196,SDL KA 7.12% 2037,712KA37
NSE_EQ,NSE_EQ|IN2020240213,SDL KL 7.12% 2035,27315,SDL KL 7.12% 2035,712KL35
NSE_EQ,NSE_EQ|IN2220240278,SDL MH 7.12% 2036,25356,SDL MH 7.12% 2036,712MH36
NSE_EQ,NSE_EQ|IN2220240401,SDL MH 7.12% 2036,29501,SDL MH 7.12% 2036,712MH36A
NSE_EQ,NSE_EQ|IN2220240328,SDL MH 7.12% 2038,25502,SDL MH 7.12% 2038,712MH38
NSE_EQ,NSE_EQ|IN2220240427,SDL MH 7.12% 2038,29507,SDL MH 7.12% 2038,712MH38A
NSE_EQ,NSE_EQ|IN2220240336,SDL MH 7.12% 2043,25476,SDL MH 7.12% 2043,712MH43
NSE_EQ,NSE_EQ|IN2420240060,SDL ML 7.12% 2034,25703,SDL ML 7.12% 2034,712ML34
NSE_EQ,NSE_EQ|IN2320240079,SDL MN 7.12% 2040,30444,SDL MN 7.12% 2040,712MN40
NSE_EQ,NSE_EQ|IN2120190151,SDL MP 7.12% 2035,21966,SDL MP 7.12% 2035,712MP35
NSE_EQ,NSE_EQ|IN2120240055,SDL MP 7.12% 2036,25500,SDL MP 7.12% 2036,712MP36
NSE_EQ,NSE_EQ|IN2120240147,SDL MP 7.12% 2047,29005,SDL MP 7.12% 2047,712MP47
NSE_EQ,NSE_EQ|IN2520210021,SDL MZ 7.12% 2034,5003,SDL MZ 7.12% 2034,712MZ34
NSE_EQ,NSE_EQ|INE752E08775,PG 7.12% 2034 SR LXXX,28615,PG 7.12% 2034 SR LXXX,712PGCIL34
NSE_EQ,NSE_EQ|IN2820240256,SDL PN 7.12% 2036,27322,SDL PN 7.12% 2036,712PN36
NSE_EQ,NSE_EQ|IN2820210150,SDL PN 7.12% 2037,8197,SDL PN 7.12% 2037,712PN37
NSE_EQ,NSE_EQ|IN2820240272,SDL PN 7.12% 2045,29295,SDL PN 7.12% 2045,712PN45
NSE_EQ,NSE_EQ|IN2920240396,SDL RJ 7.12% 2039,28235,SDL RJ 7.12% 2039,712RJ39
NSE_EQ,NSE_EQ|IN3120210395,SDL TN 7.12% 2030,8352,SDL TN 7.12% 2030,712TN30
NSE_EQ,NSE_EQ|IN3120240301,SDL TN 7.12% 2034,25769,SDL TN 7.12% 2034,712TN34
NSE_EQ,NSE_EQ|IN3120240350,SDL TN 7.12% 2034,27003,SDL TN 7.12% 2034,712TN34A
NSE_EQ,NSE_EQ|IN3120240517,SDL TN 7.12% 2055,29242,SDL TN 7.12% 2055,712TN55
NSE_EQ,NSE_EQ|IN4520240321,SDL TS 7.12% 2039,25686,SDL TS 7.12% 2039,712TS39
NSE_EQ,NSE_EQ|IN4520240420,SDL TS 7.12% 2051,29006,SDL TS 7.12% 2051,712TS51
NSE_EQ,NSE_EQ|IN4520240446,SDL TS 7.12% 2054,29070,SDL TS 7.12% 2054,712TS54
NSE_EQ,NSE_EQ|IN3320210195,SDL UP 7.12% 2032,7709,SDL UP 7.12% 2032,712UP32
NSE_EQ,NSE_EQ|IN3420210228,SDL WB 7.12% 2036,7548,SDL WB 7.12% 2036,712WB36
NSE_EQ,NSE_EQ|IN3420210111,SDL WB 7.12% 2051,5542,SDL WB 7.12% 2051,712WB51
NSE_EQ,NSE_EQ|IN1020210150,SDL AP 7.13% 2036,4766,SDL AP 7.13% 2036,713AP36
NSE_EQ,NSE_EQ|IN1020210333,SDL AP 7.13% 2036,6112,SDL AP 7.13% 2036,713AP36A
NSE_EQ,NSE_EQ|IN1020210531,SDL AP 7.13% 2039,8335,SDL AP 7.13% 2039,713AP39
NSE_EQ,NSE_EQ|IN1020210507,SDL AP 7.13% 2040,8193,SDL AP 7.13% 2040,713AP40
NSE_EQ,NSE_EQ|IN1020210515,SDL AP 7.13% 2041,8194,SDL AP 7.13% 2041,713AP41
NSE_EQ,NSE_EQ|IN1220240080,SDL AS 7.13% 2034,25355,SDL AS 7.13% 2034,713AS34
NSE_EQ,NSE_EQ|IN1220240114,SDL AS 7.13% 2034,25770,SDL AS 7.13% 2034,713AS34A
NSE_EQ,NSE_EQ|IN1220240106,SDL AS 7.13% 2039,25691,SDL AS 7.13% 2039,713AS39
NSE_EQ,NSE_EQ|IN1320210140,SDL BR 7.13% 2032,8298,SDL BR 7.13% 2032,713BR32
NSE_EQ,NSE_EQ|IN1320240113,SDL BR 7.13% 2034,27002,SDL BR 7.13% 2034,713BR34
NSE_EQ,NSE_EQ|IN1320240121,SDL BR 7.13% 2034,27149,SDL BR 7.13% 2034,713BR34A
NSE_EQ,NSE_EQ|IN1320240147,SDL BR 7.13% 2034,27319,SDL BR 7.13% 2034,713BR34B
NSE_EQ,NSE_EQ|IN1420240088,SDL GA 7.13% 2034,27150,SDL GA 7.13% 2034,713GA34
NSE_EQ,NSE_EQ|IN1720240101,SDL HP 7.13% 2039,27116,SDL HP 7.13% 2039,713HP39
NSE_EQ,NSE_EQ|IN1620210139,SDL HR 7.13% 2032,7692,SDL HR 7.13% 2032,713HR32
NSE_EQ,NSE_EQ|IN1620240169,SDL HR 7.13% 2036,25359,SDL HR 7.13% 2036,713HR36
NSE_EQ,NSE_EQ|IN1620240193,SDL HR 7.13% 2036,27004,SDL HR 7.13% 2036,713HR36A
NSE_EQ,NSE_EQ|IN1620210154,SDL HR 7.13% 2042,8336,SDL HR 7.13% 2042,713HR42
NSE_EQ,NSE_EQ|IN4920210122,SDL JK 7.13% 2034,8192,SDL JK 7.13% 2034,713JK34
NSE_EQ,NSE_EQ|IN1920240257,SDL KA 7.13% 2034,29709,SDL KA 7.13% 2034,713KA34A
NSE_EQ,NSE_EQ|IN1920210383,SDL KA 7.13% 2038,8301,SDL KA 7.13% 2038,713KA38
NSE_EQ,NSE_EQ|IN1920210391,SDL KA 7.13% 2039,8302,SDL KA 7.13% 2039,713KA39
NSE_EQ,NSE_EQ|IN1920240216,SDL KA 7.13% 2041,29285,SDL KA 7.13% 2041,713KA41
NSE_EQ,NSE_EQ|IN2020210083,SDL KL 7.13% 2046,4897,SDL KL 7.13% 2046,713KL46
NSE_EQ,NSE_EQ|IN2220240286,SDL MH 7.13% 2037,25360,SDL MH 7.13% 2037,713MH37
NSE_EQ,NSE_EQ|IN2220240351,SDL MH 7.13% 2037,25773,SDL MH 7.13% 2037,713MH37A
NSE_EQ,NSE_EQ|IN2220240419,SDL MH 7.13% 2037,29503,SDL MH 7.13% 2037,713MH37B
NSE_EQ,NSE_EQ|IN2220240294,SDL MH 7.13% 2043,25364,SDL MH 7.13% 2043,713MH43
NSE_EQ,NSE_EQ|IN2520240085,SDL MZ 7.13% 2039,28241,SDL MZ 7.13% 2039,713MZ39
NSE_EQ,NSE_EQ|IN2820250073,SDL PN 7.13% 2050,757439,SDL PN 7.13% 2050,713PN50
NSE_EQ,NSE_EQ|IN2920210555,SDL RJ 7.13% 2029,8680,SDL RJ 7.13% 2029,713RJ29
NSE_EQ,NSE_EQ|IN2920200788,SDL RJ 7.13% 2031,2673,SDL RJ 7.13% 2031,713RJ31
NSE_EQ,NSE_EQ|IN2920240339,SDL RJ 7.13% 2034,25957,SDL RJ 7.13% 2034,713RJ34
NSE_EQ,NSE_EQ|IN2920240412,SDL RJ 7.13% 2035,29280,SDL RJ 7.13% 2035,713RJ35
NSE_EQ,NSE_EQ|IN2920240297,SDL RJ 7.13% 2039,25474,SDL RJ 7.13% 2039,713RJ39
NSE_EQ,NSE_EQ|IN2920210209,SDL RJ 7.13% 2041,4869,SDL RJ 7.13% 2041,713RJ41
NSE_EQ,NSE_EQ|IN2920240313,SDL RJ 7.13% 2046,25481,SDL RJ 7.13% 2046,713RJ46
NSE_EQ,NSE_EQ|IN3120210460,SDL TN 7.13% 2030,8570,SDL TN 7.13% 2030,713TN30
NSE_EQ,NSE_EQ|IN3120240327,SDL TN 7.13% 2034,25956,SDL TN 7.13% 2034,713TN34
NSE_EQ,NSE_EQ|IN3120210338,SDL TN 7.13% 2047,8198,SDL TN 7.13% 2047,713TN47
NSE_EQ,NSE_EQ|IN4520210274,SDL TS 7.13% 2034,8333,SDL TS 7.13% 2034,713TS34
NSE_EQ,NSE_EQ|IN4520240313,SDL TS 7.13% 2036,25357,SDL TS 7.13% 2036,713TS36
NSE_EQ,NSE_EQ|IN4520210266,SDL TS 7.13% 2037,8299,SDL TS 7.13% 2037,713TS37
NSE_EQ,NSE_EQ|IN4520240370,SDL TS 7.13% 2039,27115,SDL TS 7.13% 2039,713TS39
NSE_EQ,NSE_EQ|IN4520240438,SDL TS 7.13% 2049,29069,SDL TS 7.13% 2049,713TS49
NSE_EQ,NSE_EQ|IN3620240066,SDL UK 7.13% 2032,29049,SDL UK 7.13% 2032,713UK32
NSE_EQ,NSE_EQ|IN3420240159,SDL WB 7.13% 2040,28250,SDL WB 7.13% 2040,713WB40
NSE_EQ,NSE_EQ|IN3420240209,SDL WB 7.13% 2042,29286,SDL WB 7.13% 2042,713WB42
NSE_EQ,NSE_EQ|IN3420240217,SDL WB 7.13% 2044,29291,SDL WB 7.13% 2044,713WB44
NSE_EQ,NSE_EQ|IN1020190477,SDL AP 7.14% 2034,20019,SDL AP 7.14% 2034,714AP34
NSE_EQ,NSE_EQ|IN1020240603,SDL AP 7.14% 2034,27187,SDL AP 7.14% 2034,714AP34A
NSE_EQ,NSE_EQ|IN1020210424,SDL AP 7.14% 2035,7540,SDL AP 7.14% 2035,714AP35
NSE_EQ,NSE_EQ|IN1020210200,SDL AP 7.14% 2036,5044,SDL AP 7.14% 2036,714AP36
NSE_EQ,NSE_EQ|IN1020210218,SDL AP 7.14% 2037,5234,SDL AP 7.14% 2037,714AP37
NSE_EQ,NSE_EQ|IN1020210432,SDL AP 7.14% 2040,7549,SDL AP 7.14% 2040,714AP40
NSE_EQ,NSE_EQ|IN1020210226,SDL AP 7.14% 2041,5236,SDL AP 7.14% 2041,714AP41
NSE_EQ,NSE_EQ|IN1020210341,SDL AP 7.14% 2041,6115,SDL AP 7.14% 2041,714AP41A
NSE_EQ,NSE_EQ|IN1020210440,SDL AP 7.14% 2041,7550,SDL AP 7.14% 2041,714AP41B
NSE_EQ,NSE_EQ|IN1020240538,SDL AP 7.14% 2044,25696,SDL AP 7.14% 2044,714AP44
NSE_EQ,NSE_EQ|IN1020240546,SDL AP 7.14% 2048,25698,SDL AP 7.14% 2048,714AP48
NSE_EQ,NSE_EQ|IN1320190201,SDL BR 7.14% 2030,20016,SDL BR 7.14% 2030,714BR30
NSE_EQ,NSE_EQ|IN1320240089,SDL BR 7.14% 2033,25768,SDL BR 7.14% 2033,714BR33
NSE_EQ,NSE_EQ|IN1320240279,SDL BR 7.14% 2037,29565,SDL BR 7.14% 2037,714BR37
NSE_EQ,NSE_EQ|IN1320240220,SDL BR 7.14% 2045,29236,SDL BR 7.14% 2045,714BR45
NSE_EQ,NSE_EQ|IN3520240091,SDL CG 7.14% 2032,30181,SDL CG 7.14% 2032,714CG32
NSE_EQ,NSE_EQ|IN3520240034,SDL CG 7.14% 2033,29567,SDL CG 7.14% 2033,714CG33
NSE_EQ,NSE_EQ|INE514E08GD0,EXIM 7.14% 2029 SR 1,27811,EXIM 7.14% 2029 SR 1,714EXIM29
NSE_EQ,NSE_EQ|IN1420190150,SDL GA 7.14% 2030,20667,SDL GA 7.14% 2030,714GA30
NSE_EQ,NSE_EQ|IN1720210088,SDL HP 7.14% 2033,7536,SDL HP 7.14% 2033,714HP33
NSE_EQ,NSE_EQ|IN1620200171,SDL HR 7.14% 2031,2743,SDL HR 7.14% 2031,714HR31
NSE_EQ,NSE_EQ|IN1620240276,SDL HR 7.14% 2038,29238,SDL HR 7.14% 2038,714HR38
NSE_EQ,NSE_EQ|IN1620240284,SDL HR 7.14% 2038,29283,SDL HR 7.14% 2038,714HR38A
NSE_EQ,NSE_EQ|IN1620240292,SDL HR 7.14% 2038,29570,SDL HR 7.14% 2038,714HR38B
NSE_EQ,NSE_EQ|IN4920210114,SDL JK 7.14% 2036,7543,SDL JK 7.14% 2036,714JK36
NSE_EQ,NSE_EQ|IN4920240202,SDL JK 7.14% 2051,28817,SDL JK 7.14% 2051,714JK51
NSE_EQ,NSE_EQ|IN1920190114,SDL KA 7.14% 2029,22218,SDL KA 7.14% 2029,714KA29
NSE_EQ,NSE_EQ|IN1920190130,SDL KA 7.14% 2029,22225,SDL KA 7.14% 2029,714KA29A
NSE_EQ,NSE_EQ|IN1920210243,SDL KA 7.14% 2032,7813,SDL KA 7.14% 2032,714KA32
NSE_EQ,NSE_EQ|IN2020210174,SDL KL 7.14% 2035,7541,SDL KL 7.14% 2035,714KL35
NSE_EQ,NSE_EQ|IN2020240247,SDL KL 7.14% 2045,29240,SDL KL 7.14% 2045,714KL45
NSE_EQ,NSE_EQ|IN2020240163,SDL KL 7.14% 2047,25365,SDL KL 7.14% 2047,714KL47
NSE_EQ,NSE_EQ|IN2220190093,SDL MH 7.14% 2029,21941,SDL MH 7.14% 2029,714MH29
NSE_EQ,NSE_EQ|IN2220240435,SDL MH 7.14% 2039,29508,SDL MH 7.14% 2039,714MH39
NSE_EQ,NSE_EQ|IN2220240377,SDL MH 7.14% 2043,29064,SDL MH 7.14% 2043,714MH43
NSE_EQ,NSE_EQ|IN2120240246,SDL MP 7.14% 2032,30179,SDL MP 7.14% 2032,714MP32
NSE_EQ,NSE_EQ|IN2120240063,SDL MP 7.14% 2043,25477,SDL MP 7.14% 2043,714MP43
NSE_EQ,NSE_EQ|IN2120240121,SDL MP 7.14% 2045,28820,SDL MP 7.14% 2045,714MP45
NSE_EQ,NSE_EQ|INE906B07EG4,TAX FREE7.14% SR.IA,11949,TAX FREE7.14% SR.IA,714NHAI26
NSE_EQ,NSE_EQ|INE557F08GA2,NHB 7.14% 2034,27130,NHB 7.14% 2034,714NHB34
NSE_EQ,NSE_EQ|INE206D08519,NPC 7.14% 2039 SR 39,28371,NPC 7.14% 2039 SR 39,714NPC39
NSE_EQ,NSE_EQ|IN2820210135,SDL PN 7.14% 2032,7708,SDL PN 7.14% 2032,714PN32
NSE_EQ,NSE_EQ|IN2820210127,SDL PN 7.14% 2036,7544,SDL PN 7.14% 2036,714PN36
NSE_EQ,NSE_EQ|IN2820240215,SDL PN 7.14% 2049,25483,SDL PN 7.14% 2049,714PN49
NSE_EQ,NSE_EQ|IN3820240056,SDL PY 7.14% 2031,29707,SDL PY 7.14% 2031,714PY31A
NSE_EQ,NSE_EQ|IN3820240049,SDL PY 7.14% 2035,28823,SDL PY 7.14% 2035,714PY35
NSE_EQ,NSE_EQ|IN2920190385,SDL RJ 7.14% 2030,22074,SDL RJ 7.14% 2030,714RJ30
NSE_EQ,NSE_EQ|IN2920210423,SDL RJ 7.14% 2032,7819,SDL RJ 7.14% 2032,714RJ32
NSE_EQ,NSE_EQ|IN2920240446,SDL RJ 7.14% 2037,29695,SDL RJ 7.14% 2037,714RJ37A
NSE_EQ,NSE_EQ|IN3020200017,SDL SK 7.14% 2030,22154,SDL SK 7.14% 2030,714SK30
NSE_EQ,NSE_EQ|IN3020240013,SDL SK 7.14% 2034,25771,SDL SK 7.14% 2034,714SK34
NSE_EQ,NSE_EQ|IN3120210379,SDL TN 7.14% 2032,8325,SDL TN 7.14% 2032,714TN32
NSE_EQ,NSE_EQ|IN3120240384,SDL TN 7.14% 2034,27190,SDL TN 7.14% 2034,714TN34
NSE_EQ,NSE_EQ|IN3120240475,SDL TN 7.14% 2044,28826,SDL TN 7.14% 2044,714TN44
NSE_EQ,NSE_EQ|IN4520210217,SDL TS 7.14% 2033,7538,SDL TS 7.14% 2033,714TS33
NSE_EQ,NSE_EQ|IN4520210118,SDL TS 7.14% 2041,5237,SDL TS 7.14% 2041,714TS41
NSE_EQ,NSE_EQ|IN4520240339,SDL TS 7.14% 2042,25692,SDL TS 7.14% 2042,714TS42
NSE_EQ,NSE_EQ|IN3620240074,SDL UK 7.14% 2032,29519,SDL UK 7.14% 2032,714UK32
NSE_EQ,NSE_EQ|IN3320190207,SDL UP 7.14% 2030,22095,SDL UP 7.14% 2030,714UP30
NSE_EQ,NSE_EQ|IN3420210236,SDL WB 7.14% 2032,7710,SDL WB 7.14% 2032,714WB32
NSE_EQ,NSE_EQ|IN1020190519,SDL AP 7.15% 2031,20772,SDL AP 7.15% 2031,715AP31
NSE_EQ,NSE_EQ|IN1020190527,SDL AP 7.15% 2032,20773,SDL AP 7.15% 2032,715AP32
NSE_EQ,NSE_EQ|IN1020190451,SDL AP 7.15% 2036,20919,SDL AP 7.15% 2036,715AP36
NSE_EQ,NSE_EQ|IN1020210176,SDL AP 7.15% 2037,5004,SDL AP 7.15% 2037,715AP37
NSE_EQ,NSE_EQ|IN1020240553,SDL AP 7.15% 2039,25962,SDL AP 7.15% 2039,715AP39
NSE_EQ,NSE_EQ|IN1020240587,SDL AP 7.15% 2042,27007,SDL AP 7.15% 2042,715AP42
NSE_EQ,NSE_EQ|IN1020240595,SDL AP 7.15% 2047,27009,SDL AP 7.15% 2047,715AP47
NSE_EQ,NSE_EQ|IN1220240148,SDL AS 7.15% 2035,29058,SDL AS 7.15% 2035,715AS35
NSE_EQ,NSE_EQ|IN1220240171,SDL AS 7.15% 2035,29692,SDL AS 7.15% 2035,715AS35B
NSE_EQ,NSE_EQ|IN1320240105,SDL BR 7.15% 2034,25958,SDL BR 7.15% 2034,715BR34
NSE_EQ,NSE_EQ|IN1320240162,SDL BR 7.15% 2034,28814,SDL BR 7.15% 2034,715BR34A
NSE_EQ,NSE_EQ|IN1320240170,SDL BR 7.15% 2035,29059,SDL BR 7.15% 2035,715BR35
NSE_EQ,NSE_EQ|IN1320240212,SDL BR 7.15% 2037,29235,SDL BR 7.15% 2037,715BR37
NSE_EQ,NSE_EQ|IN1320240295,SDL BR 7.15% 2037,29704,SDL BR 7.15% 2037,715BR37B
NSE_EQ,NSE_EQ|IN1320240188,SDL BR 7.15% 2040,29063,SDL BR 7.15% 2040,715BR40
NSE_EQ,NSE_EQ|IN1420190192,SDL GA 7.15% 2030,20546,SDL GA 7.15% 2030,715GA30
NSE_EQ,NSE_EQ|IN1420210180,SDL GA 7.15% 2032,8326,SDL GA 7.15% 2032,715GA32
NSE_EQ,NSE_EQ|IN1620220013,SDL HR 7.15% 2028,9333,SDL HR 7.15% 2028,715HR28
NSE_EQ,NSE_EQ|IN1620240250,SDL HR 7.15% 2038,29060,SDL HR 7.15% 2038,715HR38
NSE_EQ,NSE_EQ|INE053F08452,IRFCL 7.15% 2034 SR 185,28895,IRFCL 7.15% 2034 SR 185,715IRFC34
NSE_EQ,NSE_EQ|INE053F08437,IRFCL 7.15% 2039 SR 183,27121,IRFCL 7.15% 2039 SR 183,715IRFC39
NSE_EQ,NSE_EQ|IN4920200099,SDL JK 7.15% 2032,457,SDL JK 7.15% 2032,715JK32
NSE_EQ,NSE_EQ|IN1920240091,SDL KA 7.15% 2036,25959,SDL KA 7.15% 2036,715KA36
NSE_EQ,NSE_EQ|IN1920240208,SDL KA 7.15% 2038,29239,SDL KA 7.15% 2038,715KA38
NSE_EQ,NSE_EQ|IN1920240158,SDL KA 7.15% 2042,29002,SDL KA 7.15% 2042,715KA42
NSE_EQ,NSE_EQ|IN1920240166,SDL KA 7.15% 2043,29003,SDL KA 7.15% 2043,715KA43
NSE_EQ,NSE_EQ|IN2020240189,SDL KL 7.15% 2039,25960,SDL KL 7.15% 2039,715KL39
NSE_EQ,NSE_EQ|IN2020240197,SDL KL 7.15% 2040,27005,SDL KL 7.15% 2040,715KL40
NSE_EQ,NSE_EQ|IN2320240046,SDL MN 7.15% 2039,25961,SDL MN 7.15% 2039,715MN39
NSE_EQ,NSE_EQ|IN2320240053,SDL MN 7.15% 2039,28821,SDL MN 7.15% 2039,715MN39A
NSE_EQ,NSE_EQ|IN2120240071,SDL MP 7.15% 2035,25772,SDL MP 7.15% 2035,715MP35
NSE_EQ,NSE_EQ|IN2120240089,SDL MP 7.15% 2043,25776,SDL MP 7.15% 2043,715MP43
NSE_EQ,NSE_EQ|IN2520240069,SDL MZ 7.15% 2039,25774,SDL MZ 7.15% 2039,715MZ39
NSE_EQ,NSE_EQ|IN2520240077,SDL MZ 7.15% 2040,27006,SDL MZ 7.15% 2040,715MZ40
NSE_EQ,NSE_EQ|INE0KUG08068,NABF 7.15% 2035 SR 4,756169,NABF 7.15% 2035 SR 4,715NBFID35
NSE_EQ,NSE_EQ|IN2620240027,SDL NL 7.15% 2034,28822,SDL NL 7.15% 2034,715NL34
NSE_EQ,NSE_EQ|IN2720240018,SDL OR 7.15% 2038,27152,SDL OR 7.15% 2038,715OR38
NSE_EQ,NSE_EQ|IN2820240207,SDL PN 7.15% 2044,25479,SDL PN 7.15% 2044,715PN44
NSE_EQ,NSE_EQ|IN3820240064,SDL PY 7.15% 2039,29710,SDL PY 7.15% 2039,715PY39A
NSE_EQ,NSE_EQ|IN2920190328,SDL RJ 7.15% 2030,22054,SDL RJ 7.15% 2030,715RJ30
NSE_EQ,NSE_EQ|IN2920200739,SDL RJ 7.15% 2031,2545,SDL RJ 7.15% 2031,715RJ31
NSE_EQ,NSE_EQ|IN2920200796,SDL RJ 7.15% 2031,2744,SDL RJ 7.15% 2031,715RJ31A
NSE_EQ,NSE_EQ|IN2920240503,SDL RJ 7.15% 2035,30159,SDL RJ 7.15% 2035,715RJ35
NSE_EQ,NSE_EQ|IN2920240305,SDL RJ 7.15% 2042,25475,SDL RJ 7.15% 2042,715RJ42
NSE_EQ,NSE_EQ|INE667F07JB3,SHFL 7.15% 2028 SR 350,757896,SHFL 7.15% 2028 SR 350,715SHFL28
NSE_EQ,NSE_EQ|INE667F07JC1,SHFL 7.15% 2030 SR 351,757047,SHFL 7.15% 2030 SR 351,715SHFL30
NSE_EQ,NSE_EQ|IN3120190209,SDL TN 7.15% 2027,22120,SDL TN 7.15% 2027,715TN27
NSE_EQ,NSE_EQ|IN3120240715,SDL TN 7.15% 2033,30182,SDL TN 7.15% 2033,715TN33
NSE_EQ,NSE_EQ|IN3120240509,SDL TN 7.15% 2035,29241,SDL TN 7.15% 2035,715TN35
NSE_EQ,NSE_EQ|IN3620240058,SDL UK 7.15% 2030,28828,SDL UK 7.15% 2030,715UK30
NSE_EQ,NSE_EQ|IN3320210203,SDL UP 7.15% 2032,7821,SDL UP 7.15% 2032,715UP32
NSE_EQ,NSE_EQ|IN3320240069,SDL UP 7.15% 2037,29007,SDL UP 7.15% 2037,715UP37
NSE_EQ,NSE_EQ|IN3320240135,SDL UP 7.15% 2037,30160,SDL UP 7.15% 2037,715UP37A
NSE_EQ,NSE_EQ|IN3420190180,SDL WB 7.15% 2035,22150,SDL WB 7.15% 2035,715WB35
NSE_EQ,NSE_EQ|IN3420240183,SDL WB 7.15% 2040,29009,SDL WB 7.15% 2040,715WB40
NSE_EQ,NSE_EQ|IN3420240100,SDL WB 7.15% 2044,25478,SDL WB 7.15% 2044,715WB44
NSE_EQ,NSE_EQ|IN3420240126,SDL WB 7.15% 2044,25697,SDL WB 7.15% 2044,715WB44A
NSE_EQ,NSE_EQ|IN3420240118,SDL WB 7.15% 2045,25480,SDL WB 7.15% 2045,715WB45
NSE_EQ,NSE_EQ|IN1020240728,SDL AP 7.16% 2040,29512,SDL AP 7.16% 2040,716AP40
NSE_EQ,NSE_EQ|IN1020240579,SDL AP 7.16% 2047,25966,SDL AP 7.16% 2047,716AP47
NSE_EQ,NSE_EQ|IN1120240016,SDL AR 7.16% 2044,27205,SDL AR 7.16% 2044,716AR44
NSE_EQ,NSE_EQ|IN1220240163,SDL AS 7.16% 2040,29513,SDL AS 7.16% 2040,716AS40
NSE_EQ,NSE_EQ|IN3520240109,SDL CG 7.16% 2033,30184,SDL CG 7.16% 2033,716CG33
NSE_EQ,NSE_EQ|IN3520240117,SDL CG 7.16% 2034,30185,SDL CG 7.16% 2034,716CG34
NSE_EQ,NSE_EQ|IN1420200280,SDL GA 7.16% 2031,2746,SDL GA 7.16% 2031,716GA31
NSE_EQ,NSE_EQ|IN0020200054,GOI LOAN 7.16% 2050,18561,GOI LOAN 7.16% 2050,716GS2050
NSE_EQ,NSE_EQ|IN1620230046,SDL HR 7.16% 2027,15966,SDL HR 7.16% 2027,716HR27
NSE_EQ,NSE_EQ|IN1620240235,SDL HR 7.16% 2037,28816,SDL HR 7.16% 2037,716HR37
NSE_EQ,NSE_EQ|IN1620240300,SDL HR 7.16% 2038,29706,SDL HR 7.16% 2038,716HR38A
NSE_EQ,NSE_EQ|IN4920240160,SDL JK 7.16% 2049,25775,SDL JK 7.16% 2049,716JK49
NSE_EQ,NSE_EQ|IN1920190148,SDL KA 7.16% 2030,20845,SDL KA 7.16% 2030,716KA30
NSE_EQ,NSE_EQ|IN1920240273,SDL KA 7.16% 2032,29913,SDL KA 7.16% 2032,716KA32
NSE_EQ,NSE_EQ|IN1920210367,SDL KA 7.16% 2036,8190,SDL KA 7.16% 2036,716KA36
NSE_EQ,NSE_EQ|IN1920240265,SDL KA 7.16% 2036,29693,SDL KA 7.16% 2036,716KA36B
NSE_EQ,NSE_EQ|IN1920240141,SDL KA 7.16% 2040,28818,SDL KA 7.16% 2040,716KA40
NSE_EQ,NSE_EQ|IN2020190194,SDL KL 7.16% 2030,21914,SDL KL 7.16% 2030,716KL30
NSE_EQ,NSE_EQ|IN2020240254,SDL KL 7.16% 2038,29506,SDL KL 7.16% 2038,716KL38
NSE_EQ,NSE_EQ|IN2420200122,SDL ML 7.16% 2031,2756,SDL ML 7.16% 2031,716ML31
NSE_EQ,NSE_EQ|IN2120240154,SDL MP 7.16% 2037,29705,SDL MP 7.16% 2037,716MP37A
NSE_EQ,NSE_EQ|IN2120240162,SDL MP 7.16% 2040,29701,SDL MP 7.16% 2040,716MP40A
NSE_EQ,NSE_EQ|IN2120240105,SDL MP 7.16% 2044,27206,SDL MP 7.16% 2044,716MP44
NSE_EQ,NSE_EQ|IN2520240101,SDL MZ 7.16% 2035,29574,SDL MZ 7.16% 2035,716MZ35
NSE_EQ,NSE_EQ|INE134E08NI2,PFCL 7.16% 2040 SR 244A,28786,PFCL 7.16% 2040 SR 244A,716PFCL40
NSE_EQ,NSE_EQ|IN3820240072,SDL PY 7.16% 2040,29700,SDL PY 7.16% 2040,716PY40A
NSE_EQ,NSE_EQ|IN2920240354,SDL RJ 7.16% 2034,27189,SDL RJ 7.16% 2034,716RJ34
NSE_EQ,NSE_EQ|IN2920240347,SDL RJ 7.16% 2045,25965,SDL RJ 7.16% 2045,716RJ45
NSE_EQ,NSE_EQ|IN3120240335,SDL TN 7.16% 2054,25969,SDL TN 7.16% 2054,716TN54
NSE_EQ,NSE_EQ|IN3120240392,SDL TN 7.16% 2054,27207,SDL TN 7.16% 2054,716TN54A
NSE_EQ,NSE_EQ|IN4520240354,SDL TS 7.16% 2047,25967,SDL TS 7.16% 2047,716TS47
NSE_EQ,NSE_EQ|IN4520240362,SDL TS 7.16% 2049,25968,SDL TS 7.16% 2049,716TS49
NSE_EQ,NSE_EQ|IN3320190165,SDL UP 7.16% 2029,22090,SDL UP 7.16% 2029,716UP29
NSE_EQ,NSE_EQ|IN3320200337,SDL UP 7.16% 2031,2759,SDL UP 7.16% 2031,716UP31
NSE_EQ,NSE_EQ|IN3320240051,SDL UP 7.16% 2039,28827,SDL UP 7.16% 2039,716UP39
NSE_EQ,NSE_EQ|IN3320240077,SDL UP 7.16% 2039,29699,SDL UP 7.16% 2039,716UP39B
NSE_EQ,NSE_EQ|IN3420240167,SDL WB 7.16% 2039,28829,SDL WB 7.16% 2039,716WB39
NSE_EQ,NSE_EQ|IN3420240191,SDL WB 7.16% 2042,29010,SDL WB 7.16% 2042,716WB42
NSE_EQ,NSE_EQ|IN1020240686,SDL AP 7.17% 2032,29497,SDL AP 7.17% 2032,717AP32
NSE_EQ,NSE_EQ|IN1020240652,SDL AP 7.17% 2037,28992,SDL AP 7.17% 2037,717AP37
NSE_EQ,NSE_EQ|IN1020240660,SDL AP 7.17% 2038,28993,SDL AP 7.17% 2038,717AP38
NSE_EQ,NSE_EQ|IN1020240678,SDL AP 7.17% 2039,28995,SDL AP 7.17% 2039,717AP39
NSE_EQ,NSE_EQ|IN1020240561,SDL AP 7.17% 2043,25963,SDL AP 7.17% 2043,717AP43
NSE_EQ,NSE_EQ|IN1220200332,SDL AS 7.17% 2031,2548,SDL AS 7.17% 2031,717AS31
NSE_EQ,NSE_EQ|IN1320190169,SDL BR 7.17% 2030,22216,SDL BR 7.17% 2030,717BR30
NSE_EQ,NSE_EQ|IN1320190193,SDL BR 7.17% 2030,22223,SDL BR 7.17% 2030,717BR30A
NSE_EQ,NSE_EQ|IN1320210157,SDL BR 7.17% 2032,8327,SDL BR 7.17% 2032,717BR32
NSE_EQ,NSE_EQ|IN3520190049,SDL CG 7.17% 2030,22160,SDL CG 7.17% 2030,717CG30
NSE_EQ,NSE_EQ|IN1420240096,SDL GA 7.17% 2035,27197,SDL GA 7.17% 2035,717GA35
NSE_EQ,NSE_EQ|IN1520190183,SDL GJ 7.17% 2030,22214,SDL GJ 7.17% 2030,717GJ30
NSE_EQ,NSE_EQ|IN1520190191,SDL GJ 7.17% 2030,22222,SDL GJ 7.17% 2030,717GJ30A
NSE_EQ,NSE_EQ|IN0020170174,GOI LOAN 7.17% 2028,7208,GOI LOAN 7.17% 2028,717GS2028
NSE_EQ,NSE_EQ|IN0020230036,GOI LOAN  7.17% 2030,15050,GOI LOAN  7.17% 2030,717GS2030
NSE_EQ,NSE_EQ|IN1720190082,SDL HP 7.17% 2030,20846,SDL HP 7.17% 2030,717HP30
NSE_EQ,NSE_EQ|IN1620190141,SDL HR 7.17% 2029,20310,SDL HR 7.17% 2029,717HR29
NSE_EQ,NSE_EQ|IN1620190158,SDL HR 7.17% 2030,20849,SDL HR 7.17% 2030,717HR30
NSE_EQ,NSE_EQ|INE053F08486,IRFCL 7.17% 2035 SR 188,30487,IRFCL 7.17% 2035 SR 188,717IRFC35
NSE_EQ,NSE_EQ|IN1920190106,SDL KA 7.17% 2029,20573,SDL KA 7.17% 2029,717KA29
NSE_EQ,NSE_EQ|IN1920190155,SDL KA 7.17% 2030,20918,SDL KA 7.17% 2030,717KA30
NSE_EQ,NSE_EQ|IN2020210182,SDL KL 7.17% 2032,8329,SDL KL 7.17% 2032,717KL32
NSE_EQ,NSE_EQ|IN2020240296,SDL KL 7.17% 2038,30161,SDL KL 7.17% 2038,717KL38
NSE_EQ,NSE_EQ|IN2220240443,SDL MH 7.17% 2037,29926,SDL MH 7.17% 2037,717MH37
NSE_EQ,NSE_EQ|IN2420200114,SDL ML 7.17% 2031,2551,SDL ML 7.17% 2031,717ML31
NSE_EQ,NSE_EQ|IN2120190060,SDL MP 7.17% 2029,21976,SDL MP 7.17% 2029,717MP29
NSE_EQ,NSE_EQ|IN2120240212,SDL MP 7.17% 2031,30085,SDL MP 7.17% 2031,717MP31
NSE_EQ,NSE_EQ|IN2120190094,SDL MP 7.17% 2035,21973,SDL MP 7.17% 2035,717MP35
NSE_EQ,NSE_EQ|IN2120240139,SDL MP 7.17% 2038,29004,SDL MP 7.17% 2038,717MP38
NSE_EQ,NSE_EQ|IN2120240113,SDL MP 7.17% 2041,28819,SDL MP 7.17% 2041,717MP41
NSE_EQ,NSE_EQ|IN2720240158,SDL OR 7.17% 2030,30091,SDL OR 7.17% 2030,717OR30
NSE_EQ,NSE_EQ|IN2720240182,SDL OR 7.17% 2040,30164,SDL OR 7.17% 2040,717OR40
NSE_EQ,NSE_EQ|IN2820190105,SDL PN 7.17% 2030,22212,SDL PN 7.17% 2030,717PN30
NSE_EQ,NSE_EQ|IN2820190121,SDL PN 7.17% 2030,22220,SDL PN 7.17% 2030,717PN30A
NSE_EQ,NSE_EQ|IN2820240231,SDL PN 7.17% 2044,25964,SDL PN 7.17% 2044,717PN44
NSE_EQ,NSE_EQ|IN2920190336,SDL RJ 7.17% 2030,22044,SDL RJ 7.17% 2030,717RJ30
NSE_EQ,NSE_EQ|IN2920210514,SDL RJ 7.17% 2032,8331,SDL RJ 7.17% 2032,717RJ32
NSE_EQ,NSE_EQ|IN2920240453,SDL RJ 7.17% 2035,29920,SDL RJ 7.17% 2035,717RJ35
NSE_EQ,NSE_EQ|INE033L07IP8,TCHFL 7.17% 2030 SR C,756825,TCHFL 7.17% 2030 SR C,717TCHFL30
NSE_EQ,NSE_EQ|IN3120190217,SDL TN 7.17% 2029,22123,SDL TN 7.17% 2029,717TN29
NSE_EQ,NSE_EQ|IN3120210502,SDL TN 7.17% 2030,8681,SDL TN 7.17% 2030,717TN30
NSE_EQ,NSE_EQ|IN3120240574,SDL TN 7.17% 2033,29914,SDL TN 7.17% 2033,717TN33
NSE_EQ,NSE_EQ|IN3120240558,SDL TN 7.17% 2045,29576,SDL TN 7.17% 2045,717TN45
NSE_EQ,NSE_EQ|IN3220190042,SDL TR 7.17% 2030,22140,SDL TR 7.17% 2030,717TR30
NSE_EQ,NSE_EQ|IN4520210100,SDL TS 7.17% 2041,5090,SDL TS 7.17% 2041,717TS41
NSE_EQ,NSE_EQ|IN3620190063,SDL UK 7.17% 2029,22167,SDL UK 7.17% 2029,717UK29
NSE_EQ,NSE_EQ|IN3620240090,SDL UK 7.17% 2032,30180,SDL UK 7.17% 2032,717UK32
NSE_EQ,NSE_EQ|IN3320200329,SDL UP 7.17% 2031,2676,SDL UP 7.17% 2031,717UP31
NSE_EQ,NSE_EQ|IN3320240127,SDL UP 7.17% 2033,30183,SDL UP 7.17% 2033,717UP33
NSE_EQ,NSE_EQ|IN3320240143,SDL UP 7.17% 2039,30162,SDL UP 7.17% 2039,717UP39
NSE_EQ,NSE_EQ|IN3420210269,SDL WB 7.17% 2032,8332,SDL WB 7.17% 2032,717WB32
NSE_EQ,NSE_EQ|IN3420240175,SDL WB 7.17% 2042,28831,SDL WB 7.17% 2042,717WB42
NSE_EQ,NSE_EQ|IN1020190386,SDL AP 7.18% 2028,20309,SDL AP 7.18% 2028,718AP28
NSE_EQ,NSE_EQ|IN1020190469,SDL AP 7.18% 2033,20020,SDL AP 7.18% 2033,718AP33
NSE_EQ,NSE_EQ|IN1020210465,SDL AP 7.18% 2040,7713,SDL AP 7.18% 2040,718AP40
NSE_EQ,NSE_EQ|IN1020240611,SDL AP 7.18% 2040,27203,SDL AP 7.18% 2040,718AP40A
NSE_EQ,NSE_EQ|IN1220190129,SDL AS 7.18% 2029,20311,SDL AS 7.18% 2029,718AS29
NSE_EQ,NSE_EQ|IN1220190160,SDL AS 7.18% 2030,20146,SDL AS 7.18% 2030,718AS30
NSE_EQ,NSE_EQ|IN1320190185,SDL BR 7.18% 2030,20109,SDL BR 7.18% 2030,718BR30
NSE_EQ,NSE_EQ|IN1320240139,SDL BR 7.18% 2034,27188,SDL BR 7.18% 2034,718BR34
NSE_EQ,NSE_EQ|IN1320240287,SDL BR 7.18% 2045,29566,SDL BR 7.18% 2045,718BR45
NSE_EQ,NSE_EQ|IN1320240303,SDL BR 7.18% 2045,29702,SDL BR 7.18% 2045,718BR45B
NSE_EQ,NSE_EQ|IN3520190031,SDL CG 7.18% 2027,22161,SDL CG 7.18% 2027,718CG27
NSE_EQ,NSE_EQ|IN3520190056,SDL CG 7.18% 2030,22163,SDL CG 7.18% 2030,718CG30
NSE_EQ,NSE_EQ|IN1520230039,SDL GJ 7.18% 2028,16651,SDL GJ 7.18% 2028,718GJ28
NSE_EQ,NSE_EQ|IN1520190175,SDL GJ 7.18% 2030,20696,SDL GJ 7.18% 2030,718GJ30
NSE_EQ,NSE_EQ|IN0020230085,GOI LOAN  7.18% 2033,18025,GOI LOAN  7.18% 2033,718GS2033
NSE_EQ,NSE_EQ|IN0020230077,GOI LOAN  7.18% 2037,17398,GOI LOAN  7.18% 2037,718GS2037
NSE_EQ,NSE_EQ|IN1720190108,SDL HP 7.18% 2032,20108,SDL HP 7.18% 2032,718HP32
NSE_EQ,NSE_EQ|IN1620240243,SDL HR 7.18% 2038,28996,SDL HR 7.18% 2038,718HR38
NSE_EQ,NSE_EQ|IN1620200155,SDL HR 7.18% 2041,2407,SDL HR 7.18% 2041,718HR41
NSE_EQ,NSE_EQ|IN4920240244,SDL JK 7.18% 2045,29571,SDL JK 7.18% 2045,718JK45
NSE_EQ,NSE_EQ|IN1920210227,SDL KA 7.18% 2033,7694,SDL KA 7.18% 2033,718KA33
NSE_EQ,NSE_EQ|IN2020190178,SDL KL 7.18% 2029,21912,SDL KL 7.18% 2029,718KL29
NSE_EQ,NSE_EQ|IN2020240262,SDL KL 7.18% 2050,29523,SDL KL 7.18% 2050,718KL50
NSE_EQ,NSE_EQ|IN2020240304,SDL KL 7.18% 2050,30172,SDL KL 7.18% 2050,718KL50A
NSE_EQ,NSE_EQ|IN2220220023,SDL MH 7.18% 2030,8934,SDL MH 7.18% 2030,718MH30
NSE_EQ,NSE_EQ|IN2220240450,SDL MH 7.18% 2038,29929,SDL MH 7.18% 2038,718MH38
NSE_EQ,NSE_EQ|IN2220240468,SDL MH 7.18% 2039,29930,SDL MH 7.18% 2039,718MH39
NSE_EQ,NSE_EQ|IN2320200099,SDL MN 7.18% 2031,2679,SDL MN 7.18% 2031,718MN31
NSE_EQ,NSE_EQ|IN2120190086,SDL MP 7.18% 2030,21972,SDL MP 7.18% 2030,718MP30
NSE_EQ,NSE_EQ|IN2120240253,SDL MP 7.18% 2046,30167,SDL MP 7.18% 2046,718MP46
NSE_EQ,NSE_EQ|IN2120240170,SDL MP 7.18% 2048,29703,SDL MP 7.18% 2048,718MP48A
NSE_EQ,NSE_EQ|IN2120240261,SDL MP 7.18% 2049,30171,SDL MP 7.18% 2049,718MP49
NSE_EQ,NSE_EQ|IN2520240119,SDL MZ 7.18% 2040,30163,SDL MZ 7.18% 2040,718MZ40
NSE_EQ,NSE_EQ|IN2720240190,SDL OR 7.18% 2046,30168,SDL OR 7.18% 2046,718OR46
NSE_EQ,NSE_EQ|IN2920190294,SDL RJ 7.18% 2029,22060,SDL RJ 7.18% 2029,718RJ29
NSE_EQ,NSE_EQ|IN2920190369,SDL RJ 7.18% 2030,22072,SDL RJ 7.18% 2030,718RJ30
NSE_EQ,NSE_EQ|IN2920240362,SDL RJ 7.18% 2038,27201,SDL RJ 7.18% 2038,718RJ38
NSE_EQ,NSE_EQ|INE660A07RX6,SFL 7.18% 2028 SR Z2,757900,SFL 7.18% 2028 SR Z2,718SFL28
NSE_EQ,NSE_EQ|IN3020200066,SDL SK 7.18% 2031,2681,SDL SK 7.18% 2031,718SK31
NSE_EQ,NSE_EQ|IN3120240665,SDL TN 7.18% 2035,30070,SDL TN 7.18% 2035,718TN35
NSE_EQ,NSE_EQ|IN3120240582,SDL TN 7.18% 2036,29924,SDL TN 7.18% 2036,718TN36
NSE_EQ,NSE_EQ|IN3120240723,SDL TN 7.18% 2045,30165,SDL TN 7.18% 2045,718TN45
NSE_EQ,NSE_EQ|IN3120240533,SDL TN 7.18% 2055,29524,SDL TN 7.18% 2055,718TN55
NSE_EQ,NSE_EQ|IN3120240566,SDL TN 7.18% 2055,29579,SDL TN 7.18% 2055,718TN55A
NSE_EQ,NSE_EQ|IN3120240731,SDL TN 7.18% 2055,30173,SDL TN 7.18% 2055,718TN55B
NSE_EQ,NSE_EQ|IN4520210225,SDL TS 7.18% 2033,7690,SDL TS 7.18% 2033,718TS33
NSE_EQ,NSE_EQ|IN4520240503,SDL TS 7.18% 2047,29521,SDL TS 7.18% 2047,718TS47
NSE_EQ,NSE_EQ|IN4520240511,SDL TS 7.18% 2049,29522,SDL TS 7.18% 2049,718TS49
NSE_EQ,NSE_EQ|IN4520210084,SDL TS 7.18% 2051,4900,SDL TS 7.18% 2051,718TS51
NSE_EQ,NSE_EQ|IN3320190173,SDL UP 7.18% 2030,22213,SDL UP 7.18% 2030,718UP30
NSE_EQ,NSE_EQ|IN3320190199,SDL UP 7.18% 2030,22221,SDL UP 7.18% 2030,718UP30A
NSE_EQ,NSE_EQ|IN3420190164,SDL WB 7.18% 2035,22144,SDL WB 7.18% 2035,718WB35
NSE_EQ,NSE_EQ|IN3420240134,SDL WB 7.18% 2039,27202,SDL WB 7.18% 2039,718WB39
NSE_EQ,NSE_EQ|IN3420240142,SDL WB 7.18% 2041,27204,SDL WB 7.18% 2041,718WB41
NSE_EQ,NSE_EQ|IN3420240266,SDL WB 7.18% 2045,30166,SDL WB 7.18% 2045,718WB45
NSE_EQ,NSE_EQ|IN3420240274,SDL WB 7.18% 2046,30169,SDL WB 7.18% 2046,718WB46
NSE_EQ,NSE_EQ|IN3420240282,SDL WB 7.18% 2047,30170,SDL WB 7.18% 2047,718WB47
NSE_EQ,NSE_EQ|IN1020190444,SDL AP 7.19% 2034,20147,SDL AP 7.19% 2034,719AP34
NSE_EQ,NSE_EQ|IN1020210184,SDL AP 7.19% 2038,5005,SDL AP 7.19% 2038,719AP38
NSE_EQ,NSE_EQ|IN1220240130,SDL AS 7.19% 2034,28813,SDL AS 7.19% 2034,719AS34
NSE_EQ,NSE_EQ|IN1320240261,SDL BR 7.19% 2045,29514,SDL BR 7.19% 2045,719BR45
NSE_EQ,NSE_EQ|IN3520240059,SDL CG 7.19% 2035,29922,SDL CG 7.19% 2035,719CG35
NSE_EQ,NSE_EQ|IN0020200039,GOI LOAN 7.19% 2060,18474,GOI LOAN 7.19% 2060,719GS2060
NSE_EQ,NSE_EQ|IN1620240219,SDL HR 7.19% 2037,27199,SDL HR 7.19% 2037,719HR37
NSE_EQ,NSE_EQ|INE031A07881,BOND 7.19% PA TAX FREE S2,29650,BOND 7.19% PA TAX FREE S2,719HUDCO28
NSE_EQ,NSE_EQ|INE282H07018,JCL 7.19% 2028 SR I,757898,JCL 7.19% 2028 SR I,719JCL28
NSE_EQ,NSE_EQ|IN1820190123,SDL JK 7.19% 2029,20959,SDL JK 7.19% 2029,719JK29
NSE_EQ,NSE_EQ|IN1920200699,SDL KA 7.19% 2039,2768,SDL KA 7.19% 2039,719KA39
NSE_EQ,NSE_EQ|IN1920200707,SDL KA 7.19% 2040,2771,SDL KA 7.19% 2040,719KA40
NSE_EQ,NSE_EQ|IN2020210117,SDL KL 7.19% 2051,5479,SDL KL 7.19% 2051,719KL51
NSE_EQ,NSE_EQ|INE018A08BL4,LT 7.19% 2034,27376,LT 7.19% 2034,719LT34
NSE_EQ,NSE_EQ|IN2220240476,SDL MH 7.19% 2040,29932,SDL MH 7.19% 2040,719MH40
NSE_EQ,NSE_EQ|IN2420210022,SDL ML 7.19% 2041,4895,SDL ML 7.19% 2041,719ML41
NSE_EQ,NSE_EQ|IN2120240097,SDL MP 7.19% 2038,27200,SDL MP 7.19% 2038,719MP38
NSE_EQ,NSE_EQ|IN2120190169,SDL MP 7.19% 2040,21967,SDL MP 7.19% 2040,719MP40
NSE_EQ,NSE_EQ|IN2720240075,SDL OR 7.19% 2035,29919,SDL OR 7.19% 2035,719OR35
NSE_EQ,NSE_EQ|IN2720240083,SDL OR 7.19% 2040,29935,SDL OR 7.19% 2040,719OR40
NSE_EQ,NSE_EQ|IN2820210143,SDL PN 7.19% 2037,7714,SDL PN 7.19% 2037,719PN37
NSE_EQ,NSE_EQ|IN2820240280,SDL PN 7.19% 2045,29515,SDL PN 7.19% 2045,719PN45
NSE_EQ,NSE_EQ|IN2920240487,SDL RJ 7.19% 2035,30097,SDL RJ 7.19% 2035,719RJ35
NSE_EQ,NSE_EQ|IN3020200058,SDL SK 7.19% 2031,2384,SDL SK 7.19% 2031,719SK31
NSE_EQ,NSE_EQ|IN3120190225,SDL TN 7.19% 2030,22125,SDL TN 7.19% 2030,719TN30
NSE_EQ,NSE_EQ|IN3120210445,SDL TN 7.19% 2032,8491,SDL TN 7.19% 2032,719TN32
NSE_EQ,NSE_EQ|IN3120240269,SDL TN 7.19% 2032,25106,SDL TN 7.19% 2032,719TN32A
NSE_EQ,NSE_EQ|IN3120240228,SDL TN 7.19% 2034,24895,SDL TN 7.19% 2034,719TN34
NSE_EQ,NSE_EQ|IN3120190258,SDL TN 7.19% 2035,22110,SDL TN 7.19% 2035,719TN35
NSE_EQ,NSE_EQ|IN3120210387,SDL TN 7.19% 2042,8337,SDL TN 7.19% 2042,719TN42
NSE_EQ,NSE_EQ|IN4520240495,SDL TS 7.19% 2046,29516,SDL TS 7.19% 2046,719TS46
NSE_EQ,NSE_EQ|IN3320190132,SDL UP 7.19% 2029,22092,SDL UP 7.19% 2029,719UP29
NSE_EQ,NSE_EQ|IN3320200311,SDL UP 7.19% 2031,2552,SDL UP 7.19% 2031,719UP31
NSE_EQ,NSE_EQ|IN3320240036,SDL UP 7.19% 2036,27198,SDL UP 7.19% 2036,719UP36
NSE_EQ,NSE_EQ|IN3420190131,SDL WB 7.19% 2029,22148,SDL WB 7.19% 2029,719WB29
NSE_EQ,NSE_EQ|IN3420200286,SDL WB 7.19% 2036,2762,SDL WB 7.19% 2036,719WB36
NSE_EQ,NSE_EQ|IN1020200391,SDL AP 7.1% 2037,469,SDL AP 7.1% 2037,71AP37
NSE_EQ,NSE_EQ|IN1220240239,SDL AS 7.1% 2045,30447,SDL AS 7.1% 2045,71AS45
NSE_EQ,NSE_EQ|IN0020240019,GOI LOAN  7.1% 2034,23463,GOI LOAN  7.1% 2034,71GS2034
NSE_EQ,NSE_EQ|IN1720240143,SDL HP 7.1% 2040,30442,SDL HP 7.1% 2040,71HP40
NSE_EQ,NSE_EQ|IN1820190156,SDL JK 7.1% 2030,20018,SDL JK 7.1% 2030,71JK30
NSE_EQ,NSE_EQ|IN4920210049,SDL JK 7.1% 2033,4894,SDL JK 7.1% 2033,71JK33
NSE_EQ,NSE_EQ|IN4920210056,SDL JK 7.1% 2033,5342,SDL JK 7.1% 2033,71JK33A
NSE_EQ,NSE_EQ|IN1920210219,SDL KA 7.1% 2032,7693,SDL KA 7.1% 2032,71KA32
NSE_EQ,NSE_EQ|IN1920240042,SDL KA 7.1% 2032,25766,SDL KA 7.1% 2032,71KA32A
NSE_EQ,NSE_EQ|IN2020240171,SDL KL 7.1% 2034,25702,SDL KL 7.1% 2034,71KL34
NSE_EQ,NSE_EQ|IN2020240320,SDL KL 7.1% 2043,30445,SDL KL 7.1% 2043,71KL43
NSE_EQ,NSE_EQ|IN2220200207,SDL MH 7.1% 2032,313,SDL MH 7.1% 2032,71MH32
NSE_EQ,NSE_EQ|IN2220240344,SDL MH 7.1% 2032,25764,SDL MH 7.1% 2032,71MH32A
NSE_EQ,NSE_EQ|IN2220240260,SDL MH 7.1% 2033,25352,SDL MH 7.1% 2033,71MH33
NSE_EQ,NSE_EQ|IN2220210206,SDL MH 7.1% 2036,5232,SDL MH 7.1% 2036,71MH36
NSE_EQ,NSE_EQ|IN2620240043,SDL NL 7.1% 2035,30432,SDL NL 7.1% 2035,71NL35
NSE_EQ,NSE_EQ|IN2820240298,SDL PN 7.1% 2045,30448,SDL PN 7.1% 2045,71PN45
NSE_EQ,NSE_EQ|IN2920240289,SDL RJ 7.1% 2034,25494,SDL RJ 7.1% 2034,71RJ34
NSE_EQ,NSE_EQ|IN2920240545,SDL RJ 7.1% 2043,30446,SDL RJ 7.1% 2043,71RJ43
NSE_EQ,NSE_EQ|IN3020240039,SDL SK 7.1% 2035,30435,SDL SK 7.1% 2035,71SK35
NSE_EQ,NSE_EQ|IN3120210353,SDL TN 7.1% 2032,8292,SDL TN 7.1% 2032,71TN32
NSE_EQ,NSE_EQ|IN3120240376,SDL TN 7.1% 2032,27186,SDL TN 7.1% 2032,71TN32A
NSE_EQ,NSE_EQ|IN3120240293,SDL TN 7.1% 2034,25354,SDL TN 7.1% 2034,71TN34
NSE_EQ,NSE_EQ|IN4520250130,SDL TS 7.1% 2055,757440,SDL TS 7.1% 2055,71TS55
NSE_EQ,NSE_EQ|IN3420190198,SDL WB 7.1% 2030,22151,SDL WB 7.1% 2030,71WB30
NSE_EQ,NSE_EQ|IN3420240290,SDL WB 7.1% 2045,30449,SDL WB 7.1% 2045,71WB45
NSE_EQ,NSE_EQ|IN3420240308,SDL WB 7.1% 2046,30450,SDL WB 7.1% 2046,71WB46
NSE_EQ,NSE_EQ|IN3420240316,SDL WB 7.1% 2047,30451,SDL WB 7.1% 2047,71WB47
NSE_EQ,NSE_EQ|INE498L07137,LTFL 7.2092% 2027 SR B,757045,LTFL 7.2092% 2027 SR B,72092LTF27
NSE_EQ,NSE_EQ|IN1120190047,SDL AR 7.20% 2030,20518,SDL AR 7.20% 2030,720AR30
NSE_EQ,NSE_EQ|IN1220190236,SDL AS 7.20% 2030,20358,SDL AS 7.20% 2030,720AS30
NSE_EQ,NSE_EQ|INE018A08BM2,LT 7.20% 2035,29233,LT 7.20% 2035,720LT35
NSE_EQ,NSE_EQ|IN2220240187,SDL MH 7.20% 2034,25010,SDL MH 7.20% 2034,720MH34
NSE_EQ,NSE_EQ|IN2420190075,SDL ML 7.20% 2030,22010,SDL ML 7.20% 2030,720ML30
NSE_EQ,NSE_EQ|IN2520190066,SDL MZ 7.20% 2030,22015,SDL MZ 7.20% 2030,720MZ30
NSE_EQ,NSE_EQ|INE557F08GB0,NHB 7.20% 2031,28493,NHB 7.20% 2031,720NHB31
NSE_EQ,NSE_EQ|INE848E08268,NHPC 7.20% 2035 SR AE,29266,NHPC 7.20% 2035 SR AE,720NHPC35
NSE_EQ,NSE_EQ|INE020B08FN5,REC 7.20% 2035 SR 242,29155,REC 7.20% 2035 SR 242,720RECL35
NSE_EQ,NSE_EQ|IN1020190378,SDL AP 7.21% 2031,20575,SDL AP 7.21% 2031,721AP31
NSE_EQ,NSE_EQ|IN1320240048,SDL BR 7.21% 2033,25214,SDL BR 7.21% 2033,721BR33
NSE_EQ,NSE_EQ|IN1520240277,SDL GJ 7.21% 2035,30005,SDL GJ 7.21% 2035,721GJ35
NSE_EQ,NSE_EQ|IN1920210326,SDL KA 7.21% 2032,8012,SDL KA 7.21% 2032,721KA32
NSE_EQ,NSE_EQ|IN2220240146,SDL MH 7.21% 2035,24885,SDL MH 7.21% 2035,721MH35
NSE_EQ,NSE_EQ|IN2120190078,SDL MP 7.21% 2034,21977,SDL MP 7.21% 2034,721MP34
NSE_EQ,NSE_EQ|IN3820190046,SDL PY 7.21% 2028,22024,SDL PY 7.21% 2028,721PY28
NSE_EQ,NSE_EQ|IN2920210472,SDL RJ 7.21% 2032,8013,SDL RJ 7.21% 2032,721RJ32
NSE_EQ,NSE_EQ|IN3120240616,SDL TN 7.21% 2032,29999,SDL TN 7.21% 2032,721TN32
NSE_EQ,NSE_EQ|IN3120240210,SDL TN 7.21% 2034,24841,SDL TN 7.21% 2034,721TN34
NSE_EQ,NSE_EQ|IN3220190034,SDL TR 7.21% 2029,22139,SDL TR 7.21% 2029,721TR29
NSE_EQ,NSE_EQ|IN1020190303,SDL AP 7.22% 2028,22031,SDL AP 7.22% 2028,722AP28
NSE_EQ,NSE_EQ|IN1020190345,SDL AP 7.22% 2030,22030,SDL AP 7.22% 2030,722AP30
NSE_EQ,NSE_EQ|IN1020190352,SDL AP 7.22% 2031,22215,SDL AP 7.22% 2031,722AP31
NSE_EQ,NSE_EQ|IN1020190311,SDL AP 7.22% 2031,22032,SDL AP 7.22% 2031,722AP31A
NSE_EQ,NSE_EQ|IN1020240744,SDL AP 7.22% 2034,30001,SDL AP 7.22% 2034,722AP34
NSE_EQ,NSE_EQ|IN1020240751,SDL AP 7.22% 2035,30003,SDL AP 7.22% 2035,722AP35
NSE_EQ,NSE_EQ|IN1020200581,SDL AP 7.22% 2037,2395,SDL AP 7.22% 2037,722AP37
NSE_EQ,NSE_EQ|IN1020210473,SDL AP 7.22% 2042,7715,SDL AP 7.22% 2042,722AP42
NSE_EQ,NSE_EQ|IN1220190103,SDL AS 7.22% 2029,20915,SDL AS 7.22% 2029,722AS29
NSE_EQ,NSE_EQ|IN1220190152,SDL AS 7.22% 2030,20850,SDL AS 7.22% 2030,722AS30
NSE_EQ,NSE_EQ|IN1320240196,SDL BR 7.22% 2035,29132,SDL BR 7.22% 2035,722BR35
NSE_EQ,NSE_EQ|IN1320240204,SDL BR 7.22% 2040,29121,SDL BR 7.22% 2040,722BR40
NSE_EQ,NSE_EQ|IN1420190127,SDL GA 7.22% 2029,20916,SDL GA 7.22% 2029,722GA29
NSE_EQ,NSE_EQ|IN1520230047,SDL GJ 7.22% 2028,16781,SDL GJ 7.22% 2028,722GJ28
NSE_EQ,NSE_EQ|IN1520240145,SDL GJ 7.22% 2035,29107,SDL GJ 7.22% 2035,722GJ35
NSE_EQ,NSE_EQ|IN1720240085,SDL HP 7.22% 2039,25215,SDL HP 7.22% 2039,722HP39
NSE_EQ,NSE_EQ|INE094A08168,HPCL 7.22% 2029 SR I,25014,HPCL 7.22% 2029 SR I,722HPCL29
NSE_EQ,NSE_EQ|IN1620240268,SDL HR 7.22% 2038,29120,SDL HR 7.22% 2038,722HR38
NSE_EQ,NSE_EQ|IN1620240318,SDL HR 7.22% 2038,29928,SDL HR 7.22% 2038,722HR38A
NSE_EQ,NSE_EQ|IN4920240251,SDL JK 7.22% 2032,30072,SDL JK 7.22% 2032,722JK32
NSE_EQ,NSE_EQ|IN1920240299,SDL KA 7.22% 2032,29997,SDL KA 7.22% 2032,722KA32
NSE_EQ,NSE_EQ|IN1920210235,SDL KA 7.22% 2035,7707,SDL KA 7.22% 2035,722KA35
NSE_EQ,NSE_EQ|IN1920240307,SDL KA 7.22% 2035,30008,SDL KA 7.22% 2035,722KA35A
NSE_EQ,NSE_EQ|IN1920240190,SDL KA 7.22% 2036,29114,SDL KA 7.22% 2036,722KA36
NSE_EQ,NSE_EQ|IN1920200590,SDL KA 7.22% 2038,2398,SDL KA 7.22% 2038,722KA38
NSE_EQ,NSE_EQ|IN1920200640,SDL KA 7.22% 2038,2578,SDL KA 7.22% 2038,722KA38A
NSE_EQ,NSE_EQ|IN2020240130,SDL KL 7.22% 2059,25005,SDL KL 7.22% 2059,722KL59
NSE_EQ,NSE_EQ|IN2220240104,SDL MH 7.22% 2034,24752,SDL MH 7.22% 2034,722MH34
NSE_EQ,NSE_EQ|IN2220240161,SDL MH 7.22% 2045,24890,SDL MH 7.22% 2045,722MH45
NSE_EQ,NSE_EQ|IN2220240211,SDL MH 7.22% 2049,24997,SDL MH 7.22% 2049,722MH49
NSE_EQ,NSE_EQ|IN2220240179,SDL MH 7.22% 2050,24891,SDL MH 7.22% 2050,722MH50
NSE_EQ,NSE_EQ|IN2120240220,SDL MP 7.22% 2042,30086,SDL MP 7.22% 2042,722MP42
NSE_EQ,NSE_EQ|IN2120240048,SDL MP 7.22% 2045,24994,SDL MP 7.22% 2045,722MP45
NSE_EQ,NSE_EQ|IN2720240117,SDL OR 7.22% 2036,30010,SDL OR 7.22% 2036,722OR36
NSE_EQ,NSE_EQ|INE134E08NE1,PFC 7.22% 2039 242B,25437,PFC 7.22% 2039 242B,722PFCL39
NSE_EQ,NSE_EQ|IN2820190113,SDL PN 7.22% 2032,21893,SDL PN 7.22% 2032,722PN32
NSE_EQ,NSE_EQ|IN2920210522,SDL RJ 7.22% 2032,8492,SDL RJ 7.22% 2032,722RJ32
NSE_EQ,NSE_EQ|IN2920240248,SDL RJ 7.22% 2034,25011,SDL RJ 7.22% 2034,722RJ34
NSE_EQ,NSE_EQ|IN2920240479,SDL RJ 7.22% 2035,30006,SDL RJ 7.22% 2035,722RJ35
NSE_EQ,NSE_EQ|IN2920200721,SDL RJ 7.22% 2041,2413,SDL RJ 7.22% 2041,722RJ41
NSE_EQ,NSE_EQ|IN3120240624,SDL TN 7.22% 2033,30000,SDL TN 7.22% 2033,722TN33
NSE_EQ,NSE_EQ|IN3120240491,SDL TN 7.22% 2035,29108,SDL TN 7.22% 2035,722TN35
NSE_EQ,NSE_EQ|IN3120240244,SDL TN 7.22% 2054,25001,SDL TN 7.22% 2054,722TN54
NSE_EQ,NSE_EQ|IN3120240285,SDL TN 7.22% 2054,25217,SDL TN 7.22% 2054,722TN54A
NSE_EQ,NSE_EQ|IN4520240305,SDL TS 7.22% 2038,25213,SDL TS 7.22% 2038,722TS38
NSE_EQ,NSE_EQ|INE481G08107,UCL 7.22% 2034,27181,UCL 7.22% 2034,722UCL34
NSE_EQ,NSE_EQ|IN3320190181,SDL UP 7.22% 2030,22089,SDL UP 7.22% 2030,722UP30
NSE_EQ,NSE_EQ|IN1020240488,SDL AP 7.23% 2034,25107,SDL AP 7.23% 2034,723AP34
NSE_EQ,NSE_EQ|IN1020240470,SDL AP 7.23% 2046,24995,SDL AP 7.23% 2046,723AP46
NSE_EQ,NSE_EQ|INE028A08372,BOB 7.23% 2035 SR VI,29167,BOB 7.23% 2035 SR VI,723BOB35
NSE_EQ,NSE_EQ|INE0J7Q07256,DME 7.23% 2034 SR I,27711,DME 7.23% 2034 SR I,723DMEDL34
NSE_EQ,NSE_EQ|IN1420210172,SDL GA 7.23% 2032,7871,SDL GA 7.23% 2032,723GA32
NSE_EQ,NSE_EQ|IN1420240039,SDL GA 7.23% 2034,25009,SDL GA 7.23% 2034,723GA34
NSE_EQ,NSE_EQ|IN1520240012,SDL GJ 7.23% 2027,24096,SDL GJ 7.23% 2027,723GJ27
NSE_EQ,NSE_EQ|IN0020240027,GOI LOAN  7.23% 2039,23518,GOI LOAN  7.23% 2039,723GS2039
NSE_EQ,NSE_EQ|IN1620240334,SDL HR 7.23% 2039,30081,SDL HR 7.23% 2039,723HR39
NSE_EQ,NSE_EQ|IN4920240145,SDL JK 7.23% 2051,24892,SDL JK 7.23% 2051,723JK51
NSE_EQ,NSE_EQ|IN4920240152,SDL JK 7.23% 2054,25000,SDL JK 7.23% 2054,723JK54
NSE_EQ,NSE_EQ|IN1920190098,SDL KA 7.23% 2028,21710,SDL KA 7.23% 2028,723KA28
NSE_EQ,NSE_EQ|IN2020240155,SDL KL 7.23% 2045,25216,SDL KL 7.23% 2045,723KL45
NSE_EQ,NSE_EQ|IN2220240229,SDL MH 7.23% 2035,25090,SDL MH 7.23% 2035,723MH35
NSE_EQ,NSE_EQ|IN2220240153,SDL MH 7.23% 2040,24888,SDL MH 7.23% 2040,723MH40
NSE_EQ,NSE_EQ|IN2220240385,SDL MH 7.23% 2041,29123,SDL MH 7.23% 2041,723MH41
NSE_EQ,NSE_EQ|IN2320210080,SDL MN 7.23% 2032,7855,SDL MN 7.23% 2032,723MN32
NSE_EQ,NSE_EQ|IN2120240238,SDL MP 7.23% 2047,30087,SDL MP 7.23% 2047,723MP47
NSE_EQ,NSE_EQ|IN2520240051,SDL MZ 7.23% 2038,25218,SDL MZ 7.23% 2038,723MZ38
NSE_EQ,NSE_EQ|IN2520240093,SDL MZ 7.23% 2040,29122,SDL MZ 7.23% 2040,723MZ40
NSE_EQ,NSE_EQ|IN2720240166,SDL OR 7.23% 2047,30096,SDL OR 7.23% 2047,723OR47
NSE_EQ,NSE_EQ|IN2820200201,SDL PN 7.23% 2031,2557,SDL PN 7.23% 2031,723PN31
NSE_EQ,NSE_EQ|IN2820240264,SDL PN 7.23% 2037,29115,SDL PN 7.23% 2037,723PN37
NSE_EQ,NSE_EQ|IN2920240230,SDL RJ 7.23% 2033,25008,SDL RJ 7.23% 2033,723RJ33
NSE_EQ,NSE_EQ|IN2920240495,SDL RJ 7.23% 2038,30098,SDL RJ 7.23% 2038,723RJ38
NSE_EQ,NSE_EQ|IN2920240263,SDL RJ 7.23% 2046,24996,SDL RJ 7.23% 2046,723RJ46
NSE_EQ,NSE_EQ|INE062A08470,SBI 7.23% 2039 SR 3,27128,SBI 7.23% 2039 SR 3,723SBI39
NSE_EQ,NSE_EQ|IN3120210478,SDL TN 7.23% 2032,8573,SDL TN 7.23% 2032,723TN32
NSE_EQ,NSE_EQ|IN3120240202,SDL TN 7.23% 2034,24753,SDL TN 7.23% 2034,723TN34
NSE_EQ,NSE_EQ|IN3120240673,SDL TN 7.23% 2055,30083,SDL TN 7.23% 2055,723TN55
NSE_EQ,NSE_EQ|IN4520240545,SDL TS 7.23% 2049,30077,SDL TS 7.23% 2049,723TS49
NSE_EQ,NSE_EQ|IN4520240552,SDL TS 7.23% 2052,30100,SDL TS 7.23% 2052,723TS52
NSE_EQ,NSE_EQ|IN4520240560,SDL TS 7.23% 2053,30079,SDL TS 7.23% 2053,723TS53
NSE_EQ,NSE_EQ|IN3620240082,SDL UK 7.23% 2032,30075,SDL UK 7.23% 2032,723UK32
NSE_EQ,NSE_EQ|IN3420190172,SDL WB 7.23% 2030,22147,SDL WB 7.23% 2030,723WB30
NSE_EQ,NSE_EQ|IN3420210244,SDL WB 7.23% 2032,7857,SDL WB 7.23% 2032,723WB32
NSE_EQ,NSE_EQ|IN3420200260,SDL WB 7.23% 2041,2414,SDL WB 7.23% 2041,723WB41
NSE_EQ,NSE_EQ|IN3420240084,SDL WB 7.23% 2049,24998,SDL WB 7.23% 2049,723WB49
NSE_EQ,NSE_EQ|IN1020190428,SDL AP 7.24% 2033,21644,SDL AP 7.24% 2033,724AP33
NSE_EQ,NSE_EQ|IN1020190436,SDL AP 7.24% 2035,21645,SDL AP 7.24% 2035,724AP35
NSE_EQ,NSE_EQ|IN1020240454,SDL AP 7.24% 2036,25012,SDL AP 7.24% 2036,724AP36
NSE_EQ,NSE_EQ|IN1020210457,SDL AP 7.24% 2038,7711,SDL AP 7.24% 2038,724AP38
NSE_EQ,NSE_EQ|IN1120240032,SDL AR 7.24% 2045,30078,SDL AR 7.24% 2045,724AR45
NSE_EQ,NSE_EQ|IN1220190178,SDL AS 7.24% 2030,20917,SDL AS 7.24% 2030,724AS30
NSE_EQ,NSE_EQ|IN1220200308,SDL AS 7.24% 2031,2389,SDL AS 7.24% 2031,724AS31
NSE_EQ,NSE_EQ|IN1220240213,SDL AS 7.24% 2045,30101,SDL AS 7.24% 2045,724AS45
NSE_EQ,NSE_EQ|IN1320210132,SDL BR 7.24% 2032,7870,SDL BR 7.24% 2032,724BR32
NSE_EQ,NSE_EQ|IN1320240022,SDL BR 7.24% 2033,24894,SDL BR 7.24% 2033,724BR33
NSE_EQ,NSE_EQ|IN1320240311,SDL BR 7.24% 2037,29925,SDL BR 7.24% 2037,724BR37
NSE_EQ,NSE_EQ|INE477A07431,CANF 7.24% 2028 SR 04,758171,CANF 7.24% 2028 SR 04,724CANF28
NSE_EQ,NSE_EQ|IN1520190142,SDL GJ 7.24% 2029,21169,SDL GJ 7.24% 2029,724GJ29
NSE_EQ,NSE_EQ|IN0020230150,GOI LOAN 7.24% 2033,20448,GOI LOAN 7.24% 2033,724GR2033
NSE_EQ,NSE_EQ|IN1620190190,SDL HR 7.24% 2029,20519,SDL HR 7.24% 2029,724HR29
NSE_EQ,NSE_EQ|IN1620240128,SDL HR 7.24% 2036,24886,SDL HR 7.24% 2036,724HR36
NSE_EQ,NSE_EQ|IN1620240144,SDL HR 7.24% 2036,25013,SDL HR 7.24% 2036,724HR36A
NSE_EQ,NSE_EQ|INE562A08099,INBK 7.24% 2034 SR I,25318,INBK 7.24% 2034 SR I,724INBK34
NSE_EQ,NSE_EQ|IN4920200156,SDL JK 7.24% 2036,2563,SDL JK 7.24% 2036,724JK36
NSE_EQ,NSE_EQ|IN1920200657,SDL KA 7.24% 2037,2691,SDL KA 7.24% 2037,724KA37
NSE_EQ,NSE_EQ|IN1920200665,SDL KA 7.24% 2038,2693,SDL KA 7.24% 2038,724KA38
NSE_EQ,NSE_EQ|IN2020240148,SDL KL 7.24% 2040,25097,SDL KL 7.24% 2040,724KL40
NSE_EQ,NSE_EQ|IN2020240288,SDL KL 7.24% 2043,30082,SDL KL 7.24% 2043,724KL43
NSE_EQ,NSE_EQ|IN2020240239,SDL KL 7.24% 2044,29126,SDL KL 7.24% 2044,724KL44
NSE_EQ,NSE_EQ|IN2220240195,SDL MH 7.24% 2039,24990,SDL MH 7.24% 2039,724MH39
NSE_EQ,NSE_EQ|IN2220240237,SDL MH 7.24% 2040,25098,SDL MH 7.24% 2040,724MH40
NSE_EQ,NSE_EQ|IN2220240393,SDL MH 7.24% 2044,29125,SDL MH 7.24% 2044,724MH44
NSE_EQ,NSE_EQ|INE134E08NJ0,PFC 7.24% 2035 SR 245A,29537,PFC 7.24% 2035 SR 245A,724PFCL35
NSE_EQ,NSE_EQ|IN2920210456,SDL RJ 7.24% 2032,7899,SDL RJ 7.24% 2032,724RJ32
NSE_EQ,NSE_EQ|IN2920210480,SDL RJ 7.24% 2032,8136,SDL RJ 7.24% 2032,724RJ32A
NSE_EQ,NSE_EQ|IN2920210530,SDL RJ 7.24% 2032,8574,SDL RJ 7.24% 2032,724RJ32B
NSE_EQ,NSE_EQ|IN2920240271,SDL RJ 7.24% 2034,25109,SDL RJ 7.24% 2034,724RJ34
NSE_EQ,NSE_EQ|IN2920200747,SDL RJ 7.24% 2036,2560,SDL RJ 7.24% 2036,724RJ36
NSE_EQ,NSE_EQ|IN3020210057,SDL SK 7.24% 2032,8493,SDL SK 7.24% 2032,724SK32
NSE_EQ,NSE_EQ|IN3120240178,SDL TN 7.24% 2030,24665,SDL TN 7.24% 2030,724TN30
NSE_EQ,NSE_EQ|IN3120210304,SDL TN 7.24% 2032,7904,SDL TN 7.24% 2032,724TN32
NSE_EQ,NSE_EQ|IN3120210130,SDL TN 7.24% 2051,5091,SDL TN 7.24% 2051,724TN51
NSE_EQ,NSE_EQ|IN4520210092,SDL TS 7.24% 2051,5045,SDL TS 7.24% 2051,724TS51
NSE_EQ,NSE_EQ|IN3320210211,SDL UP 7.24% 2032,7856,SDL UP 7.24% 2032,724UP32
NSE_EQ,NSE_EQ|IN3320240119,SDL UP 7.24% 2040,30071,SDL UP 7.24% 2040,724UP40
NSE_EQ,NSE_EQ|IN3420240076,SDL WB 7.24% 2042,24889,SDL WB 7.24% 2042,724WB42
NSE_EQ,NSE_EQ|IN1020240496,SDL AP 7.25% 2037,25095,SDL AP 7.25% 2037,725AP37
NSE_EQ,NSE_EQ|IN1020240504,SDL AP 7.25% 2044,25099,SDL AP 7.25% 2044,725AP44
NSE_EQ,NSE_EQ|IN1020240512,SDL AP 7.25% 2047,25104,SDL AP 7.25% 2047,725AP47
NSE_EQ,NSE_EQ|IN1220240072,SDL AS 7.25% 2044,25100,SDL AS 7.25% 2044,725AS44
NSE_EQ,NSE_EQ|IN1320240030,SDL BR 7.25% 2033,25007,SDL BR 7.25% 2033,725BR33
NSE_EQ,NSE_EQ|IN1420240047,SDL GA 7.25% 2035,25089,SDL GA 7.25% 2035,725GA35
NSE_EQ,NSE_EQ|IN1520230252,SDL GJ 7.25% 2026,22603,SDL GJ 7.25% 2026,725GJ26
NSE_EQ,NSE_EQ|IN1520210221,SDL GJ 7.25% 2032,8354,SDL GJ 7.25% 2032,725GJ32
NSE_EQ,NSE_EQ|IN0020230143,GOI LOAN   7.25% 2028,20151,GOI LOAN   7.25% 2028,725GR2028
NSE_EQ,NSE_EQ|IN0020230044,GOI LOAN  7.25% 2063,16733,GOI LOAN  7.25% 2063,725GS2063
NSE_EQ,NSE_EQ|IN1720240069,SDL HP 7.25% 2033,24751,SDL HP 7.25% 2033,725HP33
NSE_EQ,NSE_EQ|IN1620210170,SDL HR 7.25% 2032,8355,SDL HR 7.25% 2032,725HR32
NSE_EQ,NSE_EQ|IN1620240151,SDL HR 7.25% 2036,25094,SDL HR 7.25% 2036,725HR36
NSE_EQ,NSE_EQ|IN1620240136,SDL HR 7.25% 2039,24887,SDL HR 7.25% 2039,725HR39
NSE_EQ,NSE_EQ|INE242A08569,IOCL 7.25% 2030 SR 27,29035,IOCL 7.25% 2030 SR 27,725IOCL30
NSE_EQ,NSE_EQ|INE053F08429,IRFCL 7.25% 2034 SR 182,25031,IRFCL 7.25% 2034 SR 182,725IRFC34
NSE_EQ,NSE_EQ|INE053F07819,TAX FREE  7.25% SR. 104,11748,TAX FREE  7.25% SR. 104,725IRFC35
NSE_EQ,NSE_EQ|INE053F08460,IRFCL 7.25% 2035 SR 186,29180,IRFCL 7.25% 2035 SR 186,725IRFC35B
NSE_EQ,NSE_EQ|IN2220240203,SDL MH 7.25% 2044,24993,SDL MH 7.25% 2044,725MH44
NSE_EQ,NSE_EQ|IN2220240245,SDL MH 7.25% 2045,25101,SDL MH 7.25% 2045,725MH45
NSE_EQ,NSE_EQ|IN2420240052,SDL ML 7.25% 2034,25108,SDL ML 7.25% 2034,725ML34
NSE_EQ,NSE_EQ|IN2520210070,SDL MZ 7.25% 2034,8359,SDL MZ 7.25% 2034,725MZ34
NSE_EQ,NSE_EQ|INE0KUG08050,NABF 7.25% 2040 SR 3,29525,NABF 7.25% 2040 SR 3,725NBFI40
NSE_EQ,NSE_EQ|INE134E08NK8,PFC 7.25% 2045 SR 245B,29539,PFC 7.25% 2045 SR 245B,725PFCL45
NSE_EQ,NSE_EQ|INE213W07327,SIHF 7.25% 2028 SR 30,758292,SIHF 7.25% 2028 SR 30,725SIHF28
NSE_EQ,NSE_EQ|IN3120190274,SDL TN 7.25% 2027,22127,SDL TN 7.25% 2027,725TN27
NSE_EQ,NSE_EQ|IN3120210403,SDL TN 7.25% 2032,8357,SDL TN 7.25% 2032,725TN32
NSE_EQ,NSE_EQ|IN4520190203,SDL TS 7.25% 2028,22210,SDL TS 7.25% 2028,725TS28
NSE_EQ,NSE_EQ|IN4520240289,SDL TS 7.25% 2038,25096,SDL TS 7.25% 2038,725TS38
NSE_EQ,NSE_EQ|IN4520200341,SDL TS 7.25% 2041,2581,SDL TS 7.25% 2041,725TS41
NSE_EQ,NSE_EQ|IN4520240297,SDL TS 7.25% 2046,25103,SDL TS 7.25% 2046,725TS46
NSE_EQ,NSE_EQ|IN3620210044,SDL UK 7.25% 2032,7907,SDL UK 7.25% 2032,725UK32
NSE_EQ,NSE_EQ|IN3320240093,SDL UP 7.25% 2039,30021,SDL UP 7.25% 2039,725UP39
NSE_EQ,NSE_EQ|IN3420200278,SDL WB 7.25% 2041,2657,SDL WB 7.25% 2041,725WB41
NSE_EQ,NSE_EQ|IN3420240092,SDL WB 7.25% 2045,25102,SDL WB 7.25% 2045,725WB45
NSE_EQ,NSE_EQ|IN1220190137,SDL AS 7.26% 2029,21034,SDL AS 7.26% 2029,726AS29
NSE_EQ,NSE_EQ|IN1220240064,SDL AS 7.26% 2039,24988,SDL AS 7.26% 2039,726AS39
NSE_EQ,NSE_EQ|INE028A08356,BOB 7.26% 2034 SR V,25176,BOB 7.26% 2034 SR V,726BOB34
NSE_EQ,NSE_EQ|IN1320240014,SDL BR 7.26% 2033,24840,SDL BR 7.26% 2033,726BR33
NSE_EQ,NSE_EQ|IN1520190159,SDL GJ 7.26% 2029,21032,SDL GJ 7.26% 2029,726GJ29
NSE_EQ,NSE_EQ|IN0020180454,GOI LOAN 7.26% 2029,8027,GOI LOAN 7.26% 2029,726GS2029
NSE_EQ,NSE_EQ|IN0020220060,GOI LOAN  7.26% 2032,10722,GOI LOAN  7.26% 2032,726GS2032
NSE_EQ,NSE_EQ|IN0020220151,GOI LOAN  7.26% 2033,14051,GOI LOAN  7.26% 2033,726GS2033
NSE_EQ,NSE_EQ|IN1720230011,SDL HP 7.26% 2029,16638,SDL HP 7.26% 2029,726HP29
NSE_EQ,NSE_EQ|IN1720240135,SDL HP 7.26% 2035,30084,SDL HP 7.26% 2035,726HP35
NSE_EQ,NSE_EQ|IN1620210204,SDL HR 7.26% 2032,8575,SDL HR 7.26% 2032,726HR32
NSE_EQ,NSE_EQ|IN1620240110,SDL HR 7.26% 2036,24755,SDL HR 7.26% 2036,726HR36
NSE_EQ,NSE_EQ|IN1620240326,SDL HR 7.26% 2039,30014,SDL HR 7.26% 2039,726HR39
NSE_EQ,NSE_EQ|INE787H08147,IIFCL 7.26% 2034 SR 1,27038,IIFCL 7.26% 2034 SR 1,726IIFCL34
NSE_EQ,NSE_EQ|INE1X1T15018,IRMT 7.26% 2045 SR A,756724,IRMT 7.26% 2045 SR A,726IRMT45
NSE_EQ,NSE_EQ|IN3720190021,SDL JH 7.26% 2027,22196,SDL JH 7.26% 2027,726JH27
NSE_EQ,NSE_EQ|IN2020240122,SDL KL 7.26% 2039,24989,SDL KL 7.26% 2039,726KL39
NSE_EQ,NSE_EQ|IN2220230048,SDL MH 7.26% 2030,15973,SDL MH 7.26% 2030,726MH30
NSE_EQ,NSE_EQ|IN2220240138,SDL MH 7.26% 2049,24763,SDL MH 7.26% 2049,726MH49
NSE_EQ,NSE_EQ|IN2220240252,SDL MH 7.26% 2050,25110,SDL MH 7.26% 2050,726MH50
NSE_EQ,NSE_EQ|IN2120240014,SDL MP 7.26% 2035,24754,SDL MP 7.26% 2035,726MP35
NSE_EQ,NSE_EQ|IN2120240030,SDL MP 7.26% 2038,24987,SDL MP 7.26% 2038,726MP38
NSE_EQ,NSE_EQ|IN2120240188,SDL MP 7.26% 2039,30019,SDL MP 7.26% 2039,726MP39
NSE_EQ,NSE_EQ|INE733E08262,NTPC 7.26% 2040 SR 82,30263,NTPC 7.26% 2040 SR 82,726NTPC40
NSE_EQ,NSE_EQ|IN2820240181,SDL PN 7.26% 2036,24985,SDL PN 7.26% 2036,726PN36
NSE_EQ,NSE_EQ|IN2820240199,SDL PN 7.26% 2037,24986,SDL PN 7.26% 2037,726PN37
NSE_EQ,NSE_EQ|IN3120240632,SDL TN 7.26% 2055,30025,SDL TN 7.26% 2055,726TN55
NSE_EQ,NSE_EQ|IN4520240255,SDL TS 7.26% 2035,24842,SDL TS 7.26% 2035,726TS35
NSE_EQ,NSE_EQ|IN3320190140,SDL UP 7.26% 2029,22082,SDL UP 7.26% 2029,726UP29
NSE_EQ,NSE_EQ|IN3420190123,SDL WB 7.26% 2034,22146,SDL WB 7.26% 2034,726WB34
NSE_EQ,NSE_EQ|IN1020240462,SDL AP 7.27% 2041,24991,SDL AP 7.27% 2041,727AP41
NSE_EQ,NSE_EQ|IN1120210027,SDL AR 7.27% 2032,7897,SDL AR 7.27% 2032,727AR32
NSE_EQ,NSE_EQ|IN1220190087,SDL AS 7.27% 2029,21550,SDL AS 7.27% 2029,727AS29
NSE_EQ,NSE_EQ|IN3520240075,SDL CG 7.27% 2035,30007,SDL CG 7.27% 2035,727CG35
NSE_EQ,NSE_EQ|IN1520230021,SDL GJ 7.27% 2031,15744,SDL GJ 7.27% 2031,727GJ31
NSE_EQ,NSE_EQ|IN0020190016,GOI LOAN 7.27% 2026,9537,GOI LOAN 7.27% 2026,727GS2026
NSE_EQ,NSE_EQ|IN1620220021,SDL HR 7.27% 2030,9344,SDL HR 7.27% 2030,727HR30
NSE_EQ,NSE_EQ|IN4920240137,SDL JK 7.27% 2049,24837,SDL JK 7.27% 2049,727JK49
NSE_EQ,NSE_EQ|IN2020240114,SDL KL 7.27% 2059,24764,SDL KL 7.27% 2059,727KL59
NSE_EQ,NSE_EQ|IN2220190101,SDL MH 7.27% 2030,21942,SDL MH 7.27% 2030,727MH30
NSE_EQ,NSE_EQ|IN2220240062,SDL MH 7.27% 2034,24647,SDL MH 7.27% 2034,727MH34
NSE_EQ,NSE_EQ|IN2220240112,SDL MH 7.27% 2039,24756,SDL MH 7.27% 2039,727MH39
NSE_EQ,NSE_EQ|IN2220240120,SDL MH 7.27% 2044,24759,SDL MH 7.27% 2044,727MH44
NSE_EQ,NSE_EQ|IN2420210063,SDL ML 7.27% 2032,8576,SDL ML 7.27% 2032,727ML32
NSE_EQ,NSE_EQ|IN2320240038,SDL MN 7.27% 2036,24984,SDL MN 7.27% 2036,727MN36
NSE_EQ,NSE_EQ|IN2120240196,SDL MP 7.27% 2045,29991,SDL MP 7.27% 2045,727MP45
NSE_EQ,NSE_EQ|IN2120240204,SDL MP 7.27% 2048,29993,SDL MP 7.27% 2048,727MP48
NSE_EQ,NSE_EQ|IN2520200105,SDL MZ 7.27% 2033,2683,SDL MZ 7.27% 2033,727MZ33
NSE_EQ,NSE_EQ|IN2620240035,SDL NL 7.27% 2035,30088,SDL NL 7.27% 2035,727NL35
NSE_EQ,NSE_EQ|IN2720240133,SDL OR 7.27% 2041,30024,SDL OR 7.27% 2041,727OR41
NSE_EQ,NSE_EQ|INE134E08ND3,PFC 7.27% 2031 SR 242A,25435,PFC 7.27% 2031 SR 242A,727PFCL31
NSE_EQ,NSE_EQ|IN3820240080,SDL PY 7.27% 2033,30076,SDL PY 7.27% 2033,727PY33
NSE_EQ,NSE_EQ|IN2920190302,SDL RJ 7.27% 2029,22034,SDL RJ 7.27% 2029,727RJ29
NSE_EQ,NSE_EQ|IN2920190344,SDL RJ 7.27% 2030,22064,SDL RJ 7.27% 2030,727RJ30
NSE_EQ,NSE_EQ|IN2920240255,SDL RJ 7.27% 2042,24992,SDL RJ 7.27% 2042,727RJ42
NSE_EQ,NSE_EQ|INE667F07JA5,SHFL 7.27% 2027 SR 349,756006,SHFL 7.27% 2027 SR 349,727SHFL27
NSE_EQ,NSE_EQ|IN3020210040,SDL SK 7.27% 2032,7900,SDL SK 7.27% 2032,727SK32
NSE_EQ,NSE_EQ|INE033L07IN3,TCHFL 7.27% 2028 SR A,756994,TCHFL 7.27% 2028 SR A,727TCHFL28
NSE_EQ,NSE_EQ|IN3120240186,SDL TN 7.27% 2032,24646,SDL TN 7.27% 2032,727TN32
NSE_EQ,NSE_EQ|IN3120240129,SDL TN 7.27% 2054,24204,SDL TN 7.27% 2054,727TN54
NSE_EQ,NSE_EQ|IN4520240529,SDL TS 7.27% 2047,29992,SDL TS 7.27% 2047,727TS47
NSE_EQ,NSE_EQ|IN4520240537,SDL TS 7.27% 2049,29994,SDL TS 7.27% 2049,727TS49
NSE_EQ,NSE_EQ|IN3320240101,SDL UP 7.27% 2041,29989,SDL UP 7.27% 2041,727UP41
NSE_EQ,NSE_EQ|IN1020240769,SDL AP 7.28% 2036,30009,SDL AP 7.28% 2036,728AP36
NSE_EQ,NSE_EQ|IN3520240067,SDL CG 7.28% 2034,30002,SDL CG 7.28% 2034,728CG34
NSE_EQ,NSE_EQ|IN1520190167,SDL GJ 7.28% 2029,21214,SDL GJ 7.28% 2029,728GJ29
NSE_EQ,NSE_EQ|INE202E08268,IREDA 7.28% 2035 XVI-G,29196,IREDA 7.28% 2035 XVI-G,728IREDA35
NSE_EQ,NSE_EQ|INE053F07801,TAX FREE  7.28% SR. 103,11730,TAX FREE  7.28% SR. 103,728IRFC30
NSE_EQ,NSE_EQ|INE053F08478,IRFCL 7.28% 2040 SR 187,29641,IRFCL 7.28% 2040 SR 187,728IRFC40
NSE_EQ,NSE_EQ|IN3720200069,SDL JH 7.28% 2036,2688,SDL JH 7.28% 2036,728JH36
NSE_EQ,NSE_EQ|IN3720210035,SDL JH 7.28% 2037,8360,SDL JH 7.28% 2037,728JH37
NSE_EQ,NSE_EQ|IN1820190149,SDL JK 7.28% 2030,21646,SDL JK 7.28% 2030,728JK30
NSE_EQ,NSE_EQ|IN4920240079,SDL JK 7.28% 2054,24205,SDL JK 7.28% 2054,728JK54
NSE_EQ,NSE_EQ|IN2020190186,SDL KL 7.28% 2030,21908,SDL KL 7.28% 2030,728KL30
NSE_EQ,NSE_EQ|IN2120240022,SDL MP 7.28% 2045,24760,SDL MP 7.28% 2045,728MP45
NSE_EQ,NSE_EQ|INE733E07JS0,TFB 7.28% 2030 SR. 2A,10741,TFB 7.28% 2030 SR. 2A,728NTPC30B
NSE_EQ,NSE_EQ|INE020B08FO3,REC 7.28% 2040 SR 243,29629,REC 7.28% 2040 SR 243,728RECL40
NSE_EQ,NSE_EQ|IN3020190036,SDL SK 7.28% 2030,22155,SDL SK 7.28% 2030,728SK30
NSE_EQ,NSE_EQ|IN4520210233,SDL TS 7.28% 2035,7815,SDL TS 7.28% 2035,728TS35
NSE_EQ,NSE_EQ|IN4520240263,SDL TS 7.28% 2038,24843,SDL TS 7.28% 2038,728TS38
NSE_EQ,NSE_EQ|IN4520240271,SDL TS 7.28% 2045,24836,SDL TS 7.28% 2045,728TS45
NSE_EQ,NSE_EQ|IN4520240248,SDL TS 7.28% 2046,24762,SDL TS 7.28% 2046,728TS46
NSE_EQ,NSE_EQ|IN3320190124,SDL UP 7.28% 2029,22098,SDL UP 7.28% 2029,728UP29
NSE_EQ,NSE_EQ|IN3320210229,SDL UP 7.28% 2032,7905,SDL UP 7.28% 2032,728UP32
NSE_EQ,NSE_EQ|IN3420240258,SDL WB 7.28% 2039,30074,SDL WB 7.28% 2039,728WB39
NSE_EQ,NSE_EQ|IN1020190410,SDL AP 7.29% 2030,21643,SDL AP 7.29% 2030,729AP30
NSE_EQ,NSE_EQ|IN1020220019,SDL AP 7.29% 2034,8930,SDL AP 7.29% 2034,729AP34
NSE_EQ,NSE_EQ|IN1320190177,SDL BR 7.29% 2030,21642,SDL BR 7.29% 2030,729BR30
NSE_EQ,NSE_EQ|IN3520230019,SDL CG 7.29% 2030,16640,SDL CG 7.29% 2030,729CG30
NSE_EQ,NSE_EQ|IN1420190135,SDL GA 7.29% 2029,22217,SDL GA 7.29% 2029,729GA29
NSE_EQ,NSE_EQ|IN1420190143,SDL GA 7.29% 2029,22224,SDL GA 7.29% 2029,729GA29A
NSE_EQ,NSE_EQ|IN1520210239,SDL GJ 7.29% 2032,8683,SDL GJ 7.29% 2032,729GJ32
NSE_EQ,NSE_EQ|IN0020220144,GOI LOAN  7.29% 2033,14973,GOI LOAN  7.29% 2033,729GR2033
NSE_EQ,NSE_EQ|IN1720230029,SDL HP 7.29% 2031,16641,SDL HP 7.29% 2031,729HP31
NSE_EQ,NSE_EQ|IN1620230061,SDL HR 7.29% 2029,16220,SDL HR 7.29% 2029,729HR29
NSE_EQ,NSE_EQ|INE053F07892,TAX FREE  7.29% SR. 107A,15134,TAX FREE  7.29% SR. 107A,729IRFC26
NSE_EQ,NSE_EQ|IN4920240129,SDL JK 7.29% 2045,24761,SDL JK 7.29% 2045,729JK45
NSE_EQ,NSE_EQ|IN1920210250,SDL KA 7.29% 2034,7823,SDL KA 7.29% 2034,729KA34
NSE_EQ,NSE_EQ|IN1920200624,SDL KA 7.29% 2036,2566,SDL KA 7.29% 2036,729KA36
NSE_EQ,NSE_EQ|IN1920200632,SDL KA 7.29% 2037,2575,SDL KA 7.29% 2037,729KA37
NSE_EQ,NSE_EQ|IN1920200673,SDL KA 7.29% 2039,2656,SDL KA 7.29% 2039,729KA39
NSE_EQ,NSE_EQ|IN2020230024,SDL KL 7.29% 2049,16092,SDL KL 7.29% 2049,729KL49
NSE_EQ,NSE_EQ|IN2020230040,SDL KL 7.29% 2051,16655,SDL KL 7.29% 2051,729KL51
NSE_EQ,NSE_EQ|IN2420190059,SDL ML 7.29% 2029,22013,SDL ML 7.29% 2029,729ML29
NSE_EQ,NSE_EQ|IN2120190102,SDL MP 7.29% 2030,21980,SDL MP 7.29% 2030,729MP30
NSE_EQ,NSE_EQ|IN2120190193,SDL MP 7.29% 2035,21950,SDL MP 7.29% 2035,729MP35
NSE_EQ,NSE_EQ|IN2520210054,SDL MZ 7.29% 2033,7898,SDL MZ 7.29% 2033,729MZ33
NSE_EQ,NSE_EQ|INE906B07EN0,TAX FREE 7.29% SR. IB,14499,TAX FREE 7.29% SR. IB,729NHAI26
NSE_EQ,NSE_EQ|INE557F08GC8,NHB 7.29% 2031,29268,NHB 7.29% 2031,729NHB31
NSE_EQ,NSE_EQ|IN2620190040,SDL NL 7.29% 2029,21998,SDL NL 7.29% 2029,729NL29
NSE_EQ,NSE_EQ|IN3820230040,SDL PY 7.29% 2026,23088,SDL PY 7.29% 2026,729PY26
NSE_EQ,NSE_EQ|IN2920210563,SDL RJ 7.29% 2032,8684,SDL RJ 7.29% 2032,729RJ32
NSE_EQ,NSE_EQ|IN2920240206,SDL RJ 7.29% 2034,24648,SDL RJ 7.29% 2034,729RJ34
NSE_EQ,NSE_EQ|IN3120230062,SDL TN 7.29% 2053,16656,SDL TN 7.29% 2053,729TN53
NSE_EQ,NSE_EQ|IN3120240194,SDL TN 7.29% 2054,24664,SDL TN 7.29% 2054,729TN54
NSE_EQ,NSE_EQ|IN3220200064,SDL TR 7.29% 2036,2690,SDL TR 7.29% 2036,729TR36
NSE_EQ,NSE_EQ|IN4520240222,SDL TS 7.29% 2040,24766,SDL TS 7.29% 2040,729TS40
NSE_EQ,NSE_EQ|IN4520240230,SDL TS 7.29% 2042,24758,SDL TS 7.29% 2042,729TS42
NSE_EQ,NSE_EQ|IN3620190071,SDL UK 7.29% 2029,22171,SDL UK 7.29% 2029,729UK29
NSE_EQ,NSE_EQ|IN3320190157,SDL UP 7.29% 2029,22099,SDL UP 7.29% 2029,729UP29
NSE_EQ,NSE_EQ|IN3420190156,SDL WB 7.29% 2029,22153,SDL WB 7.29% 2029,729WB29
NSE_EQ,NSE_EQ|IN3420240241,SDL WB 7.29% 2038,30073,SDL WB 7.29% 2038,729WB38
NSE_EQ,NSE_EQ|IN1020190360,SDL AP 7.2% 2030,20574,SDL AP 7.2% 2030,72AP30
NSE_EQ,NSE_EQ|IN1020240736,SDL AP 7.2% 2036,29923,SDL AP 7.2% 2036,72AP36
NSE_EQ,NSE_EQ|IN1220190111,SDL AS 7.2% 2029,20960,SDL AS 7.2% 2029,72AS29
NSE_EQ,NSE_EQ|IN1220240189,SDL AS 7.2% 2040,29931,SDL AS 7.2% 2040,72AS40
NSE_EQ,NSE_EQ|IN1220240197,SDL AS 7.2% 2045,29939,SDL AS 7.2% 2045,72AS45
NSE_EQ,NSE_EQ|IN3520240042,SDL CG 7.2% 2034,29917,SDL CG 7.2% 2034,72CG34
NSE_EQ,NSE_EQ|IN1420200272,SDL GA 7.2% 2031,2386,SDL GA 7.2% 2031,72GA31
NSE_EQ,NSE_EQ|IN1720190090,SDL HP 7.2% 2035,20844,SDL HP 7.2% 2035,72HP35
NSE_EQ,NSE_EQ|IN3720200051,SDL JH 7.2% 2035,2391,SDL JH 7.2% 2035,72JH35
NSE_EQ,NSE_EQ|IN1820190131,SDL JK 7.2% 2029,20312,SDL JK 7.2% 2029,72JK29
NSE_EQ,NSE_EQ|IN4920240228,SDL JK 7.2% 2047,29131,SDL JK 7.2% 2047,72JK47
NSE_EQ,NSE_EQ|IN1920190163,SDL KA 7.2% 2031,20017,SDL KA 7.2% 2031,72KA31
NSE_EQ,NSE_EQ|IN1920240281,SDL KA 7.2% 2037,29927,SDL KA 7.2% 2037,72KA37
NSE_EQ,NSE_EQ|IN2020240270,SDL KL 7.2% 2042,29937,SDL KL 7.2% 2042,72KL42
NSE_EQ,NSE_EQ|IN2020210091,SDL KL 7.2% 2056,4899,SDL KL 7.2% 2056,72KL56
NSE_EQ,NSE_EQ|IN2220230030,SDL MH 7.2% 2028,15971,SDL MH 7.2% 2028,72MH28
NSE_EQ,NSE_EQ|IN2420190042,SDL ML 7.2% 2029,22011,SDL ML 7.2% 2029,72ML29
NSE_EQ,NSE_EQ|IN2320240061,SDL MN 7.2% 2040,29933,SDL MN 7.2% 2040,72MN40
NSE_EQ,NSE_EQ|IN2520190041,SDL MZ 7.2% 2029,22018,SDL MZ 7.2% 2029,72MZ29
NSE_EQ,NSE_EQ|IN2520240044,SDL MZ 7.2% 2031,24893,SDL MZ 7.2% 2031,72MZ31
NSE_EQ,NSE_EQ|IN2620190032,SDL NL 7.2% 2029,21996,SDL NL 7.2% 2029,72NL29
NSE_EQ,NSE_EQ|IN2720240109,SDL OR 7.2% 2032,29996,SDL OR 7.2% 2032,72OR32
NSE_EQ,NSE_EQ|IN2720240091,SDL OR 7.2% 2045,29940,SDL OR 7.2% 2045,72OR45
NSE_EQ,NSE_EQ|IN2920240461,SDL RJ 7.2% 2042,29938,SDL RJ 7.2% 2042,72RJ42
NSE_EQ,NSE_EQ|IN2920200754,SDL RJ 7.2% 2046,2584,SDL RJ 7.2% 2046,72RJ46
NSE_EQ,NSE_EQ|IN3020240021,SDL SK 7.2% 2035,29921,SDL SK 7.2% 2035,72SK35
NSE_EQ,NSE_EQ|IN3120190233,SDL TN 7.2% 2031,22124,SDL TN 7.2% 2031,72TN31
NSE_EQ,NSE_EQ|IN3120240590,SDL TN 7.2% 2055,29941,SDL TN 7.2% 2055,72TN55
NSE_EQ,NSE_EQ|IN4520200358,SDL TS 7.2% 2051,2659,SDL TS 7.2% 2051,72TS51
NSE_EQ,NSE_EQ|IN3320200303,SDL UP 7.2% 2031,2387,SDL UP 7.2% 2031,72UP31
NSE_EQ,NSE_EQ|IN3320240085,SDL UP 7.2% 2040,29936,SDL UP 7.2% 2040,72UP40
NSE_EQ,NSE_EQ|IN3420190230,SDL WB 7.2% 2030,22142,SDL WB 7.2% 2030,72WB30
NSE_EQ,NSE_EQ|INE831R07581,ABHFL 7.3064% 2028 SR B1,756769,ABHFL 7.3064% 2028 SR B1,73064ABH28
NSE_EQ,NSE_EQ|IN1220190095,SDL AS 7.30% 2029,21213,SDL AS 7.30% 2029,730AS29
NSE_EQ,NSE_EQ|IN1820190115,SDL JK 7.30% 2029,21651,SDL JK 7.30% 2029,730JK29
NSE_EQ,NSE_EQ|IN1920210342,SDL KA 7.30% 2032,8137,SDL KA 7.30% 2032,730KA32
NSE_EQ,NSE_EQ|IN2020240098,SDL KL 7.30% 2052,24663,SDL KL 7.30% 2052,730KL52
NSE_EQ,NSE_EQ|IN2220240070,SDL MH 7.30% 2038,24651,SDL MH 7.30% 2038,730MH38
NSE_EQ,NSE_EQ|IN2220240088,SDL MH 7.30% 2039,24653,SDL MH 7.30% 2039,730MH39
NSE_EQ,NSE_EQ|INE134E08NC5,PFCL 7.30% 2034 SR 241,25123,PFCL 7.30% 2034 SR 241,730PFCL34
NSE_EQ,NSE_EQ|IN2820190089,SDL PN 7.30% 2031,21894,SDL PN 7.30% 2031,730PN31
NSE_EQ,NSE_EQ|IN3420190115,SDL WB 7.30% 2029,22152,SDL WB 7.30% 2029,730WB29
NSE_EQ,NSE_EQ|IN1020210556,SDL AP 7.31% 2042,8366,SDL AP 7.31% 2042,731AP42
NSE_EQ,NSE_EQ|IN1020240348,SDL AP 7.31% 2044,24202,SDL AP 7.31% 2044,731AP44
NSE_EQ,NSE_EQ|IN1920210268,SDL KA 7.31% 2035,7816,SDL KA 7.31% 2035,731KA35
NSE_EQ,NSE_EQ|IN2020210208,SDL KL 7.31% 2032,8686,SDL KL 7.31% 2032,731KL32
NSE_EQ,NSE_EQ|IN2020240106,SDL KL 7.31% 2040,24757,SDL KL 7.31% 2040,731KL40
NSE_EQ,NSE_EQ|IN3820210067,SDL PY 7.31% 2035,7822,SDL PY 7.31% 2035,731PY35
NSE_EQ,NSE_EQ|INE020B08FI5,REC 7.31% 2039 SR 238,24979,REC 7.31% 2039 SR 238,731RECL39
NSE_EQ,NSE_EQ|INE507T07161,SDIL 7.31% 2040,756880,SDIL 7.31% 2040,731SDIL40
NSE_EQ,NSE_EQ|IN3120240145,SDL TN 7.31% 2054,24424,SDL TN 7.31% 2054,731TN54
NSE_EQ,NSE_EQ|IN4520240131,SDL TS 7.31% 2042,24192,SDL TS 7.31% 2042,731TS42
NSE_EQ,NSE_EQ|IN4520240214,SDL TS 7.31% 2050,24662,SDL TS 7.31% 2050,731TS50
NSE_EQ,NSE_EQ|IN4520190153,SDL TS 7.31% 2060,22206,SDL TS 7.31% 2060,731TS60
NSE_EQ,NSE_EQ|IN3420190149,SDL WB 7.31% 2034,22141,SDL WB 7.31% 2034,731WB34
NSE_EQ,NSE_EQ|IN1020230133,SDL AP 7.32% 2043,15780,SDL AP 7.32% 2043,732AP43
NSE_EQ,NSE_EQ|IN1220210216,SDL AS 7.32% 2032,8138,SDL AS 7.32% 2032,732AS32
NSE_EQ,NSE_EQ|IN3520240083,SDL CG 7.32% 2037,30011,SDL CG 7.32% 2037,732CG37
NSE_EQ,NSE_EQ|IN0020230135,GOI LOAN  7.32% 2030,20136,GOI LOAN  7.32% 2030,732GS2030
NSE_EQ,NSE_EQ|IN1620230087,SDL HR 7.32% 2033,16648,SDL HR 7.32% 2033,732HR33
NSE_EQ,NSE_EQ|IN1620240086,SDL HR 7.32% 2036,24420,SDL HR 7.32% 2036,732HR36
NSE_EQ,NSE_EQ|IN1620240094,SDL HR 7.32% 2036,24488,SDL HR 7.32% 2036,732HR36A
NSE_EQ,NSE_EQ|INE202E08243,IREDA 7.32% 29 SR XVI-E,25989,IREDA 7.32% 29 SR XVI-E,732IREDA29
NSE_EQ,NSE_EQ|INE053F07827,TAX FREE  7.32% SR. 102 A,11751,TAX FREE  7.32% SR. 102 A,732IRFC25
NSE_EQ,NSE_EQ|IN1920210334,SDL KA 7.32% 2034,8006,SDL KA 7.32% 2034,732KA34
NSE_EQ,NSE_EQ|IN2020240064,SDL KL 7.32% 2041,24191,SDL KL 7.32% 2041,732KL41
NSE_EQ,NSE_EQ|IN2020230032,SDL KL 7.32% 2053,16398,SDL KL 7.32% 2053,732KL53
NSE_EQ,NSE_EQ|IN2220230063,SDL MH 7.32% 2032,16227,SDL MH 7.32% 2032,732MH32
NSE_EQ,NSE_EQ|INE134E08NB7,PFC 7.32% 2039 SR 240,24899,PFC 7.32% 2039 SR 240,732PFCL39
NSE_EQ,NSE_EQ|IN2920240172,SDL RJ 7.32% 2034,24422,SDL RJ 7.32% 2034,732RJ34
NSE_EQ,NSE_EQ|INE020B08FQ8,REC 7.32% 2035 SR 245B,30198,REC 7.32% 2035 SR 245B,732RL35
NSE_EQ,NSE_EQ|IN3120230047,SDL TN 7.32% 2033,16029,SDL TN 7.32% 2033,732TN33
NSE_EQ,NSE_EQ|IN3120230054,SDL TN 7.32% 2053,16274,SDL TN 7.32% 2053,732TN53
NSE_EQ,NSE_EQ|IN4520240164,SDL TS 7.32% 2036,24487,SDL TS 7.32% 2036,732TS36
NSE_EQ,NSE_EQ|IN4520230041,SDL TS 7.32% 2048,15783,SDL TS 7.32% 2048,732TS48
NSE_EQ,NSE_EQ|IN4520230058,SDL TS 7.32% 2049,16397,SDL TS 7.32% 2049,732TS49
NSE_EQ,NSE_EQ|IN3420240225,SDL WB 7.32% 2038,30013,SDL WB 7.32% 2038,732WB38
NSE_EQ,NSE_EQ|IN1020230182,SDL AP 7.33% 2033,16647,SDL AP 7.33% 2033,733AP33
NSE_EQ,NSE_EQ|IN1020240421,SDL AP 7.33% 2039,24652,SDL AP 7.33% 2039,733AP39
NSE_EQ,NSE_EQ|IN1020240413,SDL AP 7.33% 2040,24491,SDL AP 7.33% 2040,733AP40
NSE_EQ,NSE_EQ|IN1020230208,SDL AP 7.33% 2042,16653,SDL AP 7.33% 2042,733AP42
NSE_EQ,NSE_EQ|IN1020230216,SDL AP 7.33% 2043,16654,SDL AP 7.33% 2043,733AP43
NSE_EQ,NSE_EQ|IN1020240405,SDL AP 7.33% 2043,24493,SDL AP 7.33% 2043,733AP43A
NSE_EQ,NSE_EQ|IN1220210257,SDL AS 7.33% 2032,8688,SDL AS 7.33% 2032,733AS32
NSE_EQ,NSE_EQ|IN1420240013,SDL GA 7.33% 2039,24419,SDL GA 7.33% 2039,733GA39
NSE_EQ,NSE_EQ|IN0020230119,GOI LOAN  7.33% 2026,19685,GOI LOAN  7.33% 2026,733GS2026
NSE_EQ,NSE_EQ|IN1620240078,SDL HR 7.33% 2036,24183,SDL HR 7.33% 2036,733HR36
NSE_EQ,NSE_EQ|IN4920240061,SDL JK 7.33% 2051,24105,SDL JK 7.33% 2051,733JK51
NSE_EQ,NSE_EQ|IN1920210284,SDL KA 7.33% 2037,7858,SDL KA 7.33% 2037,733KA37
NSE_EQ,NSE_EQ|IN1920210292,SDL KA 7.33% 2040,7859,SDL KA 7.33% 2040,733KA40
NSE_EQ,NSE_EQ|IN2020240080,SDL KL 7.33% 2054,24571,SDL KL 7.33% 2054,733KL54
NSE_EQ,NSE_EQ|IN2220230055,SDL MH 7.33% 2031,16224,SDL MH 7.33% 2031,733MH31
NSE_EQ,NSE_EQ|IN2220240096,SDL MH 7.33% 2044,24657,SDL MH 7.33% 2044,733MH44
NSE_EQ,NSE_EQ|IN2120210058,SDL MP 7.33% 2042,7861,SDL MP 7.33% 2042,733MP42
NSE_EQ,NSE_EQ|IN2620230028,SDL NL 7.33% 2033,16035,SDL NL 7.33% 2033,733NL33
NSE_EQ,NSE_EQ|IN2920240156,SDL RJ 7.33% 2043,24198,SDL RJ 7.33% 2043,733RJ43
NSE_EQ,NSE_EQ|IN2920240164,SDL RJ 7.33% 2044,24203,SDL RJ 7.33% 2044,733RJ44
NSE_EQ,NSE_EQ|IN3120240152,SDL TN 7.33% 2032,24562,SDL TN 7.33% 2032,733TN32
NSE_EQ,NSE_EQ|IN3120230039,SDL TN 7.33% 2033,15749,SDL TN 7.33% 2033,733TN33
NSE_EQ,NSE_EQ|IN3120210312,SDL TN 7.33% 2052,8007,SDL TN 7.33% 2052,733TN52
NSE_EQ,NSE_EQ|IN3120210411,SDL TN 7.33% 2052,8371,SDL TN 7.33% 2052,733TN52A
NSE_EQ,NSE_EQ|IN3120190241,SDL TN 7.33% 2054,22115,SDL TN 7.33% 2054,733TN54
NSE_EQ,NSE_EQ|IN3120210429,SDL TN 7.33% 2057,8372,SDL TN 7.33% 2057,733TN57
NSE_EQ,NSE_EQ|IN4520240172,SDL TS 7.33% 2040,24490,SDL TS 7.33% 2040,733TS40
NSE_EQ,NSE_EQ|IN4520240206,SDL TS 7.33% 2042,24570,SDL TS 7.33% 2042,733TS42
NSE_EQ,NSE_EQ|IN3320230029,SDL UP 7.33% 2033,16049,SDL UP 7.33% 2033,733UP33
NSE_EQ,NSE_EQ|IN1020230075,SDL AP 7.34% 2029,15475,SDL AP 7.34% 2029,734AP29
NSE_EQ,NSE_EQ|IN1020240330,SDL AP 7.34% 2035,24182,SDL AP 7.34% 2035,734AP35
NSE_EQ,NSE_EQ|IN1020220027,SDL AP 7.34% 2040,8932,SDL AP 7.34% 2040,734AP40
NSE_EQ,NSE_EQ|IN1020240439,SDL AP 7.34% 2044,24656,SDL AP 7.34% 2044,734AP44
NSE_EQ,NSE_EQ|IN1020240249,SDL AP 7.34% 2048,23883,SDL AP 7.34% 2048,734AP48
NSE_EQ,NSE_EQ|IN1020240256,SDL AP 7.34% 2049,23884,SDL AP 7.34% 2049,734AP49
NSE_EQ,NSE_EQ|IN1020240447,SDL AP 7.34% 2049,24660,SDL AP 7.34% 2049,734AP49A
NSE_EQ,NSE_EQ|IN1220230040,SDL AS 7.34% 2033,16019,SDL AS 7.34% 2033,734AS33
NSE_EQ,NSE_EQ|IN1220230057,SDL AS 7.34% 2033,16645,SDL AS 7.34% 2033,734AS33A
NSE_EQ,NSE_EQ|IN1220240205,SDL AS 7.34% 2035,30004,SDL AS 7.34% 2035,734AS35
NSE_EQ,NSE_EQ|IN1420210198,SDL GA 7.34% 2032,8692,SDL GA 7.34% 2032,734GA32
NSE_EQ,NSE_EQ|IN0020240035,GOI LOAN  7.34% 2064,23558,GOI LOAN  7.34% 2064,734GS2064
NSE_EQ,NSE_EQ|IN1620230095,SDL HR 7.34% 2031,16784,SDL HR 7.34% 2031,734HR31
NSE_EQ,NSE_EQ|IN1620240102,SDL HR 7.34% 2036,24650,SDL HR 7.34% 2036,734HR36
NSE_EQ,NSE_EQ|INE053F07579,7.34 NCD 19FEB28 TR1 SR2,29323,7.34 NCD 19FEB28 TR1 SR2,734IRFC28
NSE_EQ,NSE_EQ|IN4920240038,SDL JK 7.34% 2054,23882,SDL JK 7.34% 2054,734JK54
NSE_EQ,NSE_EQ|IN2020240049,SDL KL 7.34% 2055,23876,SDL KL 7.34% 2055,734KL55
NSE_EQ,NSE_EQ|IN2220230071,SDL MH 7.34% 2031,16782,SDL MH 7.34% 2031,734MH31
NSE_EQ,NSE_EQ|IN2320210098,SDL MN 7.34% 2032,8140,SDL MN 7.34% 2032,734MN32
NSE_EQ,NSE_EQ|IN2320210106,SDL MN 7.34% 2032,8695,SDL MN 7.34% 2032,734MN32A
NSE_EQ,NSE_EQ|IN2620210079,SDL NL 7.34% 2032,8698,SDL NL 7.34% 2032,734NL32
NSE_EQ,NSE_EQ|IN2820240165,SDL PN 7.34% 2032,24666,SDL PN 7.34% 2032,734PN32
NSE_EQ,NSE_EQ|IN2820240173,SDL PN 7.34% 2035,24649,SDL PN 7.34% 2035,734PN35
NSE_EQ,NSE_EQ|IN2920230058,SDL RJ 7.34% 2033,16062,SDL RJ 7.34% 2033,734RJ33
NSE_EQ,NSE_EQ|IN2920230082,SDL RJ 7.34% 2033,16646,SDL RJ 7.34% 2033,734RJ33A
NSE_EQ,NSE_EQ|IN2920240149,SDL RJ 7.34% 2034,24181,SDL RJ 7.34% 2034,734RJ34
NSE_EQ,NSE_EQ|IN2920240107,SDL RJ 7.34% 2045,23881,SDL RJ 7.34% 2045,734RJ45
NSE_EQ,NSE_EQ|IN2920240214,SDL RJ 7.34% 2045,24658,SDL RJ 7.34% 2045,734RJ45A
NSE_EQ,NSE_EQ|INE020B08FL9,REC 7.34% 2030 SR 240B,27059,REC 7.34% 2030 SR 240B,734RL30
NSE_EQ,NSE_EQ|INE556F08KS8,SIDBI 7.34% 2029 SR III,25591,SIDBI 7.34% 2029 SR III,734SIDBI29
NSE_EQ,NSE_EQ|IN3120240061,SDL TN 7.34% 2029,23869,SDL TN 7.34% 2029,734TN29
NSE_EQ,NSE_EQ|IN3120240160,SDL TN 7.34% 2034,24563,SDL TN 7.34% 2034,734TN34
NSE_EQ,NSE_EQ|IN3120230104,SDL TN 7.34% 2043,16939,SDL TN 7.34% 2043,734TN43
NSE_EQ,NSE_EQ|IN3220200056,SDL TR 7.34% 2036,2394,SDL TR 7.34% 2036,734TR36
NSE_EQ,NSE_EQ|IN4520210241,SDL TS 7.34% 2034,7874,SDL TS 7.34% 2034,734TS34
NSE_EQ,NSE_EQ|IN4520210282,SDL TS 7.34% 2035,8495,SDL TS 7.34% 2035,734TS35
NSE_EQ,NSE_EQ|IN4520240180,SDL TS 7.34% 2037,24566,SDL TS 7.34% 2037,734TS37
NSE_EQ,NSE_EQ|IN4520230140,SDL TS 7.34% 2044,17328,SDL TS 7.34% 2044,734TS44
NSE_EQ,NSE_EQ|IN4520230157,SDL TS 7.34% 2046,17329,SDL TS 7.34% 2046,734TS46
NSE_EQ,NSE_EQ|INE481G08123,UCL 7.34% 2028 SR I,30039,UCL 7.34% 2028 SR I,734UCL28
NSE_EQ,NSE_EQ|INE481G08115,UCL 7.34% 2030 SR II,30034,UCL 7.34% 2030 SR II,734UCL30
NSE_EQ,NSE_EQ|IN3620210051,SDL UK 7.34% 2032,8689,SDL UK 7.34% 2032,734UK32
NSE_EQ,NSE_EQ|IN3320210237,SDL UP 7.34% 2032,8693,SDL UP 7.34% 2032,734UP32
NSE_EQ,NSE_EQ|IN3420240027,SDL WB 7.34% 2039,24185,SDL WB 7.34% 2039,734WB39
NSE_EQ,NSE_EQ|IN3420240035,SDL WB 7.34% 2042,24197,SDL WB 7.34% 2042,734WB42
NSE_EQ,NSE_EQ|IN1020230125,SDL AP 7.35% 2039,15759,SDL AP 7.35% 2039,735AP39
NSE_EQ,NSE_EQ|IN1020230257,SDL AP 7.35% 2040,16935,SDL AP 7.35% 2040,735AP40
NSE_EQ,NSE_EQ|IN1220240049,SDL AS 7.35% 2039,24567,SDL AS 7.35% 2039,735AS39
NSE_EQ,NSE_EQ|IN3520190098,SDL CG 7.35% 2030,22162,SDL CG 7.35% 2030,735CG30
NSE_EQ,NSE_EQ|INE514E08GE8,EXIM 7.35% 2028 SR AA02,29264,EXIM 7.35% 2028 SR AA02,735EXIM28
NSE_EQ,NSE_EQ|IN1520220303,SDL GJ 7.35% 2026,14634,SDL GJ 7.35% 2026,735GJ26
NSE_EQ,NSE_EQ|IN1720240051,SDL HP 7.35% 2034,24486,SDL HP 7.35% 2034,735HP34
NSE_EQ,NSE_EQ|IN1620230053,SDL HR 7.35% 2033,16064,SDL HR 7.35% 2033,735HR33
NSE_EQ,NSE_EQ|INE053F07884,TAX FREE  7.35% SR. 108,15112,TAX FREE  7.35% SR. 108,735IRFC31
NSE_EQ,NSE_EQ|IN3720210043,SDL JH 7.35% 2038,8498,SDL JH 7.35% 2038,735JH38
NSE_EQ,NSE_EQ|IN4920240111,SDL JK 7.35% 2046,24659,SDL JK 7.35% 2046,735JK46
NSE_EQ,NSE_EQ|IN4920240053,SDL JK 7.35% 2049,24050,SDL JK 7.35% 2049,735JK49
NSE_EQ,NSE_EQ|IN4920240103,SDL JK 7.35% 2051,24492,SDL JK 7.35% 2051,735JK51
NSE_EQ,NSE_EQ|IN1920210276,SDL KA 7.35% 2036,7872,SDL KA 7.35% 2036,735KA36
NSE_EQ,NSE_EQ|IN1920200608,SDL KA 7.35% 2039,2400,SDL KA 7.35% 2039,735KA39
NSE_EQ,NSE_EQ|IN1920200616,SDL KA 7.35% 2040,2404,SDL KA 7.35% 2040,735KA40
NSE_EQ,NSE_EQ|IN2220230089,SDL MH 7.35% 2032,16785,SDL MH 7.35% 2032,735MH32
NSE_EQ,NSE_EQ|IN2120190235,SDL MP 7.35% 2029,21982,SDL MP 7.35% 2029,735MP29
NSE_EQ,NSE_EQ|IN2520240036,SDL MZ 7.35% 2037,24489,SDL MZ 7.35% 2037,735MZ37
NSE_EQ,NSE_EQ|INE261F07057,7.35% TAX FREE TRI SRIIA,20032,7.35% TAX FREE TRI SRIIA,735NABAR31
NSE_EQ,NSE_EQ|INE906B07EI0,TAX FREE7.35% SR.IIA,11954,TAX FREE7.35% SR.IIA,735NHAI31
NSE_EQ,NSE_EQ|INE557F08GD6,NHB 7.35% 2032,29954,NHB 7.35% 2032,735NHB32
NSE_EQ,NSE_EQ|INE134E07570,7.35% TAX FREE NCD,19972,7.35% TAX FREE NCD,735PFCL35
NSE_EQ,NSE_EQ|INE752E08734,PGCL 7.35% 2034 SR LXXVI,23061,PGCL 7.35% 2034 SR LXXVI,735PGCIL34
NSE_EQ,NSE_EQ|IN3820230024,SDL PY 7.35% 2027,22741,SDL PY 7.35% 2027,735PY27
NSE_EQ,NSE_EQ|IN3820190087,SDL PY 7.35% 2030,22028,SDL PY 7.35% 2030,735PY30
NSE_EQ,NSE_EQ|IN3820210091,SDL PY 7.35% 2033,8358,SDL PY 7.35% 2033,735PY33
NSE_EQ,NSE_EQ|INE020B08FE4,REC 7.35% 2034 SR 235,24075,REC 7.35% 2034 SR 235,735RECL34
NSE_EQ,NSE_EQ|IN2920230074,SDL RJ 7.35% 2043,16374,SDL RJ 7.35% 2043,735RJ43
NSE_EQ,NSE_EQ|IN2920240222,SDL RJ 7.35% 2049,24661,SDL RJ 7.35% 2049,735RJ49
NSE_EQ,NSE_EQ|INE660A07RW8,SFL 7.35% 2027 SR Z1,756008,SFL 7.35% 2027 SR Z1,735SFL27
NSE_EQ,NSE_EQ|IN3020210065,SDL SK 7.35% 2032,8699,SDL SK 7.35% 2032,735SK32
NSE_EQ,NSE_EQ|IN3120230070,SDL TN 7.35% 2033,16796,SDL TN 7.35% 2033,735TN33
NSE_EQ,NSE_EQ|IN3120230161,SDL TN 7.35% 2033,17323,SDL TN 7.35% 2033,735TN33A
NSE_EQ,NSE_EQ|IN3120240137,SDL TN 7.35% 2034,24332,SDL TN 7.35% 2034,735TN34
NSE_EQ,NSE_EQ|IN3120230088,SDL TN 7.35% 2043,16814,SDL TN 7.35% 2043,735TN43
NSE_EQ,NSE_EQ|IN4520190211,SDL TS 7.35% 2030,22208,SDL TS 7.35% 2030,735TS30
NSE_EQ,NSE_EQ|IN4520240115,SDL TS 7.35% 2036,24102,SDL TS 7.35% 2036,735TS36
NSE_EQ,NSE_EQ|IN4520240123,SDL TS 7.35% 2038,24104,SDL TS 7.35% 2038,735TS38
NSE_EQ,NSE_EQ|IN4520240198,SDL TS 7.35% 2040,24568,SDL TS 7.35% 2040,735TS40
NSE_EQ,NSE_EQ|IN4520230082,SDL TS 7.35% 2045,16815,SDL TS 7.35% 2045,735TS45
NSE_EQ,NSE_EQ|IN3620190154,SDL UK 7.35% 2030,22202,SDL UK 7.35% 2030,735UK30
NSE_EQ,NSE_EQ|IN3320210245,SDL UP 7.35% 2034,8702,SDL UP 7.35% 2034,735UP34
NSE_EQ,NSE_EQ|IN3420190255,SDL WB 7.35% 2030,22177,SDL WB 7.35% 2030,735WB30
NSE_EQ,NSE_EQ|IN3420240050,SDL WB 7.35% 2040,24654,SDL WB 7.35% 2040,735WB40
NSE_EQ,NSE_EQ|IN3420240068,SDL WB 7.35% 2043,24655,SDL WB 7.35% 2043,735WB43
NSE_EQ,NSE_EQ|IN1020230141,SDL AP 7.36% 2034,16066,SDL AP 7.36% 2034,736AP34
NSE_EQ,NSE_EQ|IN1020230190,SDL AP 7.36% 2037,16649,SDL AP 7.36% 2037,736AP37
NSE_EQ,NSE_EQ|IN1020230232,SDL AP 7.36% 2038,16808,SDL AP 7.36% 2038,736AP38
NSE_EQ,NSE_EQ|IN1020230349,SDL AP 7.36% 2038,17325,SDL AP 7.36% 2038,736AP38A
NSE_EQ,NSE_EQ|IN1020240371,SDL AP 7.36% 2041,24338,SDL AP 7.36% 2041,736AP41
NSE_EQ,NSE_EQ|IN1020240389,SDL AP 7.36% 2045,24340,SDL AP 7.36% 2045,736AP45
NSE_EQ,NSE_EQ|IN1020240397,SDL AP 7.36% 2048,24343,SDL AP 7.36% 2048,736AP48
NSE_EQ,NSE_EQ|IN1420230014,SDL GA 7.36% 2033,16797,SDL GA 7.36% 2033,736GA33
NSE_EQ,NSE_EQ|IN1420240021,SDL GA 7.36% 2034,24564,SDL GA 7.36% 2034,736GA34
NSE_EQ,NSE_EQ|IN0020220086,GOI LOAN  7.36% 2052,10931,GOI LOAN  7.36% 2052,736GS2052
NSE_EQ,NSE_EQ|IN1620230079,SDL HR 7.36% 2033,16364,SDL HR 7.36% 2033,736HR33
NSE_EQ,NSE_EQ|IN1620230103,SDL HR 7.36% 2033,16801,SDL HR 7.36% 2033,736HR33A
NSE_EQ,NSE_EQ|IN1620240060,SDL HR 7.36% 2034,24101,SDL HR 7.36% 2034,736HR34
NSE_EQ,NSE_EQ|INE242A08551,IOCL 7.36% 2029 SR 26,24484,IOCL 7.36% 2029 SR 26,736IOCL29
NSE_EQ,NSE_EQ|INE202E08235,IREDA 7.36% 2039 SR XVI,25201,IREDA 7.36% 2039 SR XVI,736IRED39
NSE_EQ,NSE_EQ|IN4920230039,SDL JK 7.36% 2035,16929,SDL JK 7.36% 2035,736JK35
NSE_EQ,NSE_EQ|IN4920240087,SDL JK 7.36% 2046,24341,SDL JK 7.36% 2046,736JK46
NSE_EQ,NSE_EQ|IN4920230260,SDL JK 7.36% 2049,23102,SDL JK 7.36% 2049,736JK49
NSE_EQ,NSE_EQ|IN1920230316,SDL KA 7.36% 2034,23083,SDL KA 7.36% 2034,736KA34
NSE_EQ,NSE_EQ|IN1920210318,SDL KA 7.36% 2039,7910,SDL KA 7.36% 2039,736KA39
NSE_EQ,NSE_EQ|IN2020240031,SDL KL 7.36% 2036,23874,SDL KL 7.36% 2036,736KL36
NSE_EQ,NSE_EQ|IN2020230081,SDL KL 7.36% 2038,17327,SDL KL 7.36% 2038,736KL38
NSE_EQ,NSE_EQ|IN2020230099,SDL KL 7.36% 2041,17459,SDL KL 7.36% 2041,736KL41
NSE_EQ,NSE_EQ|IN2020230248,SDL KL 7.36% 2054,23104,SDL KL 7.36% 2054,736KL54
NSE_EQ,NSE_EQ|IN2220230014,SDL MH 7.36% 2028,15009,SDL MH 7.36% 2028,736MH28
NSE_EQ,NSE_EQ|IN2420230012,SDL ML 7.36% 2032,16289,SDL ML 7.36% 2032,736ML32
NSE_EQ,NSE_EQ|IN2120230015,SDL MP 7.36% 2033,16229,SDL MP 7.36% 2033,736MP33
NSE_EQ,NSE_EQ|IN2520230037,SDL MZ 7.36% 2038,16934,SDL MZ 7.36% 2038,736MZ38
NSE_EQ,NSE_EQ|IN2520230045,SDL MZ 7.36% 2038,17326,SDL MZ 7.36% 2038,736MZ38A
NSE_EQ,NSE_EQ|IN2520240028,SDL MZ 7.36% 2039,24186,SDL MZ 7.36% 2039,736MZ39
NSE_EQ,NSE_EQ|INE0KUG08043,NABF 7.36% 2044 SR 2,24834,NABF 7.36% 2044 SR 2,736NBFID44
NSE_EQ,NSE_EQ|INE733E07JU6,TFB 7.36% 2025 SR. 1B,10746,TFB 7.36% 2025 SR. 1B,736NTPC25D
NSE_EQ,NSE_EQ|INE134E07349,7.36% TAX FREE NCD,19974,7.36% TAX FREE NCD,736PFCL28
NSE_EQ,NSE_EQ|IN2920230066,SDL RJ 7.36% 2033,16346,SDL RJ 7.36% 2033,736RJ33
NSE_EQ,NSE_EQ|IN2920240198,SDL RJ 7.36% 2034,24565,SDL RJ 7.36% 2034,736RJ34
NSE_EQ,NSE_EQ|IN2920240081,SDL RJ 7.36% 2037,23877,SDL RJ 7.36% 2037,736RJ37
NSE_EQ,NSE_EQ|IN2920230132,SDL RJ 7.36% 2041,17460,SDL RJ 7.36% 2041,736RJ41
NSE_EQ,NSE_EQ|IN2920240180,SDL RJ 7.36% 2046,24423,SDL RJ 7.36% 2046,736RJ46
NSE_EQ,NSE_EQ|INE062A08439,SBOI 7.36% 2039 SR 2,24455,SBOI 7.36% 2039 SR 2,736SBI39
NSE_EQ,NSE_EQ|INE062A08421,SBOI 7.36% SR 1,24282,SBOI 7.36% SR 1,736SBOI39
NSE_EQ,NSE_EQ|IN3120230187,SDL TN 7.36% 2043,17463,SDL TN 7.36% 2043,736TN43
NSE_EQ,NSE_EQ|IN3120230476,SDL TN 7.36% 2054,23105,SDL TN 7.36% 2054,736TN54
NSE_EQ,NSE_EQ|IN4520210290,SDL TS 7.36% 2036,8703,SDL TS 7.36% 2036,736TS36
NSE_EQ,NSE_EQ|IN4520240149,SDL TS 7.36% 2037,24337,SDL TS 7.36% 2037,736TS37
NSE_EQ,NSE_EQ|IN4520230074,SDL TS 7.36% 2041,16809,SDL TS 7.36% 2041,736TS41
NSE_EQ,NSE_EQ|IN4520230470,SDL TS 7.36% 2050,23103,SDL TS 7.36% 2050,736TS50
NSE_EQ,NSE_EQ|IN3620230083,SDL UK 7.36% 2026,23340,SDL UK 7.36% 2026,736UK26
NSE_EQ,NSE_EQ|IN3420210293,SDL WB 7.36% 2032,8701,SDL WB 7.36% 2032,736WB32
NSE_EQ,NSE_EQ|IN3420240043,SDL WB 7.36% 2040,24569,SDL WB 7.36% 2040,736WB40
NSE_EQ,NSE_EQ|IN3420230044,SDL WB 7.36% 2041,17461,SDL WB 7.36% 2041,736WB41
NSE_EQ,NSE_EQ|IN3420230036,SDL WB 7.36% 2043,16379,SDL WB 7.36% 2043,736WB43
NSE_EQ,NSE_EQ|IN1020230166,SDL AP 7.37% 2033,16290,SDL AP 7.37% 2033,737AP33
NSE_EQ,NSE_EQ|IN1020240355,SDL AP 7.37% 2033,24330,SDL AP 7.37% 2033,737AP33A
NSE_EQ,NSE_EQ|IN1020240363,SDL AP 7.37% 2036,24335,SDL AP 7.37% 2036,737AP36
NSE_EQ,NSE_EQ|IN1020210481,SDL AP 7.37% 2038,8122,SDL AP 7.37% 2038,737AP38
NSE_EQ,NSE_EQ|IN1020210499,SDL AP 7.37% 2042,8123,SDL AP 7.37% 2042,737AP42
NSE_EQ,NSE_EQ|IN1020230117,SDL AP 7.37% 2043,15578,SDL AP 7.37% 2043,737AP43
NSE_EQ,NSE_EQ|IN1220230032,SDL AS 7.37% 2033,15750,SDL AS 7.37% 2033,737AS33
NSE_EQ,NSE_EQ|IN1220240031,SDL AS 7.37% 2034,23871,SDL AS 7.37% 2034,737AS34
NSE_EQ,NSE_EQ|IN1320230015,SDL BR 7.37% 2030,17322,SDL BR 7.37% 2030,737BR30
NSE_EQ,NSE_EQ|IN0020230176,GOI LOAN   7.37% 2054,21735,GOI LOAN   7.37% 2054,737GR2054
NSE_EQ,NSE_EQ|IN0020230101,GOI LOAN  7.37% 2028,19566,GOI LOAN  7.37% 2028,737GS2028
NSE_EQ,NSE_EQ|INE202E08250,IREDA 7.37% 31 SR XVI-F,27226,IREDA 7.37% 31 SR XVI-F,737IREDA31
NSE_EQ,NSE_EQ|INE053F08411,IRFC 7.37% 2029 SR 181,24672,IRFC 7.37% 2029 SR 181,737IRFC29
NSE_EQ,NSE_EQ|IN3720190054,SDL JH 7.37% 2031,22197,SDL JH 7.37% 2031,737JH31
NSE_EQ,NSE_EQ|IN4920230013,SDL JK 7.37% 2035,16069,SDL JK 7.37% 2035,737JK35
NSE_EQ,NSE_EQ|IN4920230021,SDL JK 7.37% 2038,16650,SDL JK 7.37% 2038,737JK38
NSE_EQ,NSE_EQ|IN1920230324,SDL KA 7.37% 2037,23091,SDL KA 7.37% 2037,737KA37
NSE_EQ,NSE_EQ|IN1920210300,SDL KA 7.37% 2038,7908,SDL KA 7.37% 2038,737KA38
NSE_EQ,NSE_EQ|IN1920230332,SDL KA 7.37% 2038,23092,SDL KA 7.37% 2038,737KA38A
NSE_EQ,NSE_EQ|IN2520240010,SDL MZ 7.37% 2039,23878,SDL MZ 7.37% 2039,737MZ39
NSE_EQ,NSE_EQ|INE261F08EN9,NBRD 7.37% 2035 SR 25F,29947,NBRD 7.37% 2035 SR 25F,737NBRD35
NSE_EQ,NSE_EQ|IN2620230036,SDL NL 7.37% 2033,16235,SDL NL 7.37% 2033,737NL33
NSE_EQ,NSE_EQ|IN2620230044,SDL NL 7.37% 2033,16802,SDL NL 7.37% 2033,737NL33A
NSE_EQ,NSE_EQ|INE733E07JT8,TFB 7.37% 2035 SR. 3A,10744,TFB 7.37% 2035 SR. 3A,737NTPC35C
NSE_EQ,NSE_EQ|IN2820240090,SDL PN 7.37% 2036,23875,SDL PN 7.37% 2036,737PN36
NSE_EQ,NSE_EQ|IN2820230042,SDL PN 7.37% 2038,16367,SDL PN 7.37% 2038,737PN38
NSE_EQ,NSE_EQ|IN2820210176,SDL PN 7.37% 2042,8718,SDL PN 7.37% 2042,737PN42
NSE_EQ,NSE_EQ|IN2920210548,SDL RJ 7.37% 2034,8578,SDL RJ 7.37% 2034,737RJ34
NSE_EQ,NSE_EQ|IN2920230496,SDL RJ 7.37% 2034,23082,SDL RJ 7.37% 2034,737RJ34A
NSE_EQ,NSE_EQ|IN2920240073,SDL RJ 7.37% 2034,23872,SDL RJ 7.37% 2034,737RJ34B
NSE_EQ,NSE_EQ|IN2920240099,SDL RJ 7.37% 2039,23879,SDL RJ 7.37% 2039,737RJ39
NSE_EQ,NSE_EQ|IN2920230504,SDL RJ 7.37% 2045,23101,SDL RJ 7.37% 2045,737RJ45
NSE_EQ,NSE_EQ|IN3020230014,SDL SK 7.37% 2033,16239,SDL SK 7.37% 2033,737SK33
NSE_EQ,NSE_EQ|IN4520210258,SDL TS 7.37% 2036,8121,SDL TS 7.37% 2036,737TS36
NSE_EQ,NSE_EQ|IN4520230462,SDL TS 7.37% 2041,23096,SDL TS 7.37% 2041,737TS41
NSE_EQ,NSE_EQ|IN4520240156,SDL TS 7.37% 2042,24339,SDL TS 7.37% 2042,737TS42
NSE_EQ,NSE_EQ|IN3420240019,SDL WB 7.37% 2040,23880,SDL WB 7.37% 2040,737WB40
NSE_EQ,NSE_EQ|INE674K07036,ABCL 7.3789% 2028 SR B2,757148,ABCL 7.3789% 2028 SR B2,738ABCL28
NSE_EQ,NSE_EQ|IN1020230174,SDL AP 7.38% 2035,16244,SDL AP 7.38% 2035,738AP35
NSE_EQ,NSE_EQ|IN1020230109,SDL AP 7.38% 2040,15572,SDL AP 7.38% 2040,738AP40
NSE_EQ,NSE_EQ|IN1020240231,SDL AP 7.38% 2044,23818,SDL AP 7.38% 2044,738AP44
NSE_EQ,NSE_EQ|IN1020240298,SDL AP 7.38% 2049,24002,SDL AP 7.38% 2049,738AP49
NSE_EQ,NSE_EQ|IN3520230233,SDL CG 7.38% 2032,23078,SDL CG 7.38% 2032,738CG32
NSE_EQ,NSE_EQ|IN3520230258,SDL CG 7.38% 2034,23080,SDL CG 7.38% 2034,738CG34
NSE_EQ,NSE_EQ|INE121A07SN8,CIFL 7.38% 2027 SR 653,757343,CIFL 7.38% 2027 SR 653,738CIFL27
NSE_EQ,NSE_EQ|IN1420230030,SDL GA 7.38% 2033,17324,SDL GA 7.38% 2033,738GA33
NSE_EQ,NSE_EQ|IN1520230013,SDL GJ 7.38% 2030,15260,SDL GJ 7.38% 2030,738GJ30
NSE_EQ,NSE_EQ|IN1520230054,SDL GJ 7.38% 2030,16973,SDL GJ 7.38% 2030,738GJ30A
NSE_EQ,NSE_EQ|IN0020220037,GOI LOAN 7.38% 2027,9913,GOI LOAN 7.38% 2027,738GS2027
NSE_EQ,NSE_EQ|IN1620240052,SDL HR 7.38% 2034,24056,SDL HR 7.38% 2034,738HR34
NSE_EQ,NSE_EQ|IN1620230400,SDL HR 7.38% 2035,23087,SDL HR 7.38% 2035,738HR35
NSE_EQ,NSE_EQ|IN4920240095,SDL JK 7.38% 2049,24421,SDL JK 7.38% 2049,738JK49
NSE_EQ,NSE_EQ|IN4920240020,SDL JK 7.38% 2051,23812,SDL JK 7.38% 2051,738JK51
NSE_EQ,NSE_EQ|IN2020230230,SDL KL 7.38% 2044,23099,SDL KL 7.38% 2044,738KL44
NSE_EQ,NSE_EQ|IN2020240056,SDL KL 7.38% 2055,24003,SDL KL 7.38% 2055,738KL55
NSE_EQ,NSE_EQ|INE134E08NM4,PFCL 7.38% 2032 SR 246B,29721,PFCL 7.38% 2032 SR 246B,738PFC32
NSE_EQ,NSE_EQ|INE752E08759,PGC 7.38% 2034,24560,PGC 7.38% 2034,738PGCIL34
NSE_EQ,NSE_EQ|IN2820240140,SDL PN 7.38% 2033,24331,SDL PN 7.38% 2033,738PN33
NSE_EQ,NSE_EQ|IN2820240157,SDL PN 7.38% 2034,24333,SDL PN 7.38% 2034,738PN34
NSE_EQ,NSE_EQ|IN3820230057,SDL PY 7.38% 2038,23093,SDL PY 7.38% 2038,738PY38
NSE_EQ,NSE_EQ|IN3820240023,SDL PY 7.38% 2038,24048,SDL PY 7.38% 2038,738PY38A
NSE_EQ,NSE_EQ|INE020B07GX4,TAXFREE SEC NCD TR1 S2,29111,TAXFREE SEC NCD TR1 S2,738REC27TF
NSE_EQ,NSE_EQ|IN2920240131,SDL RJ 7.38% 2033,24098,SDL RJ 7.38% 2033,738RJ33
NSE_EQ,NSE_EQ|IN3120240079,SDL TN 7.38% 2033,23870,SDL TN 7.38% 2033,738TN33
NSE_EQ,NSE_EQ|IN3120240087,SDL TN 7.38% 2034,23873,SDL TN 7.38% 2034,738TN34
NSE_EQ,NSE_EQ|IN3120230468,SDL TN 7.38% 2054,23000,SDL TN 7.38% 2054,738TN54
NSE_EQ,NSE_EQ|IN4520230447,SDL TS 7.38% 2043,22988,SDL TS 7.38% 2043,738TS43
NSE_EQ,NSE_EQ|IN4520230454,SDL TS 7.38% 2049,22999,SDL TS 7.38% 2049,738TS49
NSE_EQ,NSE_EQ|IN3320230284,SDL UP 7.38% 2034,23086,SDL UP 7.38% 2034,738UP34
NSE_EQ,NSE_EQ|IN3320230292,SDL UP 7.38% 2036,23089,SDL UP 7.38% 2036,738UP36
NSE_EQ,NSE_EQ|IN1020230752,SDL AP 7.39% 2029,22604,SDL AP 7.39% 2029,739AP29
NSE_EQ,NSE_EQ|IN1020240017,SDL AP 7.39% 2030,23421,SDL AP 7.39% 2030,739AP30
NSE_EQ,NSE_EQ|IN1020230091,SDL AP 7.39% 2033,15526,SDL AP 7.39% 2033,739AP33
NSE_EQ,NSE_EQ|IN1020230224,SDL AP 7.39% 2035,16806,SDL AP 7.39% 2035,739AP35
NSE_EQ,NSE_EQ|IN1320230247,SDL BR 7.39% 2039,23095,SDL BR 7.39% 2039,739BR39
NSE_EQ,NSE_EQ|IN3520230241,SDL CG 7.39% 2033,23079,SDL CG 7.39% 2033,739CG33
NSE_EQ,NSE_EQ|IN1720230128,SDL HP 7.39% 2034,23081,SDL HP 7.39% 2034,739HP34
NSE_EQ,NSE_EQ|IN1620230020,SDL HR 7.39% 2029,15256,SDL HR 7.39% 2029,739HR29
NSE_EQ,NSE_EQ|IN1620230038,SDL HR 7.39% 2031,15500,SDL HR 7.39% 2031,739HR31
NSE_EQ,NSE_EQ|INE202E08227,IREDA 7.39% 39 SR XVI C,24580,IREDA 7.39% 39 SR XVI C,739IREDA39
NSE_EQ,NSE_EQ|INE053F08403,IRFC 7.39% 2034 SR 180,24474,IRFC 7.39% 2034 SR 180,739IRFC34
NSE_EQ,NSE_EQ|IN4920210148,SDL JK 7.39% 2037,8496,SDL JK 7.39% 2037,739JK37
NSE_EQ,NSE_EQ|IN2020230222,SDL KL 7.39% 2034,23085,SDL KL 7.39% 2034,739KL34
NSE_EQ,NSE_EQ|IN2020230057,SDL KL 7.39% 2052,16998,SDL KL 7.39% 2052,739KL52
NSE_EQ,NSE_EQ|IN2420220054,SDL ML 7.39% 2026,12289,SDL ML 7.39% 2026,739ML26
NSE_EQ,NSE_EQ|IN2420240045,SDL ML 7.39% 2034,24334,SDL ML 7.39% 2034,739ML34
NSE_EQ,NSE_EQ|IN2320230021,SDL MN 7.39% 2035,16250,SDL MN 7.39% 2035,739MN35
NSE_EQ,NSE_EQ|IN2320240020,SDL MN 7.39% 2036,24336,SDL MN 7.39% 2036,739MN36
NSE_EQ,NSE_EQ|INE906B07EH2,TAX FREE7.39% SR.IB,11952,TAX FREE7.39% SR.IB,739NHAI26
NSE_EQ,NSE_EQ|INE906B07EO8,TAX FREE 7.39% SR. IIA,14522,TAX FREE 7.39% SR. IIA,739NHAI31A
NSE_EQ,NSE_EQ|IN2820240132,SDL PN 7.39% 2033,24099,SDL PN 7.39% 2033,739PN33
NSE_EQ,NSE_EQ|IN2920230090,SDL RJ 7.39% 2048,16995,SDL RJ 7.39% 2048,739RJ48
NSE_EQ,NSE_EQ|INE556F08KY6,SIDBI 7.39% 2030 SR IX,30267,SIDBI 7.39% 2030 SR IX,739SIDBI30
NSE_EQ,NSE_EQ|IN3120240111,SDL TN 7.39% 2032,24054,SDL TN 7.39% 2032,739TN32
NSE_EQ,NSE_EQ|IN3120230021,SDL TN 7.39% 2033,15503,SDL TN 7.39% 2033,739TN33
NSE_EQ,NSE_EQ|IN3120230096,SDL TN 7.39% 2033,16928,SDL TN 7.39% 2033,739TN33A
NSE_EQ,NSE_EQ|IN3120230179,SDL TN 7.39% 2033,17454,SDL TN 7.39% 2033,739TN33B
NSE_EQ,NSE_EQ|IN3120210528,SDL TN 7.39% 2042,8719,SDL TN 7.39% 2042,739TN42
NSE_EQ,NSE_EQ|IN3120210452,SDL TN 7.39% 2052,8502,SDL TN 7.39% 2052,739TN52
NSE_EQ,NSE_EQ|IN3120230120,SDL TN 7.39% 2053,17003,SDL TN 7.39% 2053,739TN53
NSE_EQ,NSE_EQ|IN4520230066,SDL TS 7.39% 2039,16652,SDL TS 7.39% 2039,739TS39
NSE_EQ,NSE_EQ|IN4520230108,SDL TS 7.39% 2051,16997,SDL TS 7.39% 2051,739TS51
NSE_EQ,NSE_EQ|IN4520190146,SDL TS 7.39% 2059,22203,SDL TS 7.39% 2059,739TS59
NSE_EQ,NSE_EQ|IN3620240025,SDL UK 7.39% 2030,24051,SDL UK 7.39% 2030,739UK30
NSE_EQ,NSE_EQ|IN3320210252,SDL UP 7.39% 2037,8705,SDL UP 7.39% 2037,739UP37
NSE_EQ,NSE_EQ|IN3420230267,SDL WB 7.39% 2042,23098,SDL WB 7.39% 2042,739WB42
NSE_EQ,NSE_EQ|IN3420230275,SDL WB 7.39% 2044,23100,SDL WB 7.39% 2044,739WB44
NSE_EQ,NSE_EQ|IN1020230158,SDL AP 7.3% 2038,16071,SDL AP 7.3% 2038,73AP38
NSE_EQ,NSE_EQ|IN1220240056,SDL AS 7.3% 2039,24765,SDL AS 7.3% 2039,73AS39
NSE_EQ,NSE_EQ|INE028A08349,BOB 7.30% 2034 SR IV,24975,BOB 7.30% 2034 SR IV,73BOB34
NSE_EQ,NSE_EQ|IN0020230051,GOI LOAN  7.3% 2053,16865,GOI LOAN  7.3% 2053,73GS2053
NSE_EQ,NSE_EQ|IN1720190181,SDL HP 7.3% 2030,21051,SDL HP 7.3% 2030,73HP30
NSE_EQ,NSE_EQ|IN2720240125,SDL OR 7.3% 2039,30020,SDL OR 7.3% 2039,73OR39
NSE_EQ,NSE_EQ|IN2820190097,SDL PN 7.3% 2034,21717,SDL PN 7.3% 2034,73PN34
NSE_EQ,NSE_EQ|IN2920190476,SDL RJ 7.3% 2030,22066,SDL RJ 7.3% 2030,73RJ30
NSE_EQ,NSE_EQ|IN3120210510,SDL TN 7.3% 2032,8685,SDL TN 7.3% 2032,73TN32
NSE_EQ,NSE_EQ|IN3320190280,SDL UP 7.3% 2030,22091,SDL UP 7.3% 2030,73UP30
NSE_EQ,NSE_EQ|IN3420240233,SDL WB 7.3% 2039,30022,SDL WB 7.3% 2039,73WB39
NSE_EQ,NSE_EQ|INE514E08GC2,EXIM 7.40% 2029 SR Z02,23050,EXIM 7.40% 2029 SR Z02,740EXIM29
NSE_EQ,NSE_EQ|INE787H07156,7.40% TAX FREETRI SRIII,20052,7.40% TAX FREETRI SRIII,740IIFCL33
NSE_EQ,NSE_EQ|INE202E08276,IREDA 7.40% 2036 XVI H,29942,IREDA 7.40% 2036 XVI H,740IREDA36
NSE_EQ,NSE_EQ|INE213W07319,SIHF 7.40% 2028 SR 29,757029,SIHF 7.40% 2028 SR 29,740SIHF28
NSE_EQ,NSE_EQ|IN1020230042,SDL AP 7.41% 2030,15262,SDL AP 7.41% 2030,741AP30
NSE_EQ,NSE_EQ|IN1020240215,SDL AP 7.41% 2047,23759,SDL AP 7.41% 2047,741AP47
NSE_EQ,NSE_EQ|IN1120230033,SDL AR 7.41% 2034,23084,SDL AR 7.41% 2034,741AR34
NSE_EQ,NSE_EQ|INE084A08201,BOI 7.41% 2034 SR II,27278,BOI 7.41% 2034 SR II,741BOI34
NSE_EQ,NSE_EQ|IN1420230048,SDL GA 7.41% 2033,17455,SDL GA 7.41% 2033,741GA33
NSE_EQ,NSE_EQ|IN1520220121,SDL GJ 7.41% 2026,11588,SDL GJ 7.41% 2026,741GJ26
NSE_EQ,NSE_EQ|IN0020220102,GOI LOAN  7.41% 2036,13194,GOI LOAN  7.41% 2036,741GS2036
NSE_EQ,NSE_EQ|IN1720230136,SDL HP 7.41% 2036,23090,SDL HP 7.41% 2036,741HP36
NSE_EQ,NSE_EQ|IN4920240012,SDL JK 7.41% 2049,23760,SDL JK 7.41% 2049,741JK49
NSE_EQ,NSE_EQ|IN4920230096,SDL JK 7.41% 2053,18687,SDL JK 7.41% 2053,741JK53
NSE_EQ,NSE_EQ|IN1920230308,SDL KA 7.41% 2036,22996,SDL KA 7.41% 2036,741KA36
NSE_EQ,NSE_EQ|IN2320230039,SDL MN 7.41% 2035,17458,SDL MN 7.41% 2035,741MN35
NSE_EQ,NSE_EQ|IN2820230059,SDL PN 7.41% 2034,16804,SDL PN 7.41% 2034,741PN34
NSE_EQ,NSE_EQ|IN2820240124,SDL PN 7.41% 2034,24057,SDL PN 7.41% 2034,741PN34A
NSE_EQ,NSE_EQ|IN2820210168,SDL PN 7.41% 2042,8501,SDL PN 7.41% 2042,741PN42
NSE_EQ,NSE_EQ|IN2920230124,SDL RJ 7.41% 2033,17456,SDL RJ 7.41% 2033,741RJ33
NSE_EQ,NSE_EQ|IN2920240065,SDL RJ 7.41% 2034,23814,SDL RJ 7.41% 2034,741RJ34
NSE_EQ,NSE_EQ|IN2920230165,SDL RJ 7.41% 2039,18335,SDL RJ 7.41% 2039,741RJ39
NSE_EQ,NSE_EQ|IN3320230037,SDL UP 7.41% 2034,16803,SDL UP 7.41% 2034,741UP34
NSE_EQ,NSE_EQ|IN3420230051,SDL WB 7.41% 2039,18334,SDL WB 7.41% 2039,741WB39
NSE_EQ,NSE_EQ|IN3420230077,SDL WB 7.41% 2042,18686,SDL WB 7.41% 2042,741WB42
NSE_EQ,NSE_EQ|IN1020230273,SDL AP 7.42% 2041,16988,SDL AP 7.42% 2041,742AP41
NSE_EQ,NSE_EQ|IN1020230281,SDL AP 7.42% 2043,16993,SDL AP 7.42% 2043,742AP43
NSE_EQ,NSE_EQ|IN1020240157,SDL AP 7.42% 2043,23680,SDL AP 7.42% 2043,742AP43A
NSE_EQ,NSE_EQ|IN1020240165,SDL AP 7.42% 2044,23681,SDL AP 7.42% 2044,742AP44
NSE_EQ,NSE_EQ|IN1020240199,SDL AP 7.42% 2045,23757,SDL AP 7.42% 2045,742AP45
NSE_EQ,NSE_EQ|IN1020240207,SDL AP 7.42% 2046,23758,SDL AP 7.42% 2046,742AP46
NSE_EQ,NSE_EQ|IN1220230214,SDL AS 7.42% 2034,22991,SDL AS 7.42% 2034,742AS34
NSE_EQ,NSE_EQ|IN3520230035,SDL CG 7.42% 2031,16976,SDL CG 7.42% 2031,742CG31
NSE_EQ,NSE_EQ|IN1520230260,SDL GJ 7.42% 2031,22608,SDL GJ 7.42% 2031,742GJ31
NSE_EQ,NSE_EQ|IN1520230286,SDL GJ 7.42% 2033,22697,SDL GJ 7.42% 2033,742GJ33
NSE_EQ,NSE_EQ|IN1720230052,SDL HP 7.42% 2038,18409,SDL HP 7.42% 2038,742HP38
NSE_EQ,NSE_EQ|IN1620240037,SDL HR 7.42% 2034,23815,SDL HR 7.42% 2034,742HR34
NSE_EQ,NSE_EQ|IN1620230392,SDL HR 7.42% 2035,22994,SDL HR 7.42% 2035,742HR35
NSE_EQ,NSE_EQ|IN1920230373,SDL KA 7.42% 2032,23342,SDL KA 7.42% 2032,742KA32
NSE_EQ,NSE_EQ|IN1920230290,SDL KA 7.42% 2035,22993,SDL KA 7.42% 2035,742KA35
NSE_EQ,NSE_EQ|IN1920230282,SDL KA 7.42% 2039,22880,SDL KA 7.42% 2039,742KA39
NSE_EQ,NSE_EQ|IN2020210190,SDL KL 7.42% 2034,8579,SDL KL 7.42% 2034,742KL34
NSE_EQ,NSE_EQ|IN2020230073,SDL KL 7.42% 2043,17257,SDL KL 7.42% 2043,742KL43
NSE_EQ,NSE_EQ|IN2020240072,SDL KL 7.42% 2046,24342,SDL KL 7.42% 2046,742KL46
NSE_EQ,NSE_EQ|IN2020230255,SDL KL 7.42% 2049,23216,SDL KL 7.42% 2049,742KL49
NSE_EQ,NSE_EQ|IN2020230263,SDL KL 7.42% 2064,23218,SDL KL 7.42% 2064,742KL64
NSE_EQ,NSE_EQ|IN2220230311,SDL MH 7.42% 2034,23540,SDL MH 7.42% 2034,742MH34
NSE_EQ,NSE_EQ|IN2220230329,SDL MH 7.42% 2037,23541,SDL MH 7.42% 2037,742MH37
NSE_EQ,NSE_EQ|IN2420230020,SDL ML 7.42% 2032,16977,SDL ML 7.42% 2032,742ML32
NSE_EQ,NSE_EQ|IN2120230213,SDL MP 7.42% 2044,22872,SDL MP 7.42% 2044,742MP44
NSE_EQ,NSE_EQ|IN2120230221,SDL MP 7.42% 2045,22881,SDL MP 7.42% 2045,742MP45
NSE_EQ,NSE_EQ|IN2120230239,SDL MP 7.42% 2046,22882,SDL MP 7.42% 2046,742MP46
NSE_EQ,NSE_EQ|INE134E08NL6,PFCL 7.42% 2028 SR 246A,29719,PFCL 7.42% 2028 SR 246A,742PFC28
NSE_EQ,NSE_EQ|IN2920240057,SDL RJ 7.42% 2032,23813,SDL RJ 7.42% 2032,742RJ32
NSE_EQ,NSE_EQ|IN2920230462,SDL RJ 7.42% 2039,22869,SDL RJ 7.42% 2039,742RJ39
NSE_EQ,NSE_EQ|INE556F08KW0,SIDBI 7.42% 2029 SR VII,29600,SIDBI 7.42% 2029 SR VII,742SIDBI29
NSE_EQ,NSE_EQ|IN3120230153,SDL TN 7.42% 2033,17221,SDL TN 7.42% 2033,742TN33
NSE_EQ,NSE_EQ|IN3120230443,SDL TN 7.42% 2034,22866,SDL TN 7.42% 2034,742TN34
NSE_EQ,NSE_EQ|IN3120240012,SDL TN 7.42% 2034,23423,SDL TN 7.42% 2034,742TN34A
NSE_EQ,NSE_EQ|IN3120230112,SDL TN 7.42% 2043,16992,SDL TN 7.42% 2043,742TN43
NSE_EQ,NSE_EQ|IN4520230496,SDL TS 7.42% 2041,23210,SDL TS 7.42% 2041,742TS41
NSE_EQ,NSE_EQ|IN4520240073,SDL TS 7.42% 2048,23683,SDL TS 7.42% 2048,742TS48
NSE_EQ,NSE_EQ|IN1020230059,SDL AP 7.43% 2031,15264,SDL AP 7.43% 2031,743AP31
NSE_EQ,NSE_EQ|IN1020230356,SDL AP 7.43% 2035,17457,SDL AP 7.43% 2035,743AP35
NSE_EQ,NSE_EQ|IN1020230265,SDL AP 7.43% 2039,16987,SDL AP 7.43% 2039,743AP39
NSE_EQ,NSE_EQ|IN1020230323,SDL AP 7.43% 2041,17250,SDL AP 7.43% 2041,743AP41
NSE_EQ,NSE_EQ|IN1020230331,SDL AP 7.43% 2042,17251,SDL AP 7.43% 2042,743AP42
NSE_EQ,NSE_EQ|IN1020240140,SDL AP 7.43% 2042,23679,SDL AP 7.43% 2042,743AP42A
NSE_EQ,NSE_EQ|IN1020240264,SDL AP 7.43% 2042,24010,SDL AP 7.43% 2042,743AP42B
NSE_EQ,NSE_EQ|IN1020240272,SDL AP 7.43% 2044,24012,SDL AP 7.43% 2044,743AP44
NSE_EQ,NSE_EQ|IN1020240280,SDL AP 7.43% 2046,24001,SDL AP 7.43% 2046,743AP46
NSE_EQ,NSE_EQ|IN1320230221,SDL BR 7.43% 2039,22870,SDL BR 7.43% 2039,743BR39
NSE_EQ,NSE_EQ|IN3520230142,SDL CG 7.43% 2029,22694,SDL CG 7.43% 2029,743CG29
NSE_EQ,NSE_EQ|IN1520230161,SDL GJ 7.43% 2027,21133,SDL GJ 7.43% 2027,743GJ27
NSE_EQ,NSE_EQ|IN1520230278,SDL GJ 7.43% 2031,22693,SDL GJ 7.43% 2031,743GJ31
NSE_EQ,NSE_EQ|IN1720220038,SDL HP 7.43% 2028,10559,SDL HP 7.43% 2028,743HP28
NSE_EQ,NSE_EQ|IN1620240045,SDL HR 7.43% 2034,24005,SDL HR 7.43% 2034,743HR34
NSE_EQ,NSE_EQ|IN1620210188,SDL HR 7.43% 2041,8364,SDL HR 7.43% 2041,743HR41
NSE_EQ,NSE_EQ|IN4920240046,SDL JK 7.43% 2046,24013,SDL JK 7.43% 2046,743JK46
NSE_EQ,NSE_EQ|IN4920230062,SDL JK 7.43% 2053,17850,SDL JK 7.43% 2053,743JK53
NSE_EQ,NSE_EQ|IN4920230088,SDL JK 7.43% 2053,18519,SDL JK 7.43% 2053,743JK53A
NSE_EQ,NSE_EQ|IN2220230253,SDL MH 7.43% 2035,22877,SDL MH 7.43% 2035,743MH35
NSE_EQ,NSE_EQ|IN2220230261,SDL MH 7.43% 2036,22878,SDL MH 7.43% 2036,743MH36
NSE_EQ,NSE_EQ|IN2220240013,SDL MH 7.43% 2039,23429,SDL MH 7.43% 2039,743MH39
NSE_EQ,NSE_EQ|IN2320240012,SDL MN 7.43% 2036,23816,SDL MN 7.43% 2036,743MN36
NSE_EQ,NSE_EQ|IN2520230011,SDL MZ 7.43% 2036,16261,SDL MZ 7.43% 2036,743MZ36
NSE_EQ,NSE_EQ|IN2520230029,SDL MZ 7.43% 2037,16268,SDL MZ 7.43% 2037,743MZ37
NSE_EQ,NSE_EQ|INE0KUG08035,NABFID 7.43% 2034,24364,NABFID 7.43% 2034,743NBFID34
NSE_EQ,NSE_EQ|IN2820230083,SDL PN 7.43% 2048,17114,SDL PN 7.43% 2048,743PN48
NSE_EQ,NSE_EQ|IN2820230091,SDL PN 7.43% 2048,17841,SDL PN 7.43% 2048,743PN48A
NSE_EQ,NSE_EQ|INE020B07JU4,7.43% TAX FREE TRI SR3B,19926,7.43% TAX FREE TRI SR3B,743REC35
NSE_EQ,NSE_EQ|IN2920240115,SDL RJ 7.43% 2034,23997,SDL RJ 7.43% 2034,743RJ34
NSE_EQ,NSE_EQ|IN2920230470,SDL RJ 7.43% 2044,22873,SDL RJ 7.43% 2044,743RJ44
NSE_EQ,NSE_EQ|IN2920230116,SDL RJ 7.43% 2048,17113,SDL RJ 7.43% 2048,743RJ48
NSE_EQ,NSE_EQ|IN2920230215,SDL RJ 7.43% 2049,18916,SDL RJ 7.43% 2049,743RJ49
NSE_EQ,NSE_EQ|IN3120240095,SDL TN 7.43% 2032,24004,SDL TN 7.43% 2032,743TN32
NSE_EQ,NSE_EQ|IN3120230229,SDL TN 7.43% 2033,18404,SDL TN 7.43% 2033,743TN33
NSE_EQ,NSE_EQ|IN3120230518,SDL TN 7.43% 2034,23326,SDL TN 7.43% 2034,743TN34
NSE_EQ,NSE_EQ|IN3120240053,SDL TN 7.43% 2034,23674,SDL TN 7.43% 2034,743TN34A
NSE_EQ,NSE_EQ|IN3120230195,SDL TN 7.43% 2043,17670,SDL TN 7.43% 2043,743TN43
NSE_EQ,NSE_EQ|IN3120210494,SDL TN 7.43% 2047,8587,SDL TN 7.43% 2047,743TN47
NSE_EQ,NSE_EQ|IN3120230203,SDL TN 7.43% 2053,17671,SDL TN 7.43% 2053,743TN53
NSE_EQ,NSE_EQ|IN3120230237,SDL TN 7.43% 2053,18922,SDL TN 7.43% 2053,743TN53A
NSE_EQ,NSE_EQ|IN4520230025,SDL TS 7.43% 2033,15265,SDL TS 7.43% 2033,743TS33
NSE_EQ,NSE_EQ|IN4520230199,SDL TS 7.43% 2041,17840,SDL TS 7.43% 2041,743TS41
NSE_EQ,NSE_EQ|IN4520240065,SDL TS 7.43% 2041,23678,SDL TS 7.43% 2041,743TS41A
NSE_EQ,NSE_EQ|IN4520240107,SDL TS 7.43% 2043,24011,SDL TS 7.43% 2043,743TS43
NSE_EQ,NSE_EQ|IN4520230124,SDL TS 7.43% 2050,17115,SDL TS 7.43% 2050,743TS50
NSE_EQ,NSE_EQ|IN4520190138,SDL TS 7.43% 2054,22211,SDL TS 7.43% 2054,743TS54
NSE_EQ,NSE_EQ|IN1020230422,SDL AP 7.44% 2033,18400,SDL AP 7.44% 2033,744AP33
NSE_EQ,NSE_EQ|IN1020230471,SDL AP 7.44% 2036,18681,SDL AP 7.44% 2036,744AP36
NSE_EQ,NSE_EQ|IN1020230810,SDL AP 7.44% 2039,22701,SDL AP 7.44% 2039,744AP39
NSE_EQ,NSE_EQ|IN1020230836,SDL AP 7.44% 2039,22754,SDL AP 7.44% 2039,744AP39A
NSE_EQ,NSE_EQ|IN1020230430,SDL AP 7.44% 2040,18411,SDL AP 7.44% 2040,744AP40
NSE_EQ,NSE_EQ|IN1020210564,SDL AP 7.44% 2042,8721,SDL AP 7.44% 2042,744AP42
NSE_EQ,NSE_EQ|IN1020230380,SDL AP 7.44% 2043,17669,SDL AP 7.44% 2043,744AP43
NSE_EQ,NSE_EQ|IN3520230183,SDL CG 7.44% 2029,22742,SDL CG 7.44% 2029,744CG29
NSE_EQ,NSE_EQ|IN3520230159,SDL CG 7.44% 2030,22692,SDL CG 7.44% 2030,744CG30
NSE_EQ,NSE_EQ|IN1420230071,SDL GA 7.44% 2033,18327,SDL GA 7.44% 2033,744GA33
NSE_EQ,NSE_EQ|IN1720240036,SDL HP 7.44% 2034,23999,SDL HP 7.44% 2034,744HP34
NSE_EQ,NSE_EQ|IN1620220294,SDL HR 7.44% 2027,12657,SDL HR 7.44% 2027,744HR27
NSE_EQ,NSE_EQ|IN1620230129,SDL HR 7.44% 2032,17220,SDL HR 7.44% 2032,744HR32
NSE_EQ,NSE_EQ|IN1620230152,SDL HR 7.44% 2033,18323,SDL HR 7.44% 2033,744HR33
NSE_EQ,NSE_EQ|IN1620230178,SDL HR 7.44% 2035,18407,SDL HR 7.44% 2035,744HR35
NSE_EQ,NSE_EQ|IN1620230384,SDL HR 7.44% 2036,22879,SDL HR 7.44% 2036,744HR36
NSE_EQ,NSE_EQ|INE202E08219,IR 7.44% 2034 XVI B,24179,IR 7.44% 2034 XVI B,744IREDA34
NSE_EQ,NSE_EQ|INE053F08395,IRFC 7.44% 2034 SR.179,24065,IRFC 7.44% 2034 SR.179,744IRF34
NSE_EQ,NSE_EQ|INE053F08379,IRFC 7.44% 2034 SR 177,22887,IRFC 7.44% 2034 SR 177,744IRFC34
NSE_EQ,NSE_EQ|IN4920230047,SDL JK 7.44% 2038,17223,SDL JK 7.44% 2038,744JK38
NSE_EQ,NSE_EQ|IN4920230054,SDL JK 7.44% 2053,17672,SDL JK 7.44% 2053,744JK53
NSE_EQ,NSE_EQ|IN1920230381,SDL KA 7.44% 2033,23344,SDL KA 7.44% 2033,744KA33
NSE_EQ,NSE_EQ|IN1920230274,SDL KA 7.44% 2034,22868,SDL KA 7.44% 2034,744KA34
NSE_EQ,NSE_EQ|IN1920210359,SDL KA 7.44% 2035,8120,SDL KA 7.44% 2035,744KA35
NSE_EQ,NSE_EQ|IN2220240021,SDL MH 7.44% 2041,23430,SDL MH 7.44% 2041,744MH41
NSE_EQ,NSE_EQ|IN2220240039,SDL MH 7.44% 2042,23432,SDL MH 7.44% 2042,744MH42
NSE_EQ,NSE_EQ|IN2220240054,SDL MH 7.44% 2042,23496,SDL MH 7.44% 2042,744MH42A
NSE_EQ,NSE_EQ|IN2420230038,SDL ML 7.44% 2031,17116,SDL ML 7.44% 2031,744ML31
NSE_EQ,NSE_EQ|IN2320230054,SDL MN 7.44% 2035,18406,SDL MN 7.44% 2035,744MN35
NSE_EQ,NSE_EQ|IN2120230056,SDL MP 7.44% 2035,18703,SDL MP 7.44% 2035,744MP35
NSE_EQ,NSE_EQ|IN2120230189,SDL MP 7.44% 2040,22756,SDL MP 7.44% 2040,744MP40
NSE_EQ,NSE_EQ|INE261F08EK5,NBRD 7.44% 2028 SR 25C,25441,NBRD 7.44% 2028 SR 25C,744NBRD28
NSE_EQ,NSE_EQ|INE134E08NO0,PFCL 7.44% 2030 SR 247A,29969,PFCL 7.44% 2030 SR 247A,744PFCL30
NSE_EQ,NSE_EQ|INE134E08NA9,PFC 7.44% 2034 SR 239,23920,PFC 7.44% 2034 SR 239,744PFCL34
NSE_EQ,NSE_EQ|IN2920230108,SDL RJ 7.44% 2033,17122,SDL RJ 7.44% 2033,744RJ33
NSE_EQ,NSE_EQ|IN2920230157,SDL RJ 7.44% 2033,18322,SDL RJ 7.44% 2033,744RJ33A
NSE_EQ,NSE_EQ|IN2920230454,SDL RJ 7.44% 2034,22867,SDL RJ 7.44% 2034,744RJ34
NSE_EQ,NSE_EQ|IN2920230553,SDL RJ 7.44% 2034,23346,SDL RJ 7.44% 2034,744RJ34A
NSE_EQ,NSE_EQ|IN2920230181,SDL RJ 7.44% 2036,18408,SDL RJ 7.44% 2036,744RJ36
NSE_EQ,NSE_EQ|INE020B08FR6,REC 7.44% 2028 SR 245A,30196,REC 7.44% 2028 SR 245A,744RL28
NSE_EQ,NSE_EQ|INE556F08KT6,SIDBI 7.44% 2028 SR IV,25890,SIDBI 7.44% 2028 SR IV,744SIDBI28
NSE_EQ,NSE_EQ|IN3120230013,SDL TN 7.44% 2033,15310,SDL TN 7.44% 2033,744TN33
NSE_EQ,NSE_EQ|IN3120230138,SDL TN 7.44% 2033,17119,SDL TN 7.44% 2033,744TN33A
NSE_EQ,NSE_EQ|IN3120230211,SDL TN 7.44% 2033,17835,SDL TN 7.44% 2033,744TN33B
NSE_EQ,NSE_EQ|IN3120230435,SDL TN 7.44% 2034,22747,SDL TN 7.44% 2034,744TN34
NSE_EQ,NSE_EQ|IN3120230484,SDL TN 7.44% 2034,23193,SDL TN 7.44% 2034,744TN34A
NSE_EQ,NSE_EQ|IN3120240103,SDL TN 7.44% 2034,23998,SDL TN 7.44% 2034,744TN34B
NSE_EQ,NSE_EQ|IN3120230492,SDL TN 7.44% 2044,23213,SDL TN 7.44% 2044,744TN44
NSE_EQ,NSE_EQ|IN4520230488,SDL TS 7.44% 2030,23189,SDL TS 7.44% 2030,744TS30
NSE_EQ,NSE_EQ|IN4520240016,SDL TS 7.44% 2036,23427,SDL TS 7.44% 2036,744TS36
NSE_EQ,NSE_EQ|IN4520230132,SDL TS 7.44% 2039,17224,SDL TS 7.44% 2039,744TS39
NSE_EQ,NSE_EQ|IN4520230215,SDL TS 7.44% 2039,18410,SDL TS 7.44% 2039,744TS39A
NSE_EQ,NSE_EQ|IN4520240099,SDL TS 7.44% 2040,23996,SDL TS 7.44% 2040,744TS40
NSE_EQ,NSE_EQ|IN4520240081,SDL TS 7.44% 2041,23756,SDL TS 7.44% 2041,744TS41
NSE_EQ,NSE_EQ|IN4520230249,SDL TS 7.44% 2045,18538,SDL TS 7.44% 2045,744TS45
NSE_EQ,NSE_EQ|IN4520230439,SDL TS 7.44% 2046,22706,SDL TS 7.44% 2046,744TS46
NSE_EQ,NSE_EQ|IN4520240024,SDL TS 7.44% 2051,23497,SDL TS 7.44% 2051,744TS51
NSE_EQ,NSE_EQ|IN4520240032,SDL TS 7.44% 2053,23498,SDL TS 7.44% 2053,744TS53
NSE_EQ,NSE_EQ|IN3420230234,SDL WB 7.44% 2041,22871,SDL WB 7.44% 2041,744WB41
NSE_EQ,NSE_EQ|IN3420230093,SDL WB 7.44% 2042,19000,SDL WB 7.44% 2042,744WB42
NSE_EQ,NSE_EQ|IN3420230242,SDL WB 7.44% 2044,22874,SDL WB 7.44% 2044,744WB44
NSE_EQ,NSE_EQ|INE238A08500,ABL 7.45% 2034 SR 8,25143,ABL 7.45% 2034 SR 8,745ABL34
NSE_EQ,NSE_EQ|IN1020230364,SDL AP 7.45% 2033,17643,SDL AP 7.45% 2033,745AP33
NSE_EQ,NSE_EQ|IN1020240173,SDL AP 7.45% 2033,23754,SDL AP 7.45% 2033,745AP33A
NSE_EQ,NSE_EQ|IN1020230414,SDL AP 7.45% 2034,18332,SDL AP 7.45% 2034,745AP34
NSE_EQ,NSE_EQ|IN1020220068,SDL AP 7.45% 2037,9345,SDL AP 7.45% 2037,745AP37
NSE_EQ,NSE_EQ|IN1020230802,SDL AP 7.45% 2038,22700,SDL AP 7.45% 2038,745AP38
NSE_EQ,NSE_EQ|IN1020220498,SDL AP 7.45% 2040,10962,SDL AP 7.45% 2040,745AP40
NSE_EQ,NSE_EQ|IN1020230372,SDL AP 7.45% 2040,17668,SDL AP 7.45% 2040,745AP40A
NSE_EQ,NSE_EQ|IN1020240181,SDL AP 7.45% 2040,23755,SDL AP 7.45% 2040,745AP40B
NSE_EQ,NSE_EQ|IN1020220506,SDL AP 7.45% 2042,10963,SDL AP 7.45% 2042,745AP42
NSE_EQ,NSE_EQ|IN1220230206,SDL AS 7.45% 2031,22695,SDL AS 7.45% 2031,745AS31
NSE_EQ,NSE_EQ|IN1220230065,SDL AS 7.45% 2033,17117,SDL AS 7.45% 2033,745AS33
NSE_EQ,NSE_EQ|IN1220230073,SDL AS 7.45% 2033,17642,SDL AS 7.45% 2033,745AS33A
NSE_EQ,NSE_EQ|IN1320230056,SDL BR 7.45% 2031,18320,SDL BR 7.45% 2031,745BR31
NSE_EQ,NSE_EQ|IN1320220057,SDL BR 7.45% 2032,10956,SDL BR 7.45% 2032,745BR32
NSE_EQ,NSE_EQ|IN3520230225,SDL CG 7.45% 2033,22864,SDL CG 7.45% 2033,745CG33
NSE_EQ,NSE_EQ|INE514E08GB4,EXIM 7.45% 2028 SR Z01,22661,EXIM 7.45% 2028 SR Z01,745EXIM28
NSE_EQ,NSE_EQ|IN1520190225,SDL GJ 7.45% 2030,20277,SDL GJ 7.45% 2030,745GJ30
NSE_EQ,NSE_EQ|IN1520230070,SDL GJ 7.45% 2031,18938,SDL GJ 7.45% 2031,745GJ31
NSE_EQ,NSE_EQ|IN1720230037,SDL HP 7.45% 2033,17118,SDL HP 7.45% 2033,745HP33
NSE_EQ,NSE_EQ|IN1720240010,SDL HP 7.45% 2044,23424,SDL HP 7.45% 2044,745HP44
NSE_EQ,NSE_EQ|IN1620220211,SDL HR 7.45% 2032,10955,SDL HR 7.45% 2032,745HR32
NSE_EQ,NSE_EQ|IN1620230194,SDL HR 7.45% 2033,18694,SDL HR 7.45% 2033,745HR33
NSE_EQ,NSE_EQ|IN1620230160,SDL HR 7.45% 2035,18333,SDL HR 7.45% 2035,745HR35
NSE_EQ,NSE_EQ|IN1620230202,SDL HR 7.45% 2035,18680,SDL HR 7.45% 2035,745HR35A
NSE_EQ,NSE_EQ|IN1620230418,SDL HR 7.45% 2035,23202,SDL HR 7.45% 2035,745HR35B
NSE_EQ,NSE_EQ|INE219X07199,SEC RE NCD 7.45% SR.II,3422,SEC RE NCD 7.45% SR.II,745IGT26
NSE_EQ,NSE_EQ|IN4920230070,SDL JK 7.45% 2053,18105,SDL JK 7.45% 2053,745JK53
NSE_EQ,NSE_EQ|IN4920230245,SDL JK 7.45% 2054,22760,SDL JK 7.45% 2054,745JK54
NSE_EQ,NSE_EQ|IN1920230340,SDL KA 7.45% 2035,23201,SDL KA 7.45% 2035,745KA35
NSE_EQ,NSE_EQ|IN1920230357,SDL KA 7.45% 2037,23205,SDL KA 7.45% 2037,745KA37
NSE_EQ,NSE_EQ|IN1920230266,SDL KA 7.45% 2040,22757,SDL KA 7.45% 2040,745KA40
NSE_EQ,NSE_EQ|IN2020230149,SDL KL 7.45% 2039,18999,SDL KL 7.45% 2039,745KL39
NSE_EQ,NSE_EQ|IN2020230107,SDL KL 7.45% 2040,17653,SDL KL 7.45% 2040,745KL40
NSE_EQ,NSE_EQ|IN2220230295,SDL MH 7.45% 2037,23206,SDL MH 7.45% 2037,745MH37
NSE_EQ,NSE_EQ|IN2220230303,SDL MH 7.45% 2038,23208,SDL MH 7.45% 2038,745MH38
NSE_EQ,NSE_EQ|IN2220230337,SDL MH 7.45% 2038,23536,SDL MH 7.45% 2038,745MH38A
NSE_EQ,NSE_EQ|IN2220230352,SDL MH 7.45% 2039,23354,SDL MH 7.45% 2039,745MH39
NSE_EQ,NSE_EQ|IN2220230345,SDL MH 7.45% 2039,23537,SDL MH 7.45% 2039,745MH39A
NSE_EQ,NSE_EQ|IN2220240047,SDL MH 7.45% 2041,23495,SDL MH 7.45% 2041,745MH41
NSE_EQ,NSE_EQ|IN2420240037,SDL ML 7.45% 2034,24006,SDL ML 7.45% 2034,745ML34
NSE_EQ,NSE_EQ|IN2120230080,SDL MP 7.45% 2044,18912,SDL MP 7.45% 2044,745MP44
NSE_EQ,NSE_EQ|IN2120230197,SDL MP 7.45% 2044,22758,SDL MP 7.45% 2044,745MP44A
NSE_EQ,NSE_EQ|IN2120230205,SDL MP 7.45% 2045,22759,SDL MP 7.45% 2045,745MP45
NSE_EQ,NSE_EQ|IN2620240019,SDL NL 7.45% 2034,24000,SDL NL 7.45% 2034,745NL34
NSE_EQ,NSE_EQ|INE134E08NP7,PFCL 7.45% 2028 SR 248B,30144,PFCL 7.45% 2028 SR 248B,745PFCL28
NSE_EQ,NSE_EQ|IN2820230067,SDL PN 7.45% 2034,16981,SDL PN 7.45% 2034,745PN34
NSE_EQ,NSE_EQ|IN2820230133,SDL PN 7.45% 2034,18405,SDL PN 7.45% 2034,745PN34A
NSE_EQ,NSE_EQ|INE020B08FG9,REC 7.45% 2035 SR 236A,24502,REC 7.45% 2035 SR 236A,745RECL35
NSE_EQ,NSE_EQ|IN2920190468,SDL RJ 7.45% 2030,22036,SDL RJ 7.45% 2030,745RJ30
NSE_EQ,NSE_EQ|IN2920230041,SDL RJ 7.45% 2033,15309,SDL RJ 7.45% 2033,745RJ33
NSE_EQ,NSE_EQ|IN2920240123,SDL RJ 7.45% 2040,24009,SDL RJ 7.45% 2040,745RJ40
NSE_EQ,NSE_EQ|IN2920230207,SDL RJ 7.45% 2044,18911,SDL RJ 7.45% 2044,745RJ44
NSE_EQ,NSE_EQ|INE020B08EZ2,REC 7.45% 2034 SR 232B,23532,REC 7.45% 2034 SR 232B,745RL34
NSE_EQ,NSE_EQ|IN3020220023,SDL SK 7.45% 2032,10966,SDL SK 7.45% 2032,745SK32
NSE_EQ,NSE_EQ|IN3120230146,SDL TN 7.45% 2043,17112,SDL TN 7.45% 2043,745TN43
NSE_EQ,NSE_EQ|IN4520220141,SDL TS 7.45% 2030,10902,SDL TS 7.45% 2030,745TS30
NSE_EQ,NSE_EQ|IN4520230165,SDL TS 7.45% 2030,17637,SDL TS 7.45% 2030,745TS30A
NSE_EQ,NSE_EQ|IN4520230173,SDL TS 7.45% 2040,17667,SDL TS 7.45% 2040,745TS40
NSE_EQ,NSE_EQ|IN4520230207,SDL TS 7.45% 2047,18098,SDL TS 7.45% 2047,745TS47
NSE_EQ,NSE_EQ|IN3620190147,SDL UK 7.45% 2030,22165,SDL UK 7.45% 2030,745UK30
NSE_EQ,NSE_EQ|IN3320230011,SDL UP 7.45% 2033,15314,SDL UP 7.45% 2033,745UP33
NSE_EQ,NSE_EQ|IN3420230283,SDL WB 7.45% 2042,23211,SDL WB 7.45% 2042,745WB42
NSE_EQ,NSE_EQ|IN3420230291,SDL WB 7.45% 2044,23214,SDL WB 7.45% 2044,745WB44
NSE_EQ,NSE_EQ|IN1020220100,SDL AP 7.46% 2027,9530,SDL AP 7.46% 2027,746AP27
NSE_EQ,NSE_EQ|IN1020230299,SDL AP 7.46% 2034,17124,SDL AP 7.46% 2034,746AP34
NSE_EQ,NSE_EQ|IN1020230406,SDL AP 7.46% 2038,18216,SDL AP 7.46% 2038,746AP38
NSE_EQ,NSE_EQ|IN1020240132,SDL AP 7.46% 2038,23682,SDL AP 7.46% 2038,746AP38A
NSE_EQ,NSE_EQ|IN1020230463,SDL AP 7.46% 2041,18539,SDL AP 7.46% 2041,746AP41
NSE_EQ,NSE_EQ|IN1020230786,SDL AP 7.46% 2041,22622,SDL AP 7.46% 2041,746AP41A
NSE_EQ,NSE_EQ|IN1020240025,SDL AP 7.46% 2041,23431,SDL AP 7.46% 2041,746AP41B
NSE_EQ,NSE_EQ|IN1020240033,SDL AP 7.46% 2042,23433,SDL AP 7.46% 2042,746AP42
NSE_EQ,NSE_EQ|IN1020230315,SDL AP 7.46% 2043,17111,SDL AP 7.46% 2043,746AP43
NSE_EQ,NSE_EQ|IN1020240041,SDL AP 7.46% 2043,23434,SDL AP 7.46% 2043,746AP43A
NSE_EQ,NSE_EQ|IN1020240058,SDL AP 7.46% 2044,23425,SDL AP 7.46% 2044,746AP44
NSE_EQ,NSE_EQ|IN1220230230,SDL AS 7.46% 2031,23341,SDL AS 7.46% 2031,746AS31
NSE_EQ,NSE_EQ|IN3520230167,SDL CG 7.46% 2031,22696,SDL CG 7.46% 2031,746CG31
NSE_EQ,NSE_EQ|IN3520230266,SDL CG 7.46% 2032,23190,SDL CG 7.46% 2032,746CG32
NSE_EQ,NSE_EQ|IN3520230175,SDL CG 7.46% 2033,22698,SDL CG 7.46% 2033,746CG33
NSE_EQ,NSE_EQ|IN1420230105,SDL GA 7.46% 2033,18696,SDL GA 7.46% 2033,746GA33
NSE_EQ,NSE_EQ|IN1420230097,SDL GA 7.46% 2038,18522,SDL GA 7.46% 2038,746GA38
NSE_EQ,NSE_EQ|IN0020230127,GOI LOAN  7.46% 2073,19808,GOI LOAN  7.46% 2073,746GS2073
NSE_EQ,NSE_EQ|IN1720240044,SDL HP 7.46% 2036,23995,SDL HP 7.46% 2036,746HP36
NSE_EQ,NSE_EQ|INE053F08387,IRFC 7.46% 2029 SR 178,23157,IRFC 7.46% 2029 SR 178,746IRFC29
NSE_EQ,NSE_EQ|IN4920230237,SDL JK 7.46% 2049,22707,SDL JK 7.46% 2049,746JK49
NSE_EQ,NSE_EQ|IN1920230365,SDL KA 7.46% 2038,23209,SDL KA 7.46% 2038,746KA38
NSE_EQ,NSE_EQ|IN2020230016,SDL KL 7.46% 2048,15324,SDL KL 7.46% 2048,746KL48
NSE_EQ,NSE_EQ|IN2220230113,SDL MH 7.46% 2033,18531,SDL MH 7.46% 2033,746MH33
NSE_EQ,NSE_EQ|IN2220230238,SDL MH 7.46% 2035,22751,SDL MH 7.46% 2035,746MH35
NSE_EQ,NSE_EQ|IN2220230360,SDL MH 7.46% 2041,23330,SDL MH 7.46% 2041,746MH41
NSE_EQ,NSE_EQ|IN2420240011,SDL ML 7.46% 2034,23426,SDL ML 7.46% 2034,746ML34
NSE_EQ,NSE_EQ|IN2120220024,SDL MP 7.46% 2032,10957,SDL MP 7.46% 2032,746MP32
NSE_EQ,NSE_EQ|IN2120230031,SDL MP 7.46% 2038,18527,SDL MP 7.46% 2038,746MP38
NSE_EQ,NSE_EQ|IN2120230072,SDL MP 7.46% 2038,18994,SDL MP 7.46% 2038,746MP38A
NSE_EQ,NSE_EQ|IN2120230049,SDL MP 7.46% 2039,18536,SDL MP 7.46% 2039,746MP39
NSE_EQ,NSE_EQ|IN2520230052,SDL MZ 7.46% 2039,18221,SDL MZ 7.46% 2039,746MZ39
NSE_EQ,NSE_EQ|IN2820230257,SDL PN 7.46% 2033,22865,SDL PN 7.46% 2033,746PN33
NSE_EQ,NSE_EQ|IN2920230199,SDL RJ 7.46% 2033,18939,SDL RJ 7.46% 2033,746RJ33
NSE_EQ,NSE_EQ|IN2920230512,SDL RJ 7.46% 2034,23194,SDL RJ 7.46% 2034,746RJ34
NSE_EQ,NSE_EQ|IN2920230538,SDL RJ 7.46% 2042,23212,SDL RJ 7.46% 2042,746RJ42
NSE_EQ,NSE_EQ|IN3020230022,SDL SK 7.46% 2033,18701,SDL SK 7.46% 2033,746SK33
NSE_EQ,NSE_EQ|IN4520230256,SDL TS 7.46% 2030,18690,SDL TS 7.46% 2030,746TS30
NSE_EQ,NSE_EQ|IN4520230231,SDL TS 7.46% 2042,18537,SDL TS 7.46% 2042,746TS42
NSE_EQ,NSE_EQ|IN4520230421,SDL TS 7.46% 2045,22625,SDL TS 7.46% 2045,746TS45
NSE_EQ,NSE_EQ|IN4520220166,SDL TS 7.46% 2048,10964,SDL TS 7.46% 2048,746TS48
NSE_EQ,NSE_EQ|IN4520230033,SDL TS 7.46% 2048,15333,SDL TS 7.46% 2048,746TS48A
NSE_EQ,NSE_EQ|IN4520220174,SDL TS 7.46% 2049,10965,SDL TS 7.46% 2049,746TS49
NSE_EQ,NSE_EQ|IN3620230067,SDL UK 7.46% 2034,22875,SDL UK 7.46% 2034,746UK34
NSE_EQ,NSE_EQ|IN3320230300,SDL UP 7.46% 2032,23191,SDL UP 7.46% 2032,746UP32
NSE_EQ,NSE_EQ|IN3320230276,SDL UP 7.46% 2034,22876,SDL UP 7.46% 2034,746UP34
NSE_EQ,NSE_EQ|IN3320230326,SDL UP 7.46% 2039,23542,SDL UP 7.46% 2039,746UP39
NSE_EQ,NSE_EQ|IN3420230085,SDL WB 7.46% 2039,18998,SDL WB 7.46% 2039,746WB39
NSE_EQ,NSE_EQ|IN3420210277,SDL WB 7.46% 2040,8499,SDL WB 7.46% 2040,746WB40
NSE_EQ,NSE_EQ|IN3420230028,SDL WB 7.46% 2046,15323,SDL WB 7.46% 2046,746WB46
NSE_EQ,NSE_EQ|INE674K07028,ABCL 7.4669% 2029 SR B1,757146,ABCL 7.4669% 2029 SR B1,747ABCL29
NSE_EQ,NSE_EQ|IN1020230398,SDL AP 7.47% 2032,17852,SDL AP 7.47% 2032,747AP32
NSE_EQ,NSE_EQ|IN1020230067,SDL AP 7.47% 2037,15267,SDL AP 7.47% 2037,747AP37
NSE_EQ,NSE_EQ|IN1020240124,SDL AP 7.47% 2037,23677,SDL AP 7.47% 2037,747AP37A
NSE_EQ,NSE_EQ|IN1220230081,SDL AS 7.47% 2028,18203,SDL AS 7.47% 2028,747AS28
NSE_EQ,NSE_EQ|IN1220230099,SDL AS 7.47% 2033,18401,SDL AS 7.47% 2033,747AS33
NSE_EQ,NSE_EQ|IN1220230222,SDL AS 7.47% 2034,23197,SDL AS 7.47% 2034,747AS34
NSE_EQ,NSE_EQ|IN1320230213,SDL BR 7.47% 2039,22755,SDL BR 7.47% 2039,747BR39
NSE_EQ,NSE_EQ|IN3520230043,SDL CG 7.47% 2030,18689,SDL CG 7.47% 2030,747CG30
NSE_EQ,NSE_EQ|IN3520230191,SDL CG 7.47% 2030,22743,SDL CG 7.47% 2030,747CG30A
NSE_EQ,NSE_EQ|IN3520230209,SDL CG 7.47% 2031,22744,SDL CG 7.47% 2031,747CG31
NSE_EQ,NSE_EQ|IN3520230290,SDL CG 7.47% 2032,23343,SDL CG 7.47% 2032,747CG32
NSE_EQ,NSE_EQ|IN3520230274,SDL CG 7.47% 2033,23192,SDL CG 7.47% 2033,747CG33
NSE_EQ,NSE_EQ|IN3520230308,SDL CG 7.47% 2033,23345,SDL CG 7.47% 2033,747CG33A
NSE_EQ,NSE_EQ|IN3520230282,SDL CG 7.47% 2034,23195,SDL CG 7.47% 2034,747CG34
NSE_EQ,NSE_EQ|IN3520230316,SDL CG 7.47% 2034,23347,SDL CG 7.47% 2034,747CG34A
NSE_EQ,NSE_EQ|IN1420230089,SDL GA 7.47% 2033,18403,SDL GA 7.47% 2033,747GA33
NSE_EQ,NSE_EQ|IN1420230238,SDL GA 7.47% 2034,23198,SDL GA 7.47% 2034,747GA34
NSE_EQ,NSE_EQ|IN1420230022,SDL GA 7.47% 2038,16982,SDL GA 7.47% 2038,747GA38
NSE_EQ,NSE_EQ|IN1520220147,SDL GJ 7.47% 2025,11674,SDL GJ 7.47% 2025,747GJ25
NSE_EQ,NSE_EQ|IN1520230179,SDL GJ 7.47% 2028,21152,SDL GJ 7.47% 2028,747GJ28
NSE_EQ,NSE_EQ|IN1720240028,SDL HP 7.47% 2033,23673,SDL HP 7.47% 2033,747HP33
NSE_EQ,NSE_EQ|IN1620230186,SDL HR 7.47% 2033,18529,SDL HR 7.47% 2033,747HR33
NSE_EQ,NSE_EQ|IN1620230210,SDL HR 7.47% 2033,18946,SDL HR 7.47% 2033,747HR33A
NSE_EQ,NSE_EQ|IN1620230137,SDL HR 7.47% 2035,17222,SDL HR 7.47% 2035,747HR35
NSE_EQ,NSE_EQ|IN1620230376,SDL HR 7.47% 2036,22699,SDL HR 7.47% 2036,747HR36
NSE_EQ,NSE_EQ|INE787H08154,IIFCL 7.47% 2027 SR 2,27035,IIFCL 7.47% 2027 SR 2,747IIFCL27
NSE_EQ,NSE_EQ|IN4920230278,SDL JK 7.47% 2044,23215,SDL JK 7.47% 2044,747JK44
NSE_EQ,NSE_EQ|IN2020230123,SDL KL 7.47% 2037,18215,SDL KL 7.47% 2037,747KL37
NSE_EQ,NSE_EQ|IN2020230115,SDL KL 7.47% 2039,18097,SDL KL 7.47% 2039,747KL39
NSE_EQ,NSE_EQ|IN2020230065,SDL KL 7.47% 2042,17104,SDL KL 7.47% 2042,747KL42
NSE_EQ,NSE_EQ|IN2020240023,SDL KL 7.47% 2050,23643,SDL KL 7.47% 2050,747KL50
NSE_EQ,NSE_EQ|IN2220230121,SDL MH 7.47% 2034,18528,SDL MH 7.47% 2034,747MH34
NSE_EQ,NSE_EQ|IN2220230246,SDL MH 7.47% 2036,22752,SDL MH 7.47% 2036,747MH36
NSE_EQ,NSE_EQ|IN2820240082,SDL PN 7.47% 2032,23753,SDL PN 7.47% 2032,747PN32
NSE_EQ,NSE_EQ|IN2820230075,SDL PN 7.47% 2034,17127,SDL PN 7.47% 2034,747PN34
NSE_EQ,NSE_EQ|IN2820240116,SDL PN 7.47% 2037,24008,SDL PN 7.47% 2037,747PN37
NSE_EQ,NSE_EQ|IN2820230034,SDL PN 7.47% 2043,15319,SDL PN 7.47% 2043,747PN43
NSE_EQ,NSE_EQ|IN3820230032,SDL PY 7.47% 2037,22753,SDL PY 7.47% 2037,747PY37
NSE_EQ,NSE_EQ|IN2920230546,SDL RJ 7.47% 2033,23325,SDL RJ 7.47% 2033,747RJ33
NSE_EQ,NSE_EQ|INE020B08EY5,REC 7.47% 2034 SR 231B,22813,REC 7.47% 2034 SR 231B,747RL34
NSE_EQ,NSE_EQ|INE556F08KR0,SIDBI 7.47% 2029 SR II,25132,SIDBI 7.47% 2029 SR II,747SIDBI29
NSE_EQ,NSE_EQ|IN4520220158,SDL TS 7.47% 2031,10904,SDL TS 7.47% 2031,747TS31
NSE_EQ,NSE_EQ|IN4520230181,SDL TS 7.47% 2032,17834,SDL TS 7.47% 2032,747TS32
NSE_EQ,NSE_EQ|IN4520240057,SDL TS 7.47% 2036,23676,SDL TS 7.47% 2036,747TS36
NSE_EQ,NSE_EQ|IN4520230116,SDL TS 7.47% 2041,17103,SDL TS 7.47% 2041,747TS41
NSE_EQ,NSE_EQ|IN3620230018,SDL UK 7.47% 2033,18402,SDL UK 7.47% 2033,747UK33
NSE_EQ,NSE_EQ|IN3620230075,SDL UK 7.47% 2034,23196,SDL UK 7.47% 2034,747UK34
NSE_EQ,NSE_EQ|IN3420230010,SDL WB 7.47% 2043,15320,SDL WB 7.47% 2043,747WB43
NSE_EQ,NSE_EQ|IN1020210549,SDL AP 7.48% 2038,8363,SDL AP 7.48% 2038,748AP38
NSE_EQ,NSE_EQ|IN1020230455,SDL AP 7.48% 2038,18518,SDL AP 7.48% 2038,748AP38A
NSE_EQ,NSE_EQ|IN1020230828,SDL AP 7.48% 2044,22704,SDL AP 7.48% 2044,748AP44
NSE_EQ,NSE_EQ|IN1020240082,SDL AP 7.48% 2044,23589,SDL AP 7.48% 2044,748AP44A
NSE_EQ,NSE_EQ|IN3520230217,SDL CG 7.48% 2032,22745,SDL CG 7.48% 2032,748CG32
NSE_EQ,NSE_EQ|IN1720220061,SDL HP 7.48% 2033,10958,SDL HP 7.48% 2033,748HP33
NSE_EQ,NSE_EQ|IN1620240011,SDL HR 7.48% 2034,23547,SDL HR 7.48% 2034,748HR34
NSE_EQ,NSE_EQ|IN1620230228,SDL HR 7.48% 2035,18954,SDL HR 7.48% 2035,748HR35
NSE_EQ,NSE_EQ|INE053F08361,IRFCL 7.48% 2034 SR 176,22735,IRFCL 7.48% 2034 SR 176,748IRFC34A
NSE_EQ,NSE_EQ|IN4920230229,SDL JK 7.48% 2054,22626,SDL JK 7.48% 2054,748JK54
NSE_EQ,NSE_EQ|IN1920230258,SDL KA 7.48% 2033,22746,SDL KA 7.48% 2033,748KA33
NSE_EQ,NSE_EQ|IN2220230212,SDL MH 7.48% 2035,22613,SDL MH 7.48% 2035,748MH35
NSE_EQ,NSE_EQ|IN2220230378,SDL MH 7.48% 2042,23331,SDL MH 7.48% 2042,748MH42
NSE_EQ,NSE_EQ|IN2420240029,SDL ML 7.48% 2034,23675,SDL ML 7.48% 2034,748ML34
NSE_EQ,NSE_EQ|IN2120230064,SDL MP 7.48% 2029,18923,SDL MP 7.48% 2029,748MP29
NSE_EQ,NSE_EQ|IN2120230163,SDL MP 7.48% 2040,22620,SDL MP 7.48% 2040,748MP40
NSE_EQ,NSE_EQ|IN2120230171,SDL MP 7.48% 2041,22623,SDL MP 7.48% 2041,748MP41
NSE_EQ,NSE_EQ|INE261F08EO7,NABARD 7.48% 2028 SR 25G,30265,NABARD 7.48% 2028 SR 25G,748NABF28
NSE_EQ,NSE_EQ|IN2620230085,SDL NL 7.48% 2034,23199,SDL NL 7.48% 2034,748NL34
NSE_EQ,NSE_EQ|IN2820230141,SDL PN 7.48% 2034,18521,SDL PN 7.48% 2034,748PN34
NSE_EQ,NSE_EQ|IN2820240108,SDL PN 7.48% 2035,24007,SDL PN 7.48% 2035,748PN35
NSE_EQ,NSE_EQ|IN2820240025,SDL PN 7.48% 2037,23428,SDL PN 7.48% 2037,748PN37
NSE_EQ,NSE_EQ|IN2820220019,SDL PN 7.48% 2042,9099,SDL PN 7.48% 2042,748PN42
NSE_EQ,NSE_EQ|IN2920230447,SDL RJ 7.48% 2034,22748,SDL RJ 7.48% 2034,748RJ34
NSE_EQ,NSE_EQ|IN2920230520,SDL RJ 7.48% 2037,23207,SDL RJ 7.48% 2037,748RJ37
NSE_EQ,NSE_EQ|INE556F08KV2,SIDBI 7.48% 2029 SR VI,28795,SIDBI 7.48% 2029 SR VI,748SIDBI29
NSE_EQ,NSE_EQ|IN4520240040,SDL TS 7.48% 2042,23588,SDL TS 7.48% 2042,748TS42
NSE_EQ,NSE_EQ|IN4520230504,SDL TS 7.48% 2050,23335,SDL TS 7.48% 2050,748TS50
NSE_EQ,NSE_EQ|IN3620230026,SDL UK 7.48% 2033,18532,SDL UK 7.48% 2033,748UK33
NSE_EQ,NSE_EQ|IN3320230268,SDL UP 7.48% 2034,22749,SDL UP 7.48% 2034,748UP34
NSE_EQ,NSE_EQ|IN3320230318,SDL UP 7.48% 2036,23203,SDL UP 7.48% 2036,748UP36
NSE_EQ,NSE_EQ|IN3320230334,SDL UP 7.48% 2040,23543,SDL UP 7.48% 2040,748UP40
NSE_EQ,NSE_EQ|IN3320230342,SDL UP 7.48% 2042,23544,SDL UP 7.48% 2042,748UP42
NSE_EQ,NSE_EQ|IN3320230359,SDL UP 7.48% 2044,23545,SDL UP 7.48% 2044,748UP44
NSE_EQ,NSE_EQ|IN3420210251,SDL WB 7.48% 2037,7911,SDL WB 7.48% 2037,748WB37
NSE_EQ,NSE_EQ|IN3420230218,SDL WB 7.48% 2043,22703,SDL WB 7.48% 2043,748WB43
NSE_EQ,NSE_EQ|IN3420230226,SDL WB 7.48% 2044,22705,SDL WB 7.48% 2044,748WB44
NSE_EQ,NSE_EQ|IN1020230760,SDL AP 7.49% 2036,22615,SDL AP 7.49% 2036,749AP36
NSE_EQ,NSE_EQ|IN1020230778,SDL AP 7.49% 2039,22618,SDL AP 7.49% 2039,749AP39
NSE_EQ,NSE_EQ|IN1020240074,SDL AP 7.49% 2040,23587,SDL AP 7.49% 2040,749AP40
NSE_EQ,NSE_EQ|IN1020240116,SDL AP 7.49% 2044,23641,SDL AP 7.49% 2044,749AP44
NSE_EQ,NSE_EQ|IN1320230049,SDL BR 7.49% 2031,18204,SDL BR 7.49% 2031,749BR31
NSE_EQ,NSE_EQ|IN1320230064,SDL BR 7.49% 2031,18691,SDL BR 7.49% 2031,749BR31A
NSE_EQ,NSE_EQ|IN1320230205,SDL BR 7.49% 2039,22702,SDL BR 7.49% 2039,749BR39
NSE_EQ,NSE_EQ|IN3520230050,SDL CG 7.49% 2030,18932,SDL CG 7.49% 2030,749CG30
NSE_EQ,NSE_EQ|IN3520230324,SDL CG 7.49% 2035,23349,SDL CG 7.49% 2035,749CG35
NSE_EQ,NSE_EQ|IN1420230063,SDL GA 7.49% 2033,18209,SDL GA 7.49% 2033,749GA33
NSE_EQ,NSE_EQ|IN1420230113,SDL GA 7.49% 2033,18945,SDL GA 7.49% 2033,749GA33A
NSE_EQ,NSE_EQ|IN1520220097,SDL GJ 7.49% 2026,11273,SDL GJ 7.49% 2026,749GJ26
NSE_EQ,NSE_EQ|IN1520220337,SDL GJ 7.49% 2028,14812,SDL GJ 7.49% 2028,749GJ28
NSE_EQ,NSE_EQ|IN1720220079,SDL HP 7.49% 2034,10959,SDL HP 7.49% 2034,749HP34
NSE_EQ,NSE_EQ|IN1620230145,SDL HR 7.49% 2033,18081,SDL HR 7.49% 2033,749HR33
NSE_EQ,NSE_EQ|IN1620230426,SDL HR 7.49% 2035,23348,SDL HR 7.49% 2035,749HR35
NSE_EQ,NSE_EQ|IN1620230368,SDL HR 7.49% 2036,22616,SDL HR 7.49% 2036,749HR36
NSE_EQ,NSE_EQ|INE219X07231,SEC RE NCD 7.49% SR.IV,3442,SEC RE NCD 7.49% SR.IV,749IGT28
NSE_EQ,NSE_EQ|IN2020230271,SDL KL 7.49% 2036,23351,SDL KL 7.49% 2036,749KL36
NSE_EQ,NSE_EQ|IN2020240015,SDL KL 7.49% 2039,23586,SDL KL 7.49% 2039,749KL39
NSE_EQ,NSE_EQ|IN2020230156,SDL KL 7.49% 2045,19178,SDL KL 7.49% 2045,749KL45
NSE_EQ,NSE_EQ|IN2220230022,SDL MH 7.49% 2030,15015,SDL MH 7.49% 2030,749MH30
NSE_EQ,NSE_EQ|IN2220230220,SDL MH 7.49% 2036,22617,SDL MH 7.49% 2036,749MH36
NSE_EQ,NSE_EQ|IN2420220070,SDL ML 7.49% 2027,13239,SDL ML 7.49% 2027,749ML27
NSE_EQ,NSE_EQ|IN2320230013,SDL MN 7.49% 2035,15315,SDL MN 7.49% 2035,749MN35
NSE_EQ,NSE_EQ|IN2620230077,SDL NL 7.49% 2034,22750,SDL NL 7.49% 2034,749NL34
NSE_EQ,NSE_EQ|INE134E08MY1,PFC 7.49% 2034 SR BS237B,22795,PFC 7.49% 2034 SR BS237B,749PFC34
NSE_EQ,NSE_EQ|IN2820240017,SDL PN 7.49% 2032,23422,SDL PN 7.49% 2032,749PN32
NSE_EQ,NSE_EQ|IN2820230158,SDL PN 7.49% 2035,18993,SDL PN 7.49% 2035,749PN35
NSE_EQ,NSE_EQ|IN2820230125,SDL PN 7.49% 2037,18088,SDL PN 7.49% 2037,749PN37
NSE_EQ,NSE_EQ|IN2920230140,SDL RJ 7.49% 2034,17652,SDL RJ 7.49% 2034,749RJ34
NSE_EQ,NSE_EQ|IN2920230561,SDL RJ 7.49% 2040,23327,SDL RJ 7.49% 2040,749RJ40
NSE_EQ,NSE_EQ|IN2920240040,SDL RJ 7.49% 2044,23642,SDL RJ 7.49% 2044,749RJ44
NSE_EQ,NSE_EQ|INE556F08KX8,SIDBI 7.49% 2029 SR VIII,29949,SIDBI 7.49% 2029 SR VIII,749SIDBI29
NSE_EQ,NSE_EQ|IN3120240038,SDL TN 7.49% 2034,23584,SDL TN 7.49% 2034,749TN34
NSE_EQ,NSE_EQ|IN3120240046,SDL TN 7.49% 2044,23640,SDL TN 7.49% 2044,749TN44
NSE_EQ,NSE_EQ|IN4520230413,SDL TS 7.49% 2035,22614,SDL TS 7.49% 2035,749TS35
NSE_EQ,NSE_EQ|IN4520230272,SDL TS 7.49% 2044,19177,SDL TS 7.49% 2044,749TS44
NSE_EQ,NSE_EQ|IN3320230060,SDL UP 7.49% 2034,18210,SDL UP 7.49% 2034,749UP34
NSE_EQ,NSE_EQ|IN3320230250,SDL UP 7.49% 2034,22610,SDL UP 7.49% 2034,749UP34A
NSE_EQ,NSE_EQ|IN3320230367,SDL UP 7.49% 2036,23350,SDL UP 7.49% 2036,749UP36
NSE_EQ,NSE_EQ|IN1020230083,SDL AP 7.4% 2031,15477,SDL AP 7.4% 2031,74AP31
NSE_EQ,NSE_EQ|IN1020230240,SDL AP 7.4% 2032,16923,SDL AP 7.4% 2032,74AP32
NSE_EQ,NSE_EQ|IN1020240223,SDL AP 7.4% 2041,23817,SDL AP 7.4% 2041,74AP41
NSE_EQ,NSE_EQ|IN1020230448,SDL AP 7.4% 2043,18413,SDL AP 7.4% 2043,74AP43
NSE_EQ,NSE_EQ|IN1220230024,SDL AS 7.4% 2033,15508,SDL AS 7.4% 2033,74AS33
NSE_EQ,NSE_EQ|IN1320230023,SDL BR 7.4% 2030,17446,SDL BR 7.4% 2030,74BR30
NSE_EQ,NSE_EQ|IN1320230239,SDL BR 7.4% 2039,22986,SDL BR 7.4% 2039,74BR39
NSE_EQ,NSE_EQ|INE476A08233,CB 7.40% 2034,24514,CB 7.40% 2034,74CB34
NSE_EQ,NSE_EQ|IN3520230027,SDL CG 7.4% 2030,16974,SDL CG 7.4% 2030,74CG30
NSE_EQ,NSE_EQ|IN1520230146,SDL GJ 7.4% 2026,20926,SDL GJ 7.4% 2026,74GJ26
NSE_EQ,NSE_EQ|IN1520230062,SDL GJ 7.4% 2027,18688,SDL GJ 7.4% 2027,74GJ27
NSE_EQ,NSE_EQ|IN0020050012,GOI LOAN 7.40% 2035,6874,GOI LOAN 7.40% 2035,74GS2035
NSE_EQ,NSE_EQ|IN0020220094,GOI LOAN  7.4% 2062,10981,GOI LOAN  7.4% 2062,74GS2062
NSE_EQ,NSE_EQ|IN1620230111,SDL HR 7.4% 2033,16979,SDL HR 7.4% 2033,74HR33
NSE_EQ,NSE_EQ|IN1620210212,SDL HR 7.4% 2037,8580,SDL HR 7.4% 2037,74HR37
NSE_EQ,NSE_EQ|IN4920230252,SDL JK 7.4% 2044,22997,SDL JK 7.4% 2044,74JK44
NSE_EQ,NSE_EQ|IN2020210224,SDL KL 7.4% 2037,8713,SDL KL 7.4% 2037,74KL37
NSE_EQ,NSE_EQ|IN2020230131,SDL KL 7.4% 2041,18336,SDL KL 7.4% 2041,74KL41
NSE_EQ,NSE_EQ|IN2220230097,SDL MH 7.4% 2031,16975,SDL MH 7.4% 2031,74MH31
NSE_EQ,NSE_EQ|IN2220230105,SDL MH 7.4% 2032,16978,SDL MH 7.4% 2032,74MH32
NSE_EQ,NSE_EQ|IN2220230279,SDL MH 7.4% 2035,22992,SDL MH 7.4% 2035,74MH35
NSE_EQ,NSE_EQ|IN2220230287,SDL MH 7.4% 2036,22995,SDL MH 7.4% 2036,74MH36
NSE_EQ,NSE_EQ|IN2420220062,SDL ML 7.4% 2027,13118,SDL ML 7.4% 2027,74ML27
NSE_EQ,NSE_EQ|IN2120230023,SDL MP 7.4% 2034,16805,SDL MP 7.4% 2034,74MP34
NSE_EQ,NSE_EQ|IN2520230102,SDL MZ 7.4% 2039,22985,SDL MZ 7.4% 2039,74MZ39
NSE_EQ,NSE_EQ|INE134E08NH4,PFCL 7.40% 2030 SR 244B,28791,PFCL 7.40% 2030 SR 244B,74PFCL30
NSE_EQ,NSE_EQ|INE134E08NN2,PFCL 7.40% 2035 SR 247B,29971,PFCL 7.40% 2035 SR 247B,74PFCL35
NSE_EQ,NSE_EQ|IN3820240015,SDL PY 7.4% 2030,24053,SDL PY 7.4% 2030,74PY30
NSE_EQ,NSE_EQ|IN2920230173,SDL RJ 7.4% 2041,18337,SDL RJ 7.4% 2041,74RJ41
NSE_EQ,NSE_EQ|IN2920230488,SDL RJ 7.4% 2042,22987,SDL RJ 7.4% 2042,74RJ42
NSE_EQ,NSE_EQ|IN3120230450,SDL TN 7.4% 2034,22990,SDL TN 7.4% 2034,74TN34
NSE_EQ,NSE_EQ|IN3120210486,SDL TN 7.4% 2042,8590,SDL TN 7.4% 2042,74TN42
NSE_EQ,NSE_EQ|IN3120230500,SDL TN 7.4% 2054,23217,SDL TN 7.4% 2054,74TN54
NSE_EQ,NSE_EQ|IN4520230223,SDL TS 7.4% 2043,18412,SDL TS 7.4% 2043,74TS43
NSE_EQ,NSE_EQ|IN4520230090,SDL TS 7.4% 2045,16994,SDL TS 7.4% 2045,74TS45
NSE_EQ,NSE_EQ|IN3320230045,SDL UP 7.4% 2033,17453,SDL UP 7.4% 2033,74UP33
NSE_EQ,NSE_EQ|IN3420210285,SDL WB 7.4% 2038,8584,SDL WB 7.4% 2038,74WB38
NSE_EQ,NSE_EQ|IN3420230069,SDL WB 7.4% 2042,18283,SDL WB 7.4% 2042,74WB42
NSE_EQ,NSE_EQ|IN3420230259,SDL WB 7.4% 2044,22989,SDL WB 7.4% 2044,74WB44
NSE_EQ,NSE_EQ|IN1220190244,SDL AS 7.50% 2030,20278,SDL AS 7.50% 2030,750AS30
NSE_EQ,NSE_EQ|INE084A08219,BOI 7.50% 2035 SR III,29685,BOI 7.50% 2035 SR III,750BOI35
NSE_EQ,NSE_EQ|IN1420190200,SDL GA 7.50% 2030,20218,SDL GA 7.50% 2030,750GA30
NSE_EQ,NSE_EQ|INE053F07843,TAX FREE7.50% SR.104 A,11757,TAX FREE7.50% SR.104 A,750IRFC35
NSE_EQ,NSE_EQ|IN2520190074,SDL MZ 7.50% 2030,22016,SDL MZ 7.50% 2030,750MZ30
NSE_EQ,NSE_EQ|IN3120200024,SDL TN 7.50% 2029,22107,SDL TN 7.50% 2029,750TN29
NSE_EQ,NSE_EQ|IN4520200010,SDL TS 7.50% 2028,22189,SDL TS 7.50% 2028,750TS28
NSE_EQ,NSE_EQ|IN1020240108,SDL AP 7.51% 2041,23639,SDL AP 7.51% 2041,751AP41
NSE_EQ,NSE_EQ|IN3520230134,SDL CG 7.51% 2032,22609,SDL CG 7.51% 2032,751CG32
NSE_EQ,NSE_EQ|IN1620220310,SDL HR 7.51% 2029,13122,SDL HR 7.51% 2029,751HR29
NSE_EQ,NSE_EQ|INE031A07865,7.51 NCD 16FEB28 TR1 SR2,29312,7.51 NCD 16FEB28 TR1 SR2,751HUDCO28
NSE_EQ,NSE_EQ|IN4920230286,SDL JK 7.51% 2054,23338,SDL JK 7.51% 2054,751JK54
NSE_EQ,NSE_EQ|IN2320230047,SDL MN 7.51% 2035,18084,SDL MN 7.51% 2035,751MN35
NSE_EQ,NSE_EQ|IN2120230106,SDL MP 7.51% 2038,19169,SDL MP 7.51% 2038,751MP38
NSE_EQ,NSE_EQ|INE557F08FX6,NHB 7.51% 2031,23626,NHB 7.51% 2031,751NHB31
NSE_EQ,NSE_EQ|IN2820230117,SDL PN 7.51% 2036,18087,SDL PN 7.51% 2036,751PN36
NSE_EQ,NSE_EQ|IN2820240041,SDL PN 7.51% 2037,23585,SDL PN 7.51% 2037,751PN37
NSE_EQ,NSE_EQ|IN2920230439,SDL RJ 7.51% 2034,22611,SDL RJ 7.51% 2034,751RJ34
NSE_EQ,NSE_EQ|INE556F08KU4,SIDBI 7.51% 2028 SR V,27211,SIDBI 7.51% 2028 SR V,751SIDBI28
NSE_EQ,NSE_EQ|IN3320230375,SDL UP 7.51% 2038,23353,SDL UP 7.51% 2038,751UP38
NSE_EQ,NSE_EQ|IN3320230391,SDL UP 7.51% 2040,23329,SDL UP 7.51% 2040,751UP40
NSE_EQ,NSE_EQ|IN1020220035,SDL AP 7.52% 2038,8974,SDL AP 7.52% 2038,752AP38
NSE_EQ,NSE_EQ|IN1020230307,SDL AP 7.52% 2039,17102,SDL AP 7.52% 2039,752AP39
NSE_EQ,NSE_EQ|IN1020220043,SDL AP 7.52% 2042,8977,SDL AP 7.52% 2042,752AP42
NSE_EQ,NSE_EQ|IN1020230794,SDL AP 7.52% 2043,22624,SDL AP 7.52% 2043,752AP43
NSE_EQ,NSE_EQ|IN1220230198,SDL AS 7.52% 2034,22612,SDL AS 7.52% 2034,752AS34
NSE_EQ,NSE_EQ|IN1320230072,SDL BR 7.52% 2031,18933,SDL BR 7.52% 2031,752BR31
NSE_EQ,NSE_EQ|IN1320230197,SDL BR 7.52% 2039,22619,SDL BR 7.52% 2039,752BR39
NSE_EQ,NSE_EQ|IN1420230246,SDL GA 7.52% 2039,23357,SDL GA 7.52% 2039,752GA39
NSE_EQ,NSE_EQ|IN1720230144,SDL HP 7.52% 2039,23355,SDL HP 7.52% 2039,752HP39
NSE_EQ,NSE_EQ|IN1620240029,SDL HR 7.52% 2034,23632,SDL HR 7.52% 2034,752HR34
NSE_EQ,NSE_EQ|IN2520230094,SDL MZ 7.52% 2040,22621,SDL MZ 7.52% 2040,752MZ40
NSE_EQ,NSE_EQ|IN2820230109,SDL PN 7.52% 2035,18083,SDL PN 7.52% 2035,752PN35
NSE_EQ,NSE_EQ|IN2920240016,SDL RJ 7.52% 2034,23633,SDL RJ 7.52% 2034,752RJ34
NSE_EQ,NSE_EQ|IN2920240024,SDL RJ 7.52% 2037,23637,SDL RJ 7.52% 2037,752RJ37
NSE_EQ,NSE_EQ|IN2920240032,SDL RJ 7.52% 2039,23638,SDL RJ 7.52% 2039,752RJ39
NSE_EQ,NSE_EQ|IN2920230579,SDL RJ 7.52% 2044,23333,SDL RJ 7.52% 2044,752RJ44
NSE_EQ,NSE_EQ|IN3120230245,SDL TN 7.52% 2033,19162,SDL TN 7.52% 2033,752TN33
NSE_EQ,NSE_EQ|IN3320230383,SDL UP 7.52% 2039,23356,SDL UP 7.52% 2039,752UP39
NSE_EQ,NSE_EQ|IN3420230309,SDL WB 7.52% 2039,23328,SDL WB 7.52% 2039,752WB39
NSE_EQ,NSE_EQ|IN1020240090,SDL AP 7.53% 2036,23634,SDL AP 7.53% 2036,753AP36
NSE_EQ,NSE_EQ|IN1220220025,SDL AS 7.53% 2027,10195,SDL AS 7.53% 2027,753AS27
NSE_EQ,NSE_EQ|IN1220230164,SDL AS 7.53% 2029,21259,SDL AS 7.53% 2029,753AS29
NSE_EQ,NSE_EQ|IN1220220090,SDL AS 7.53% 2032,10906,SDL AS 7.53% 2032,753AS32
NSE_EQ,NSE_EQ|IN1320220040,SDL BR 7.53% 2032,10923,SDL BR 7.53% 2032,753BR32
NSE_EQ,NSE_EQ|IN1620220195,SDL HR 7.53% 2030,10855,SDL HR 7.53% 2030,753HR30
NSE_EQ,NSE_EQ|IN1620230236,SDL HR 7.53% 2033,19179,SDL HR 7.53% 2033,753HR33
NSE_EQ,NSE_EQ|INE090A08UL3,ICICI 7.53% 2034 DJU24LB,24328,ICICI 7.53% 2034 DJU24LB,753ICICI34
NSE_EQ,NSE_EQ|INE202E08177,IREDA 7.53% 2034 SR XV F,23006,IREDA 7.53% 2034 SR XV F,753IRED34
NSE_EQ,NSE_EQ|INE053F07835,TAX FREE  7.53% SR. 103 A,11754,TAX FREE  7.53% SR. 103 A,753IRFC30
NSE_EQ,NSE_EQ|IN2020230289,SDL KL 7.53% 2050,23336,SDL KL 7.53% 2050,753KL50
NSE_EQ,NSE_EQ|INE733E07JV4,TFB 7.53% 2030 SR. 2B,10749,TFB 7.53% 2030 SR. 2B,753NTPC30E
NSE_EQ,NSE_EQ|INE572E07225,PHFL 7.53% 2030 SR LXIX,756821,PHFL 7.53% 2030 SR LXIX,753PHFL30
NSE_EQ,NSE_EQ|IN2820240066,SDL PN 7.53% 2036,23635,SDL PN 7.53% 2036,753PN36
NSE_EQ,NSE_EQ|IN2820240074,SDL PN 7.53% 2037,23636,SDL PN 7.53% 2037,753PN37
NSE_EQ,NSE_EQ|INE020B08FB0,REC 7.53% 2034 SR 233,23749,REC 7.53% 2034 SR 233,753RECL34
NSE_EQ,NSE_EQ|IN3120220311,SDL TN 7.53% 2053,14280,SDL TN 7.53% 2053,753TN53
NSE_EQ,NSE_EQ|IN4520220273,SDL TS 7.53% 2047,13051,SDL TS 7.53% 2047,753TS47
NSE_EQ,NSE_EQ|IN3420230317,SDL WB 7.53% 2044,23334,SDL WB 7.53% 2044,753WB44
NSE_EQ,NSE_EQ|IN1020220613,SDL AP 7.54% 2029,13712,SDL AP 7.54% 2029,754AP29
NSE_EQ,NSE_EQ|IN1220220074,SDL AS 7.54% 2028,10646,SDL AS 7.54% 2028,754AS28
NSE_EQ,NSE_EQ|IN1220230156,SDL AS 7.54% 2028,20722,SDL AS 7.54% 2028,754AS28A
NSE_EQ,NSE_EQ|IN1220240023,SDL AS 7.54% 2034,23631,SDL AS 7.54% 2034,754AS34
NSE_EQ,NSE_EQ|INE084A08185,BOI 7.54% 2034 SR I,24516,BOI 7.54% 2034 SR I,754BOI34
NSE_EQ,NSE_EQ|IN3520230068,SDL CG 7.54% 2031,19180,SDL CG 7.54% 2031,754CG31
NSE_EQ,NSE_EQ|INE233A08170,GIL 7.54% 2029 SR 1,756874,GIL 7.54% 2029 SR 1,754GIL29
NSE_EQ,NSE_EQ|IN0020220029,GOI LOAN  7.54% 2036,9585,GOI LOAN  7.54% 2036,754GS2036
NSE_EQ,NSE_EQ|IN1920220085,SDL KA 7.54% 2041,13050,SDL KA 7.54% 2041,754KA41
NSE_EQ,NSE_EQ|IN2020230297,SDL KL 7.54% 2055,23339,SDL KL 7.54% 2055,754KL55
NSE_EQ,NSE_EQ|IN2820240058,SDL PN 7.54% 2032,23630,SDL PN 7.54% 2032,754PN32
NSE_EQ,NSE_EQ|IN2920230223,SDL RJ 7.54% 2033,19191,SDL RJ 7.54% 2033,754RJ33
NSE_EQ,NSE_EQ|IN3620230034,SDL UK 7.54% 2033,19163,SDL UK 7.54% 2033,754UK33
NSE_EQ,NSE_EQ|IN1020220597,SDL AP 7.55% 2029,12661,SDL AP 7.55% 2029,755AP29
NSE_EQ,NSE_EQ|IN1220220108,SDL AS 7.55% 2032,11095,SDL AS 7.55% 2032,755AS32
NSE_EQ,NSE_EQ|IN1320220065,SDL BR 7.55% 2032,11094,SDL BR 7.55% 2032,755BR32
NSE_EQ,NSE_EQ|IN1320220149,SDL BR 7.55% 2032,13038,SDL BR 7.55% 2032,755BR32A
NSE_EQ,NSE_EQ|INE0J7Q07249,DME DEV 7.55% 2039 SR V,22944,DME DEV 7.55% 2039 SR V,755DDL39
NSE_EQ,NSE_EQ|IN1420220098,SDL GA 7.55% 2032,13124,SDL GA 7.55% 2032,755GA32
NSE_EQ,NSE_EQ|IN1520220170,SDL GJ 7.55% 2030,13366,SDL GJ 7.55% 2030,755GJ30
NSE_EQ,NSE_EQ|IN1520230138,SDL GJ 7.55% 2031,20724,SDL GJ 7.55% 2031,755GJ31
NSE_EQ,NSE_EQ|IN4920220097,SDL JK 7.55% 2038,13779,SDL JK 7.55% 2038,755JK38
NSE_EQ,NSE_EQ|IN2120230098,SDL MP 7.55% 2035,19165,SDL MP 7.55% 2035,755MP35
NSE_EQ,NSE_EQ|INE134E08MZ8,PFC 7.55% 2027 SR BS238,23109,PFC 7.55% 2027 SR BS238,755PFC27
NSE_EQ,NSE_EQ|INE752E08742,PGCL 7.55% 2034 SRLXXVII,23571,PGCL 7.55% 2034 SRLXXVII,755PGCI34
NSE_EQ,NSE_EQ|IN2820240033,SDL PN 7.55% 2032,23583,SDL PN 7.55% 2032,755PN32
NSE_EQ,NSE_EQ|INE020B08FH7,REC LTD 7.55% 26 SR 237,24805,REC LTD 7.55% 26 SR 237,755RECL26
NSE_EQ,NSE_EQ|IN3120220303,SDL TN 7.55% 2053,14117,SDL TN 7.55% 2053,755TN53
NSE_EQ,NSE_EQ|IN3120230427,SDL TN 7.55% 2054,22509,SDL TN 7.55% 2054,755TN54
NSE_EQ,NSE_EQ|INE607M08121,TPREL 7.55% 2040,756992,TPREL 7.55% 2040,755TPREL40
NSE_EQ,NSE_EQ|IN4520220331,SDL TS 7.55% 2030,13770,SDL TS 7.55% 2030,755TS30
NSE_EQ,NSE_EQ|IN4520230264,SDL TS 7.55% 2032,19185,SDL TS 7.55% 2032,755TS32
NSE_EQ,NSE_EQ|INE787H08188,IIFCL 7.56% 2028,29631,IIFCL 7.56% 2028,756IIFCL28
NSE_EQ,NSE_EQ|IN4920230153,SDL JK 7.56% 2048,20230,SDL JK 7.56% 2048,756JK48
NSE_EQ,NSE_EQ|IN4920230104,SDL JK 7.56% 2053,19521,SDL JK 7.56% 2053,756JK53
NSE_EQ,NSE_EQ|INE020B08FF1,REC 7.56% 2027 SR 236B,24500,REC 7.56% 2027 SR 236B,756RECL27
NSE_EQ,NSE_EQ|IN2920230017,SDL RJ 7.56% 2033,15095,SDL RJ 7.56% 2033,756RJ33
NSE_EQ,NSE_EQ|IN2920220281,SDL RJ 7.56% 2048,14113,SDL RJ 7.56% 2048,756RJ48
NSE_EQ,NSE_EQ|IN3120220337,SDL TN 7.56% 2053,14357,SDL TN 7.56% 2053,756TN53
NSE_EQ,NSE_EQ|IN3120230351,SDL TN 7.56% 2053,20933,SDL TN 7.56% 2053,756TN53A
NSE_EQ,NSE_EQ|IN3120230377,SDL TN 7.56% 2054,21548,SDL TN 7.56% 2054,756TN54
NSE_EQ,NSE_EQ|IN4520220182,SDL TS 7.56% 2040,11160,SDL TS 7.56% 2040,756TS40
NSE_EQ,NSE_EQ|IN4520220398,SDL TS 7.56% 2048,14112,SDL TS 7.56% 2048,756TS48
NSE_EQ,NSE_EQ|IN3320230078,SDL UP 7.56% 2035,19168,SDL UP 7.56% 2035,756UP35
NSE_EQ,NSE_EQ|IN3420220102,SDL WB 7.56% 2039,11159,SDL WB 7.56% 2039,756WB39
NSE_EQ,NSE_EQ|IN3420220110,SDL WB 7.56% 2042,11161,SDL WB 7.56% 2042,756WB42
NSE_EQ,NSE_EQ|IN1220220165,SDL AS 7.57% 2032,13112,SDL AS 7.57% 2032,757AS32
NSE_EQ,NSE_EQ|INE028A08323,BOB 7.57% 2034 SR III,22234,BOB 7.57% 2034 SR III,757BOB24
NSE_EQ,NSE_EQ|IN1520220154,SDL GJ 7.57% 2026,11866,SDL GJ 7.57% 2026,757GJ26
NSE_EQ,NSE_EQ|IN1520220188,SDL GJ 7.57% 2031,13369,SDL GJ 7.57% 2031,757GJ31
NSE_EQ,NSE_EQ|IN1520220196,SDL GJ 7.57% 2032,13773,SDL GJ 7.57% 2032,757GJ32
NSE_EQ,NSE_EQ|IN0020190065,GOI LOAN 7.57% 2033,10046,GOI LOAN 7.57% 2033,757GS2033
NSE_EQ,NSE_EQ|IN1720220046,SDL HP 7.57% 2031,10526,SDL HP 7.57% 2031,757HP31
NSE_EQ,NSE_EQ|IN1720220145,SDL HP 7.57% 2032,13117,SDL HP 7.57% 2032,757HP32
NSE_EQ,NSE_EQ|IN1620220302,SDL HR 7.57% 2030,12664,SDL HR 7.57% 2030,757HR30
NSE_EQ,NSE_EQ|INE202E08185,IREDA 7.57% 2029 SR XV G,23155,IREDA 7.57% 2029 SR XV G,757IREDL29
NSE_EQ,NSE_EQ|INE053F08353,IRFC 7.57% 2029 SR 175,21621,IRFC 7.57% 2029 SR 175,757IRFC29
NSE_EQ,NSE_EQ|IN4920220048,SDL JK 7.57% 2034,11096,SDL JK 7.57% 2034,757JK34
NSE_EQ,NSE_EQ|INE115A07QY1,LICH 7.57% 2029 SR 447,25849,LICH 7.57% 2029 SR 447,757LICH29
NSE_EQ,NSE_EQ|IN2220220155,SDL MH 7.57% 2031,13913,SDL MH 7.57% 2031,757MH31
NSE_EQ,NSE_EQ|INE557F08FT4,NHB 7.57% 2031,21394,NHB 7.57% 2031,757NHB31
NSE_EQ,NSE_EQ|IN3120220261,SDL TN 7.57% 2033,13715,SDL TN 7.57% 2033,757TN33
NSE_EQ,NSE_EQ|IN3120220345,SDL TN 7.57% 2053,14455,SDL TN 7.57% 2053,757TN53
NSE_EQ,NSE_EQ|IN4520220349,SDL TS 7.57% 2031,13772,SDL TS 7.57% 2031,757TS31
NSE_EQ,NSE_EQ|IN1020220472,SDL AP 7.58% 2040,10911,SDL AP 7.58% 2040,758AP40
NSE_EQ,NSE_EQ|IN1020220480,SDL AP 7.58% 2042,10913,SDL AP 7.58% 2042,758AP42
NSE_EQ,NSE_EQ|IN1220230016,SDL AS 7.58% 2033,15016,SDL AS 7.58% 2033,758AS33
NSE_EQ,NSE_EQ|IN1320220156,SDL BR 7.58% 2032,13113,SDL BR 7.58% 2032,758BR32
NSE_EQ,NSE_EQ|IN1420220023,SDL GA 7.58% 2037,10912,SDL GA 7.58% 2037,758GA37
NSE_EQ,NSE_EQ|IN1420220031,SDL GA 7.58% 2037,11097,SDL GA 7.58% 2037,758GA37A
NSE_EQ,NSE_EQ|IN1520230104,SDL GJ 7.58% 2026,20367,SDL GJ 7.58% 2026,758GJ26
NSE_EQ,NSE_EQ|IN1520230153,SDL GJ 7.58% 2032,20927,SDL GJ 7.58% 2032,758GJ32
NSE_EQ,NSE_EQ|IN1620220328,SDL HR 7.58% 2030,13241,SDL HR 7.58% 2030,758HR30
NSE_EQ,NSE_EQ|IN3720220034,SDL JH 7.58% 2031,13368,SDL JH 7.58% 2031,758JH31
NSE_EQ,NSE_EQ|IN4920230138,SDL JK 7.58% 2050,19907,SDL JK 7.58% 2050,758JK50
NSE_EQ,NSE_EQ|IN2020220165,SDL KL 7.58% 2049,14355,SDL KL 7.58% 2049,758KL49
NSE_EQ,NSE_EQ|INE115A07RB7,LICH 7.58% 2035 SR 450,29200,LICH 7.58% 2035 SR 450,758LICH35
NSE_EQ,NSE_EQ|INE115A07RF8,LICH 7.58% 2035 SR 454,30277,LICH 7.58% 2035 SR 454,758LICH35A
NSE_EQ,NSE_EQ|IN2620230010,SDL NL 7.58% 2033,15021,SDL NL 7.58% 2033,758NL33
NSE_EQ,NSE_EQ|IN2820220084,SDL PN 7.58% 2042,10907,SDL PN 7.58% 2042,758PN42
NSE_EQ,NSE_EQ|INE020B08FD6,REC 7.58% 2029 SR 234-B,23894,REC 7.58% 2029 SR 234-B,758RECL29
NSE_EQ,NSE_EQ|IN2920220307,SDL RJ 7.58% 2048,14354,SDL RJ 7.58% 2048,758RJ48
NSE_EQ,NSE_EQ|INE507T07153,SDIL 7.58% 2031,25982,SDIL 7.58% 2031,758SDIL31
NSE_EQ,NSE_EQ|IN3120230393,SDL TN 7.58% 2054,21841,SDL TN 7.58% 2054,758TN54
NSE_EQ,NSE_EQ|IN4520230371,SDL TS 7.58% 2041,20745,SDL TS 7.58% 2041,758TS41
NSE_EQ,NSE_EQ|IN4520220414,SDL TS 7.58% 2045,14353,SDL TS 7.58% 2045,758TS45
NSE_EQ,NSE_EQ|IN1020220621,SDL AP 7.59% 2033,13717,SDL AP 7.59% 2033,759AP33
NSE_EQ,NSE_EQ|IN3520190080,SDL CG 7.59% 2030,22158,SDL CG 7.59% 2030,759CG30
NSE_EQ,NSE_EQ|INE233A08162,GIL 7.59% 2030 SR 2,756876,GIL 7.59% 2030 SR 2,759GIL30
NSE_EQ,NSE_EQ|IN0020150093,GOI LOAN 7.59% 2026,7139,GOI LOAN 7.59% 2026,759GS2026
NSE_EQ,NSE_EQ|IN0020150069,GOI LOAN 7.59% 2029,7130,GOI LOAN 7.59% 2029,759GS2029
NSE_EQ,NSE_EQ|IN1720220194,SDL HP 7.59% 2038,14276,SDL HP 7.59% 2038,759HP38
NSE_EQ,NSE_EQ|IN1620230244,SDL HR 7.59% 2035,19166,SDL HR 7.59% 2035,759HR35
NSE_EQ,NSE_EQ|INE202E08193,IREDA 7.59% 2034 SR XV H,23250,IREDA 7.59% 2034 SR XV H,759IRDA34
NSE_EQ,NSE_EQ|INE202E08169,IREDA 7.59% 2034 SR XV E,22820,IREDA 7.59% 2034 SR XV E,759IREDA34
NSE_EQ,NSE_EQ|IN1920220077,SDL KA 7.59% 2038,13049,SDL KA 7.59% 2038,759KA38
NSE_EQ,NSE_EQ|INE498L07129,LTFL 7.5934% 28 SR A OP2,756025,LTFL 7.5934% 28 SR A OP2,759LTFL28
NSE_EQ,NSE_EQ|IN2320230062,SDL MN 7.59% 2035,18991,SDL MN 7.59% 2035,759MN35
NSE_EQ,NSE_EQ|IN2120220081,SDL MP 7.59% 2038,14277,SDL MP 7.59% 2038,759MP38
NSE_EQ,NSE_EQ|INE557F08FZ1,NHB 7.59% 2027,24114,NHB 7.59% 2027,759NH27
NSE_EQ,NSE_EQ|INE557F08FY4,NHB 7.59% 2027,23913,NHB 7.59% 2027,759NHB27
NSE_EQ,NSE_EQ|IN2820230018,SDL PN 7.59% 2033,15019,SDL PN 7.59% 2033,759PN33
NSE_EQ,NSE_EQ|IN2820220191,SDL PN 7.59% 2039,14279,SDL PN 7.59% 2039,759PN39
NSE_EQ,NSE_EQ|IN3820220041,SDL PY 7.59% 2041,14168,SDL PY 7.59% 2041,759PY41
NSE_EQ,NSE_EQ|IN2920230314,SDL RJ 7.59% 2046,19906,SDL RJ 7.59% 2046,759RJ46
NSE_EQ,NSE_EQ|IN2920230033,SDL RJ 7.59% 2048,15109,SDL RJ 7.59% 2048,759RJ48
NSE_EQ,NSE_EQ|INE020B08FA2,REC 7.59% 2027 SR 232A,23534,REC 7.59% 2027 SR 232A,759RL27
NSE_EQ,NSE_EQ|IN3120230385,SDL TN 7.59% 2044,21829,SDL TN 7.59% 2044,759TN44
NSE_EQ,NSE_EQ|IN4520220315,SDL TS 7.59% 2037,13719,SDL TS 7.59% 2037,759TS37
NSE_EQ,NSE_EQ|IN4520220323,SDL TS 7.59% 2040,13721,SDL TS 7.59% 2040,759TS40
NSE_EQ,NSE_EQ|IN4520220406,SDL TS 7.59% 2040,14167,SDL TS 7.59% 2040,759TS40A
NSE_EQ,NSE_EQ|IN4520230405,SDL TS 7.59% 2046,21830,SDL TS 7.59% 2046,759TS46
NSE_EQ,NSE_EQ|IN3420230101,SDL WB 7.59% 2039,19172,SDL WB 7.59% 2039,759WB39
NSE_EQ,NSE_EQ|IN1020220589,SDL AP 7.5% 2028,12660,SDL AP 7.5% 2028,75AP28
NSE_EQ,NSE_EQ|IN1020240066,SDL AP 7.5% 2032,23582,SDL AP 7.5% 2032,75AP32
NSE_EQ,NSE_EQ|IN1020230497,SDL AP 7.5% 2041,19174,SDL AP 7.5% 2041,75AP41
NSE_EQ,NSE_EQ|IN1220240015,SDL AS 7.5% 2034,23494,SDL AS 7.5% 2034,75AS34
NSE_EQ,NSE_EQ|IN1320230031,SDL BR 7.5% 2031,18080,SDL BR 7.5% 2031,75BR31
NSE_EQ,NSE_EQ|IN1420230055,SDL GA 7.5% 2033,18082,SDL GA 7.5% 2033,75GA33
NSE_EQ,NSE_EQ|IN0020040039,GOI LOAN 7.50% 2034,6873,GOI LOAN 7.50% 2034,75GS2034
NSE_EQ,NSE_EQ|IN1720220087,SDL HP 7.5% 2036,10960,SDL HP 7.5% 2036,75HP36
NSE_EQ,NSE_EQ|IN1720220095,SDL HP 7.5% 2037,10961,SDL HP 7.5% 2037,75HP37
NSE_EQ,NSE_EQ|IN1720230045,SDL HP 7.5% 2038,17101,SDL HP 7.5% 2038,75HP38
NSE_EQ,NSE_EQ|IN1620220344,SDL HR 7.5% 2029,13594,SDL HR 7.5% 2029,75HR29
NSE_EQ,NSE_EQ|IN1620230012,SDL HR 7.5% 2030,15098,SDL HR 7.5% 2030,75HR30
NSE_EQ,NSE_EQ|INE202E08201,IREDA 7.50% 2034 SRXVI A,24023,IREDA 7.50% 2034 SRXVI A,75IREDA34
NSE_EQ,NSE_EQ|IN2220230386,SDL MH 7.5% 2044,23332,SDL MH 7.5% 2044,75MH44
NSE_EQ,NSE_EQ|IN2320230096,SDL MN 7.5% 2036,23204,SDL MN 7.5% 2036,75MN36
NSE_EQ,NSE_EQ|IN2320230104,SDL MN 7.5% 2036,23352,SDL MN 7.5% 2036,75MN36A
NSE_EQ,NSE_EQ|IN3020230055,SDL SK 7.5% 2034,23200,SDL SK 7.5% 2034,75SK34
NSE_EQ,NSE_EQ|IN3120240020,SDL TN 7.5% 2031,23581,SDL TN 7.5% 2031,75TN31
NSE_EQ,NSE_EQ|IN3120230526,SDL TN 7.5% 2054,23337,SDL TN 7.5% 2054,75TN54
NSE_EQ,NSE_EQ|IN3220190067,SDL TR 7.5% 2030,22137,SDL TR 7.5% 2030,75TR30
NSE_EQ,NSE_EQ|IN3620240017,SDL UK 7.5% 2029,23546,SDL UK 7.5% 2029,75UK29
NSE_EQ,NSE_EQ|IN3320230052,SDL UP 7.5% 2035,18085,SDL UP 7.5% 2035,75UP35
NSE_EQ,NSE_EQ|INE0Z8Z07024,CIT 7.60% 2038 SR 2,30036,CIT 7.60% 2038 SR 2,760CIT38
NSE_EQ,NSE_EQ|INE02KN07089,GFL 7.60% 2030 SR D1,757365,GFL 7.60% 2030 SR D1,760GFL30
NSE_EQ,NSE_EQ|INE134E08MX3,PFC 7.60% 2029 SR BS237A,22793,PFC 7.60% 2029 SR BS237A,760PFC29
NSE_EQ,NSE_EQ|INE134E07588,7.60% TAX FREE NCD,19976,7.60% TAX FREE NCD,760PFCL35
NSE_EQ,NSE_EQ|IN1020230521,SDL AP 7.61% 2043,19552,SDL AP 7.61% 2043,761AP43
NSE_EQ,NSE_EQ|IN1520220071,SDL GJ 7.61% 2032,10531,SDL GJ 7.61% 2032,761GJ32
NSE_EQ,NSE_EQ|IN0020160019,GOI LOAN 7.61% 2030,7142,GOI LOAN 7.61% 2030,761GS2030
NSE_EQ,NSE_EQ|IN1720230094,SDL HP 7.61% 2038,20742,SDL HP 7.61% 2038,761HP38
NSE_EQ,NSE_EQ|IN1620220203,SDL HR 7.61% 2032,10853,SDL HR 7.61% 2032,761HR32
NSE_EQ,NSE_EQ|IN4920220071,SDL JK 7.61% 2042,13135,SDL JK 7.61% 2042,761JK42
NSE_EQ,NSE_EQ|INE115A07QV7,LIC 7.61% 2034 TR 445,25042,LIC 7.61% 2034 TR 445,761LIC34
NSE_EQ,NSE_EQ|IN2220220031,SDL MH 7.61% 2029,9435,SDL MH 7.61% 2029,761MH29
NSE_EQ,NSE_EQ|IN2920220224,SDL RJ 7.61% 2032,13377,SDL RJ 7.61% 2032,761RJ32
NSE_EQ,NSE_EQ|IN2920230025,SDL RJ 7.61% 2043,15105,SDL RJ 7.61% 2043,761RJ43
NSE_EQ,NSE_EQ|IN3120220147,SDL TN 7.61% 2032,10852,SDL TN 7.61% 2032,761TN32
NSE_EQ,NSE_EQ|IN3120220238,SDL TN 7.61% 2032,13379,SDL TN 7.61% 2032,761TN32A
NSE_EQ,NSE_EQ|IN4520220372,SDL TS 7.61% 2032,14088,SDL TS 7.61% 2032,761TS32
NSE_EQ,NSE_EQ|IN4520230017,SDL TS 7.61% 2044,15106,SDL TS 7.61% 2044,761TS44
NSE_EQ,NSE_EQ|IN1120220018,SDL AR 7.62% 2032,13372,SDL AR 7.62% 2032,762AR32
NSE_EQ,NSE_EQ|IN1220220157,SDL AS 7.62% 2032,12666,SDL AS 7.62% 2032,762AS32
NSE_EQ,NSE_EQ|IN1220230115,SDL AS 7.62% 2033,19186,SDL AS 7.62% 2033,762AS33
NSE_EQ,NSE_EQ|IN1320230080,SDL BR 7.62% 2031,19181,SDL BR 7.62% 2031,762BR31
NSE_EQ,NSE_EQ|IN1320220032,SDL BR 7.62% 2032,10854,SDL BR 7.62% 2032,762BR32
NSE_EQ,NSE_EQ|IN1420220080,SDL GA 7.62% 2032,12678,SDL GA 7.62% 2032,762GA32
NSE_EQ,NSE_EQ|IN1420220114,SDL GA 7.62% 2032,13373,SDL GA 7.62% 2032,762GA32A
NSE_EQ,NSE_EQ|IN1520230088,SDL GJ 7.62% 2028,19480,SDL GJ 7.62% 2028,762GJ28
NSE_EQ,NSE_EQ|IN1520220139,SDL GJ 7.62% 2029,11589,SDL GJ 7.62% 2029,762GJ29
NSE_EQ,NSE_EQ|IN0020190024,GOI LOAN 7.62% 2039,9538,GOI LOAN 7.62% 2039,762GS2039
NSE_EQ,NSE_EQ|IN1720230060,SDL HP 7.62% 2043,19519,SDL HP 7.62% 2043,762HP43
NSE_EQ,NSE_EQ|IN1620220351,SDL HR 7.62% 2031,13600,SDL HR 7.62% 2031,762HR31
NSE_EQ,NSE_EQ|IN2020230180,SDL KL 7.62% 2038,20739,SDL KL 7.62% 2038,762KL38
NSE_EQ,NSE_EQ|IN2020230198,SDL KL 7.62% 2044,20948,SDL KL 7.62% 2044,762KL44
NSE_EQ,NSE_EQ|IN2020220132,SDL KL 7.62% 2053,13624,SDL KL 7.62% 2053,762KL53
NSE_EQ,NSE_EQ|IN2220220056,SDL MH 7.62% 2030,9695,SDL MH 7.62% 2030,762MH30
NSE_EQ,NSE_EQ|IN2220220106,SDL MH 7.62% 2030,11277,SDL MH 7.62% 2030,762MH30A
NSE_EQ,NSE_EQ|IN2320220071,SDL MN 7.62% 2035,14165,SDL MN 7.62% 2035,762MN35
NSE_EQ,NSE_EQ|IN2120220073,SDL MP 7.62% 2034,14163,SDL MP 7.62% 2034,762MP34
NSE_EQ,NSE_EQ|IN2520220103,SDL MZ 7.62% 2036,14166,SDL MZ 7.62% 2036,762MZ36
NSE_EQ,NSE_EQ|INE261F08EH1,NABARD 7.62% 2029 SR 24H,23254,NABARD 7.62% 2029 SR 24H,762NABAR29
NSE_EQ,NSE_EQ|INE733E07JW2,TFB 7.62% 2035 SR. 3B,10751,TFB 7.62% 2035 SR. 3B,762NTPC35F
NSE_EQ,NSE_EQ|IN2820220159,SDL PN 7.62% 2032,12673,SDL PN 7.62% 2032,762PN32
NSE_EQ,NSE_EQ|IN2820230026,SDL PN 7.62% 2038,15100,SDL PN 7.62% 2038,762PN38
NSE_EQ,NSE_EQ|IN3820220033,SDL PY 7.62% 2035,14164,SDL PY 7.62% 2035,762PY35
NSE_EQ,NSE_EQ|IN2920230231,SDL RJ 7.62% 2043,19518,SDL RJ 7.62% 2043,762RJ43
NSE_EQ,NSE_EQ|INE976I07CZ6,TCL 7.62% 2030 SR A,755990,TCL 7.62% 2030 SR A,762TCL30
NSE_EQ,NSE_EQ|IN3120220253,SDL TN 7.62% 2033,13602,SDL TN 7.62% 2033,762TN33
NSE_EQ,NSE_EQ|IN3120230419,SDL TN 7.62% 2034,22499,SDL TN 7.62% 2034,762TN34
NSE_EQ,NSE_EQ|IN3120220287,SDL TN 7.62% 2043,13908,SDL TN 7.62% 2043,762TN43
NSE_EQ,NSE_EQ|IN3120230252,SDL TN 7.62% 2053,19488,SDL TN 7.62% 2053,762TN53
NSE_EQ,NSE_EQ|IN3620220027,SDL UK 7.62% 2033,13716,SDL UK 7.62% 2033,762UK33
NSE_EQ,NSE_EQ|IN3320230219,SDL UP 7.62% 2033,20732,SDL UP 7.62% 2033,762UP33
NSE_EQ,NSE_EQ|IN3320230227,SDL UP 7.62% 2034,20735,SDL UP 7.62% 2034,762UP34
NSE_EQ,NSE_EQ|IN3320220061,SDL UP 7.62% 2035,13778,SDL UP 7.62% 2035,762UP35
NSE_EQ,NSE_EQ|IN1020220118,SDL AP 7.63% 2030,9531,SDL AP 7.63% 2030,763AP30
NSE_EQ,NSE_EQ|IN1120230025,SDL AR 7.63% 2033,20734,SDL AR 7.63% 2033,763AR33
NSE_EQ,NSE_EQ|IN1320230148,SDL BR 7.63% 2038,20741,SDL BR 7.63% 2038,763BR38
NSE_EQ,NSE_EQ|IN1420230196,SDL GA 7.63% 2033,20733,SDL GA 7.63% 2033,763GA33
NSE_EQ,NSE_EQ|IN1520220204,SDL GJ 7.63% 2032,13916,SDL GJ 7.63% 2032,763GJ32
NSE_EQ,NSE_EQ|IN1520230229,SDL GJ 7.63% 2033,21856,SDL GJ 7.63% 2033,763GJ33
NSE_EQ,NSE_EQ|IN1520230237,SDL GJ 7.63% 2034,21858,SDL GJ 7.63% 2034,763GJ34
NSE_EQ,NSE_EQ|IN0020190057,GOI LOAN 7.63% 2059,9907,GOI LOAN 7.63% 2059,763GS2059
NSE_EQ,NSE_EQ|IN1720220152,SDL HP 7.63% 2037,13127,SDL HP 7.63% 2037,763HP37
NSE_EQ,NSE_EQ|IN1620220070,SDL HR 7.63% 2028,9770,SDL HR 7.63% 2028,763HR28
NSE_EQ,NSE_EQ|IN1620220047,SDL HR 7.63% 2029,9433,SDL HR 7.63% 2029,763HR29
NSE_EQ,NSE_EQ|IN1620220336,SDL HR 7.63% 2032,13244,SDL HR 7.63% 2032,763HR32
NSE_EQ,NSE_EQ|IN1620220369,SDL HR 7.63% 2033,13627,SDL HR 7.63% 2033,763HR33
NSE_EQ,NSE_EQ|IN3720220042,SDL JH 7.63% 2030,14087,SDL JH 7.63% 2030,763JH30
NSE_EQ,NSE_EQ|IN4920230120,SDL JK 7.63% 2053,19742,SDL JK 7.63% 2053,763JK53
NSE_EQ,NSE_EQ|IN4920230187,SDL JK 7.63% 2053,20483,SDL JK 7.63% 2053,763JK53A
NSE_EQ,NSE_EQ|IN1920220051,SDL KA 7.63% 2037,12692,SDL KA 7.63% 2037,763KA37
NSE_EQ,NSE_EQ|IN1920220093,SDL KA 7.63% 2039,13128,SDL KA 7.63% 2039,763KA39
NSE_EQ,NSE_EQ|IN1920220101,SDL KA 7.63% 2040,13134,SDL KA 7.63% 2040,763KA40
NSE_EQ,NSE_EQ|IN1920220069,SDL KA 7.63% 2042,12710,SDL KA 7.63% 2042,763KA42
NSE_EQ,NSE_EQ|IN2020220116,SDL KL 7.63% 2032,13375,SDL KL 7.63% 2032,763KL32
NSE_EQ,NSE_EQ|IN2020220108,SDL KL 7.63% 2043,12726,SDL KL 7.63% 2043,763KL43
NSE_EQ,NSE_EQ|IN2220220049,SDL MH 7.63% 2030,9437,SDL MH 7.63% 2030,763MH30
NSE_EQ,NSE_EQ|IN2220230196,SDL MH 7.63% 2035,22500,SDL MH 7.63% 2035,763MH35
NSE_EQ,NSE_EQ|IN2220230204,SDL MH 7.63% 2036,22502,SDL MH 7.63% 2036,763MH36
NSE_EQ,NSE_EQ|IN2420220047,SDL ML 7.63% 2025,11675,SDL ML 7.63% 2025,763ML25
NSE_EQ,NSE_EQ|IN2420230061,SDL ML 7.63% 2032,20731,SDL ML 7.63% 2032,763ML32
NSE_EQ,NSE_EQ|IN2820220167,SDL PN 7.63% 2039,12706,SDL PN 7.63% 2039,763PN39
NSE_EQ,NSE_EQ|IN3820220017,SDL PY 7.63% 2032,13382,SDL PY 7.63% 2032,763PY32
NSE_EQ,NSE_EQ|IN2920230421,SDL RJ 7.63% 2041,22505,SDL RJ 7.63% 2041,763RJ41
NSE_EQ,NSE_EQ|IN3120220212,SDL TN 7.63% 2047,12345,SDL TN 7.63% 2047,763TN47
NSE_EQ,NSE_EQ|IN4520220307,SDL TS 7.63% 2036,13718,SDL TS 7.63% 2036,763TS36
NSE_EQ,NSE_EQ|IN4520220257,SDL TS 7.63% 2043,12321,SDL TS 7.63% 2043,763TS43
NSE_EQ,NSE_EQ|IN4520220265,SDL TS 7.63% 2044,12328,SDL TS 7.63% 2044,763TS44
NSE_EQ,NSE_EQ|IN3420230168,SDL WB 7.63% 2038,20743,SDL WB 7.63% 2038,763WB38
NSE_EQ,NSE_EQ|INE115A07RD3,LICH 7.645% 2030 SR 452,29742,LICH 7.645% 2030 SR 452,7645LICH30
NSE_EQ,NSE_EQ|INE238A08492,AXIS BANK 7.64% 2034 SR7,23041,AXIS BANK 7.64% 2034 SR7,764ABL34
NSE_EQ,NSE_EQ|IN1020230703,SDL AP 7.64% 2031,21494,SDL AP 7.64% 2031,764AP31
NSE_EQ,NSE_EQ|IN1020220605,SDL AP 7.64% 2033,12689,SDL AP 7.64% 2033,764AP33
NSE_EQ,NSE_EQ|IN1120200028,SDL AR 7.64% 2030,20570,SDL AR 7.64% 2030,764AR30
NSE_EQ,NSE_EQ|IN1320220164,SDL BR 7.64% 2032,13242,SDL BR 7.64% 2032,764BR32
NSE_EQ,NSE_EQ|IN1420200025,SDL GA 7.64% 2030,20571,SDL GA 7.64% 2030,764GA30
NSE_EQ,NSE_EQ|IN1420220130,SDL GA 7.64% 2033,13887,SDL GA 7.64% 2033,764GA33
NSE_EQ,NSE_EQ|IN1420220122,SDL GA 7.64% 2038,13619,SDL GA 7.64% 2038,764GA38
NSE_EQ,NSE_EQ|IN1520230187,SDL GJ 7.64% 2031,21262,SDL GJ 7.64% 2031,764GJ31
NSE_EQ,NSE_EQ|IN1520230203,SDL GJ 7.64% 2033,21500,SDL GJ 7.64% 2033,764GJ33
NSE_EQ,NSE_EQ|IN1520230211,SDL GJ 7.64% 2034,21503,SDL GJ 7.64% 2034,764GJ34
NSE_EQ,NSE_EQ|IN1720230110,SDL HP 7.64% 2039,21512,SDL HP 7.64% 2039,764HP39
NSE_EQ,NSE_EQ|IN1620220377,SDL HR 7.64% 2031,13915,SDL HR 7.64% 2031,764HR31
NSE_EQ,NSE_EQ|INE031A07AO5,7.64% TAX FREETRI SR2B,19928,7.64% TAX FREETRI SR2B,764HUDCO31
NSE_EQ,NSE_EQ|INE053F07900,TAX FREE  7.64% SR. 108A,15168,TAX FREE  7.64% SR. 108A,764IRFC31
NSE_EQ,NSE_EQ|IN4920230179,SDL JK 7.64% 2050,20402,SDL JK 7.64% 2050,764JK50
NSE_EQ,NSE_EQ|IN1920230019,SDL KA 7.64% 2032,19523,SDL KA 7.64% 2032,764KA32
NSE_EQ,NSE_EQ|IN1920230142,SDL KA 7.64% 2039,20744,SDL KA 7.64% 2039,764KA39
NSE_EQ,NSE_EQ|IN2020220124,SDL KL 7.64% 2034,13606,SDL KL 7.64% 2034,764KL34
NSE_EQ,NSE_EQ|IN2220220114,SDL MH 7.64% 2032,11285,SDL MH 7.64% 2032,764MH32
NSE_EQ,NSE_EQ|IN2220220163,SDL MH 7.64% 2033,13886,SDL MH 7.64% 2033,764MH33
NSE_EQ,NSE_EQ|IN2120220065,SDL MP 7.64% 2033,14093,SDL MP 7.64% 2033,764MP33
NSE_EQ,NSE_EQ|INE261F07032,7.64% TAX FREE TRI SRIIB,20034,7.64% TAX FREE TRI SRIIB,764NABAR31
NSE_EQ,NSE_EQ|INE020B08EV1,REC 7.64% 2034 SR 230-B,21485,REC 7.64% 2034 SR 230-B,764REC34
NSE_EQ,NSE_EQ|IN2920220240,SDL RJ 7.64% 2038,13902,SDL RJ 7.64% 2038,764RJ38
NSE_EQ,NSE_EQ|IN2920230348,SDL RJ 7.64% 2049,20366,SDL RJ 7.64% 2049,764RJ49
NSE_EQ,NSE_EQ|INE020B08EX7,REC 7.64% 2027 SR 231A,22815,REC 7.64% 2027 SR 231A,764RL27
NSE_EQ,NSE_EQ|IN3120220089,SDL TN 7.64% 2029,10452,SDL TN 7.64% 2029,764TN29
NSE_EQ,NSE_EQ|IN3120220105,SDL TN 7.64% 2032,10544,SDL TN 7.64% 2032,764TN32
NSE_EQ,NSE_EQ|IN4520220380,SDL TS 7.64% 2033,14097,SDL TS 7.64% 2033,764TS33
NSE_EQ,NSE_EQ|IN3320220095,SDL UP 7.64% 2036,14109,SDL UP 7.64% 2036,764UP36
NSE_EQ,NSE_EQ|IN3420220177,SDL WB 7.64% 2032,13248,SDL WB 7.64% 2032,764WB32
NSE_EQ,NSE_EQ|IN3420220219,SDL WB 7.64% 2042,13621,SDL WB 7.64% 2042,764WB42
NSE_EQ,NSE_EQ|IN3420230119,SDL WB 7.64% 2043,19520,SDL WB 7.64% 2043,764WB43
NSE_EQ,NSE_EQ|IN3420230176,SDL WB 7.64% 2043,20946,SDL WB 7.64% 2043,764WB43A
NSE_EQ,NSE_EQ|IN1220220082,SDL AS 7.65% 2032,10765,SDL AS 7.65% 2032,765AS32
NSE_EQ,NSE_EQ|IN1320220016,SDL BR 7.65% 2032,10529,SDL BR 7.65% 2032,765BR32
NSE_EQ,NSE_EQ|IN1320220024,SDL BR 7.65% 2032,10721,SDL BR 7.65% 2032,765BR32A
NSE_EQ,NSE_EQ|IN3520230126,SDL CG 7.65% 2033,22494,SDL CG 7.65% 2033,765CG33
NSE_EQ,NSE_EQ|IN1420220106,SDL GA 7.65% 2032,13243,SDL GA 7.65% 2032,765GA32
NSE_EQ,NSE_EQ|IN1420230170,SDL GA 7.65% 2033,20238,SDL GA 7.65% 2033,765GA33
NSE_EQ,NSE_EQ|IN1420230220,SDL GA 7.65% 2034,22496,SDL GA 7.65% 2034,765GA34
NSE_EQ,NSE_EQ|IN1520220048,SDL GJ 7.65% 2029,10233,SDL GJ 7.65% 2029,765GJ29
NSE_EQ,NSE_EQ|IN1520230112,SDL GJ 7.65% 2029,20368,SDL GJ 7.65% 2029,765GJ29A
NSE_EQ,NSE_EQ|IN1520220212,SDL GJ 7.65% 2033,13964,SDL GJ 7.65% 2033,765GJ33
NSE_EQ,NSE_EQ|INE040A08AK2,HDFC BANK 7.65% 2034 SR2,23222,HDFC BANK 7.65% 2034 SR2,765HDFC34
NSE_EQ,NSE_EQ|IN1720230086,SDL HP 7.65% 2035,20738,SDL HP 7.65% 2035,765HP35
NSE_EQ,NSE_EQ|IN1620220393,SDL HR 7.65% 2030,13957,SDL HR 7.65% 2030,765HR30
NSE_EQ,NSE_EQ|IN1620220385,SDL HR 7.65% 2033,13882,SDL HR 7.65% 2033,765HR33
NSE_EQ,NSE_EQ|IN1620220427,SDL HR 7.65% 2033,14272,SDL HR 7.65% 2033,765HR33A
NSE_EQ,NSE_EQ|IN1620230285,SDL HR 7.65% 2033,20240,SDL HR 7.65% 2033,765HR33B
NSE_EQ,NSE_EQ|IN1920220143,SDL KA 7.65% 2034,13384,SDL KA 7.65% 2034,765KA34
NSE_EQ,NSE_EQ|IN2020220157,SDL KL 7.65% 2048,13996,SDL KL 7.65% 2048,765KL48
NSE_EQ,NSE_EQ|INE115A07QX3,LICH 7.65% 2031 SR 446,25376,LICH 7.65% 2031 SR 446,765LICH31
NSE_EQ,NSE_EQ|INE0KUG08027,NABFID 7.65% 2038 SR 1,20841,NABFID 7.65% 2038 SR 1,765NBFID38
NSE_EQ,NSE_EQ|IN2620220052,SDL NL 7.65% 2032,13247,SDL NL 7.65% 2032,765NL32
NSE_EQ,NSE_EQ|INE752E08726,PGCL 7.65% 2034 SR LXXV,21315,PGCL 7.65% 2034 SR LXXV,765PGCIL34
NSE_EQ,NSE_EQ|IN2820220142,SDL PN 7.65% 2042,11981,SDL PN 7.65% 2042,765PN42
NSE_EQ,NSE_EQ|IN2920220125,SDL RJ 7.65% 2032,10543,SDL RJ 7.65% 2032,765RJ32
NSE_EQ,NSE_EQ|IN2920220166,SDL RJ 7.65% 2032,11288,SDL RJ 7.65% 2032,765RJ32A
NSE_EQ,NSE_EQ|IN2920220232,SDL RJ 7.65% 2033,13881,SDL RJ 7.65% 2033,765RJ33
NSE_EQ,NSE_EQ|IN2920230280,SDL RJ 7.65% 2048,19740,SDL RJ 7.65% 2048,765RJ48
NSE_EQ,NSE_EQ|INE667F07IW1,SHFL 7.65% 2029 SR 344,25948,SHFL 7.65% 2029 SR 344,765SHFL29
NSE_EQ,NSE_EQ|INE155A08449,TML 7.65% 2027 TR I,756175,TML 7.65% 2027 TR I,765TML27
NSE_EQ,NSE_EQ|INE155A08456,TML 7.65% 2028 TR II,756179,TML 7.65% 2028 TR II,765TML28
NSE_EQ,NSE_EQ|INE155A08464,TML 7.65% 2028 TR III,756177,TML 7.65% 2028 TR III,765TML28A
NSE_EQ,NSE_EQ|IN3120220063,SDL TN 7.65% 2029,10234,SDL TN 7.65% 2029,765TN29
NSE_EQ,NSE_EQ|IN3120230310,SDL TN 7.65% 2030,19908,SDL TN 7.65% 2030,765TN30
NSE_EQ,NSE_EQ|IN3120220279,SDL TN 7.65% 2033,13874,SDL TN 7.65% 2033,765TN33
NSE_EQ,NSE_EQ|IN3120230260,SDL TN 7.65% 2033,19524,SDL TN 7.65% 2033,765TN33A
NSE_EQ,NSE_EQ|IN3120220295,SDL TN 7.65% 2053,13997,SDL TN 7.65% 2053,765TN53
NSE_EQ,NSE_EQ|IN4520200028,SDL TS 7.65% 2030,22188,SDL TS 7.65% 2030,765TS30
NSE_EQ,NSE_EQ|IN4520230280,SDL TS 7.65% 2039,19550,SDL TS 7.65% 2039,765TS39
NSE_EQ,NSE_EQ|IN3320200014,SDL UP 7.65% 2030,22086,SDL UP 7.65% 2030,765UP30
NSE_EQ,NSE_EQ|IN3320230243,SDL UP 7.65% 2034,20943,SDL UP 7.65% 2034,765UP34
NSE_EQ,NSE_EQ|IN1020220647,SDL AP 7.66% 2032,13958,SDL AP 7.66% 2032,766AP32
NSE_EQ,NSE_EQ|IN1020230513,SDL AP 7.66% 2037,19538,SDL AP 7.66% 2037,766AP37
NSE_EQ,NSE_EQ|IN1020230547,SDL AP 7.66% 2042,19621,SDL AP 7.66% 2042,766AP42
NSE_EQ,NSE_EQ|IN1320220172,SDL BR 7.66% 2033,14098,SDL BR 7.66% 2033,766BR33
NSE_EQ,NSE_EQ|IN1520220246,SDL GJ 7.66% 2030,14269,SDL GJ 7.66% 2030,766GJ30
NSE_EQ,NSE_EQ|IN1520230120,SDL GJ 7.66% 2030,20479,SDL GJ 7.66% 2030,766GJ30A
NSE_EQ,NSE_EQ|IN1520230195,SDL GJ 7.66% 2032,21264,SDL GJ 7.66% 2032,766GJ32
NSE_EQ,NSE_EQ|IN1620220450,SDL HR 7.66% 2029,14635,SDL HR 7.66% 2029,766HR29
NSE_EQ,NSE_EQ|IN1620230251,SDL HR 7.66% 2035,19533,SDL HR 7.66% 2035,766HR35
NSE_EQ,NSE_EQ|IN1620230350,SDL HR 7.66% 2036,22501,SDL HR 7.66% 2036,766HR36
NSE_EQ,NSE_EQ|IN1920220044,SDL KA 7.66% 2042,12313,SDL KA 7.66% 2042,766KA42
NSE_EQ,NSE_EQ|IN2020230164,SDL KL 7.66% 2046,19737,SDL KL 7.66% 2046,766KL46
NSE_EQ,NSE_EQ|IN2020220173,SDL KL 7.66% 2050,14563,SDL KL 7.66% 2050,766KL50
NSE_EQ,NSE_EQ|INE115A07RC5,LICH 7.66% 2029 SR 451,29305,LICH 7.66% 2029 SR 451,766LICH29
NSE_EQ,NSE_EQ|IN2220220221,SDL MH 7.66% 2033,14549,SDL MH 7.66% 2033,766MH33
NSE_EQ,NSE_EQ|IN2420230053,SDL ML 7.66% 2032,20231,SDL ML 7.66% 2032,766ML32
NSE_EQ,NSE_EQ|IN2120220123,SDL MP 7.66% 2048,14559,SDL MP 7.66% 2048,766MP48
NSE_EQ,NSE_EQ|IN2920230389,SDL RJ 7.66% 2031,21842,SDL RJ 7.66% 2031,766RJ31
NSE_EQ,NSE_EQ|IN2920220257,SDL RJ 7.66% 2033,13960,SDL RJ 7.66% 2033,766RJ33
NSE_EQ,NSE_EQ|IN2920230405,SDL RJ 7.66% 2033,22495,SDL RJ 7.66% 2033,766RJ33A
NSE_EQ,NSE_EQ|IN2920230413,SDL RJ 7.66% 2034,22497,SDL RJ 7.66% 2034,766RJ34
NSE_EQ,NSE_EQ|IN2920220273,SDL RJ 7.66% 2043,13994,SDL RJ 7.66% 2043,766RJ43
NSE_EQ,NSE_EQ|IN3020220056,SDL SK 7.66% 2033,14274,SDL SK 7.66% 2033,766SK33
NSE_EQ,NSE_EQ|IN3120230344,SDL TN 7.66% 2033,20928,SDL TN 7.66% 2033,766TN33
NSE_EQ,NSE_EQ|IN3120230294,SDL TN 7.66% 2043,19622,SDL TN 7.66% 2043,766TN43
NSE_EQ,NSE_EQ|IN4520220281,SDL TS 7.66% 2034,13387,SDL TS 7.66% 2034,766TS34
NSE_EQ,NSE_EQ|IN4520220364,SDL TS 7.66% 2044,13995,SDL TS 7.66% 2044,766TS44
NSE_EQ,NSE_EQ|IN3320220012,SDL UP 7.66% 2032,10771,SDL UP 7.66% 2032,766UP32
NSE_EQ,NSE_EQ|IN3320220103,SDL UP 7.66% 2033,14162,SDL UP 7.66% 2033,766UP33
NSE_EQ,NSE_EQ|IN3320220111,SDL UP 7.66% 2033,14273,SDL UP 7.66% 2033,766UP33A
NSE_EQ,NSE_EQ|IN3420220227,SDL WB 7.66% 2039,13906,SDL WB 7.66% 2039,766WB39
NSE_EQ,NSE_EQ|IN3420230184,SDL WB 7.66% 2043,21827,SDL WB 7.66% 2043,766WB43
NSE_EQ,NSE_EQ|IN1020220126,SDL AP 7.67% 2031,9696,SDL AP 7.67% 2031,767AP31
NSE_EQ,NSE_EQ|IN1020230505,SDL AP 7.67% 2038,19487,SDL AP 7.67% 2038,767AP38
NSE_EQ,NSE_EQ|IN1020230711,SDL AP 7.67% 2038,21510,SDL AP 7.67% 2038,767AP38A
NSE_EQ,NSE_EQ|IN1220220140,SDL AS 7.67% 2032,11980,SDL AS 7.67% 2032,767AS32
NSE_EQ,NSE_EQ|IN1220220173,SDL AS 7.67% 2033,13877,SDL AS 7.67% 2033,767AS33
NSE_EQ,NSE_EQ|IN1220220199,SDL AS 7.67% 2033,14092,SDL AS 7.67% 2033,767AS33A
NSE_EQ,NSE_EQ|IN1220230123,SDL AS 7.67% 2033,19526,SDL AS 7.67% 2033,767AS33B
NSE_EQ,NSE_EQ|IN3520230118,SDL CG 7.67% 2031,21849,SDL CG 7.67% 2031,767CG31
NSE_EQ,NSE_EQ|IN3520230100,SDL CG 7.67% 2033,21502,SDL CG 7.67% 2033,767CG33
NSE_EQ,NSE_EQ|IN1420230139,SDL GA 7.67% 2033,19527,SDL GA 7.67% 2033,767GA33
NSE_EQ,NSE_EQ|IN1420230204,SDL GA 7.67% 2033,20937,SDL GA 7.67% 2033,767GA33A
NSE_EQ,NSE_EQ|IN1720230102,SDL HP 7.67% 2034,21509,SDL HP 7.67% 2034,767HP34
NSE_EQ,NSE_EQ|IN1620220229,SDL HR 7.67% 2032,11284,SDL HR 7.67% 2032,767HR32
NSE_EQ,NSE_EQ|IN1620230335,SDL HR 7.67% 2035,20944,SDL HR 7.67% 2035,767HR35
NSE_EQ,NSE_EQ|IN3720220026,SDL JH 7.67% 2037,13257,SDL JH 7.67% 2037,767JH37
NSE_EQ,NSE_EQ|IN1920220028,SDL KA 7.67% 2032,11984,SDL KA 7.67% 2032,767KA32
NSE_EQ,NSE_EQ|IN1920230076,SDL KA 7.67% 2036,20222,SDL KA 7.67% 2036,767KA36
NSE_EQ,NSE_EQ|IN1920230241,SDL KA 7.67% 2042,21820,SDL KA 7.67% 2042,767KA42
NSE_EQ,NSE_EQ|IN2020220041,SDL KL 7.67% 2034,10851,SDL KL 7.67% 2034,767KL34
NSE_EQ,NSE_EQ|IN2020230214,SDL KL 7.67% 2043,22506,SDL KL 7.67% 2043,767KL43
NSE_EQ,NSE_EQ|IN2120220040,SDL MP 7.67% 2033,13965,SDL MP 7.67% 2033,767MP33
NSE_EQ,NSE_EQ|IN2620220037,SDL NL 7.67% 2032,10541,SDL NL 7.67% 2032,767NL32
NSE_EQ,NSE_EQ|IN2620220060,SDL NL 7.67% 2033,13626,SDL NL 7.67% 2033,767NL33
NSE_EQ,NSE_EQ|IN2620220078,SDL NL 7.67% 2033,13967,SDL NL 7.67% 2033,767NL33A
NSE_EQ,NSE_EQ|IN2620230051,SDL NL 7.67% 2033,20243,SDL NL 7.67% 2033,767NL33B
NSE_EQ,NSE_EQ|IN2820230166,SDL PN 7.67% 2035,19167,SDL PN 7.67% 2035,767PN35
NSE_EQ,NSE_EQ|IN2920230363,SDL RJ 7.67% 2033,20942,SDL RJ 7.67% 2033,767RJ33
NSE_EQ,NSE_EQ|IN2920230397,SDL RJ 7.67% 2034,21863,SDL RJ 7.67% 2034,767RJ34
NSE_EQ,NSE_EQ|IN3120230336,SDL TN 7.67% 2030,20470,SDL TN 7.67% 2030,767TN30
NSE_EQ,NSE_EQ|IN3120220352,SDL TN 7.67% 2053,14564,SDL TN 7.67% 2053,767TN53
NSE_EQ,NSE_EQ|IN4520220299,SDL TS 7.67% 2035,13389,SDL TS 7.67% 2035,767TS35
NSE_EQ,NSE_EQ|IN4520230314,SDL TS 7.67% 2045,19733,SDL TS 7.67% 2045,767TS45
NSE_EQ,NSE_EQ|IN3620220035,SDL UK 7.67% 2033,14102,SDL UK 7.67% 2033,767UK33
NSE_EQ,NSE_EQ|IN3620230059,SDL UK 7.67% 2033,20931,SDL UK 7.67% 2033,767UK33A
NSE_EQ,NSE_EQ|IN3320230235,SDL UP 7.67% 2033,20938,SDL UP 7.67% 2033,767UP33
NSE_EQ,NSE_EQ|IN3420220185,SDL WB 7.67% 2037,13237,SDL WB 7.67% 2037,767WB37
NSE_EQ,NSE_EQ|IN3420220193,SDL WB 7.67% 2039,13399,SDL WB 7.67% 2039,767WB39
NSE_EQ,NSE_EQ|IN3420220201,SDL WB 7.67% 2041,13401,SDL WB 7.67% 2041,767WB41
NSE_EQ,NSE_EQ|IN3420230192,SDL WB 7.67% 2043,22507,SDL WB 7.67% 2043,767WB43
NSE_EQ,NSE_EQ|IN3420230200,SDL WB 7.67% 2044,22508,SDL WB 7.67% 2044,767WB44
NSE_EQ,NSE_EQ|INE033L07IL7,TCHF 7.685% 2028 E,28840,TCHF 7.685% 2028 E,7685TCHF28
NSE_EQ,NSE_EQ|IN1020230737,SDL AP 7.68% 2037,21870,SDL AP 7.68% 2037,768AP37
NSE_EQ,NSE_EQ|IN1120230017,SDL AR 7.68% 2033,20244,SDL AR 7.68% 2033,768AR33
NSE_EQ,NSE_EQ|IN1220230180,SDL AS 7.68% 2031,21496,SDL AS 7.68% 2031,768AS31
NSE_EQ,NSE_EQ|IN1220220066,SDL AS 7.68% 2032,10528,SDL AS 7.68% 2032,768AS32
NSE_EQ,NSE_EQ|IN1320220123,SDL BR 7.68% 2032,11985,SDL BR 7.68% 2032,768BR32
NSE_EQ,NSE_EQ|IN1320220198,SDL BR 7.68% 2033,14271,SDL BR 7.68% 2033,768BR33
NSE_EQ,NSE_EQ|IN3520230092,SDL CG 7.68% 2032,21499,SDL CG 7.68% 2032,768CG32
NSE_EQ,NSE_EQ|IN1520220238,SDL GJ 7.68% 2030,14156,SDL GJ 7.68% 2030,768GJ30
NSE_EQ,NSE_EQ|IN1520220287,SDL GJ 7.68% 2033,14548,SDL GJ 7.68% 2033,768GJ33
NSE_EQ,NSE_EQ|IN1620220278,SDL HR 7.68% 2031,12295,SDL HR 7.68% 2031,768HR31
NSE_EQ,NSE_EQ|IN1620220401,SDL HR 7.68% 2033,13968,SDL HR 7.68% 2033,768HR33
NSE_EQ,NSE_EQ|INE202E08144,IREDA 7.68% 2033 SR XV-C,20848,IREDA 7.68% 2033 SR XV-C,768IREDA33
NSE_EQ,NSE_EQ|IN3720230017,SDL JH 7.68% 2032,21851,SDL JH 7.68% 2032,768JH32
NSE_EQ,NSE_EQ|IN4920220063,SDL JK 7.68% 2037,12701,SDL JK 7.68% 2037,768JK37
NSE_EQ,NSE_EQ|IN4920230211,SDL JK 7.68% 2044,21288,SDL JK 7.68% 2044,768JK44
NSE_EQ,NSE_EQ|IN1920220010,SDL KA 7.68% 2031,11978,SDL KA 7.68% 2031,768KA31
NSE_EQ,NSE_EQ|IN1920220127,SDL KA 7.68% 2034,13254,SDL KA 7.68% 2034,768KA34
NSE_EQ,NSE_EQ|IN1920230159,SDL KA 7.68% 2037,20945,SDL KA 7.68% 2037,768KA37
NSE_EQ,NSE_EQ|IN1920230217,SDL KA 7.68% 2039,21513,SDL KA 7.68% 2039,768KA39
NSE_EQ,NSE_EQ|INE115A07QR5,LHFL 7.68% 2034 TR 441,23907,LHFL 7.68% 2034 TR 441,768LIC34
NSE_EQ,NSE_EQ|IN2120230114,SDL MP 7.68% 2034,19619,SDL MP 7.68% 2034,768MP34
NSE_EQ,NSE_EQ|IN2820220175,SDL PN 7.68% 2039,13398,SDL PN 7.68% 2039,768PN39
NSE_EQ,NSE_EQ|IN2820220092,SDL PN 7.68% 2042,11276,SDL PN 7.68% 2042,768PN42
NSE_EQ,NSE_EQ|INE556F08KQ2,SIDBI 7.68% 2027 SR I,24171,SIDBI 7.68% 2027 SR I,768SID27
NSE_EQ,NSE_EQ|INE556F08KO7,SIDBI 7.68% 2027 SR VIII,22668,SIDBI 7.68% 2027 SR VIII,768SIDB27
NSE_EQ,NSE_EQ|INE556F08KP4,SIDBI 7.68% 2027 SR IX,23252,SIDBI 7.68% 2027 SR IX,768SIDBI27
NSE_EQ,NSE_EQ|IN3120230278,SDL TN 7.68% 2030,19614,SDL TN 7.68% 2030,768TN30
NSE_EQ,NSE_EQ|IN3120230302,SDL TN 7.68% 2030,19745,SDL TN 7.68% 2030,768TN30A
NSE_EQ,NSE_EQ|IN3120230328,SDL TN 7.68% 2030,20335,SDL TN 7.68% 2030,768TN30B
NSE_EQ,NSE_EQ|IN4520230348,SDL TS 7.68% 2037,20225,SDL TS 7.68% 2037,768TS37
NSE_EQ,NSE_EQ|IN4520220356,SDL TS 7.68% 2042,13993,SDL TS 7.68% 2042,768TS42
NSE_EQ,NSE_EQ|IN3320220020,SDL UP 7.68% 2032,11289,SDL UP 7.68% 2032,768UP32
NSE_EQ,NSE_EQ|IN3320230102,SDL UP 7.68% 2034,19532,SDL UP 7.68% 2034,768UP34
NSE_EQ,NSE_EQ|IN3320230177,SDL UP 7.68% 2034,20220,SDL UP 7.68% 2034,768UP34A
NSE_EQ,NSE_EQ|IN3420220128,SDL WB 7.68% 2032,11291,SDL WB 7.68% 2032,768WB32
NSE_EQ,NSE_EQ|IN1020220639,SDL AP 7.69% 2035,13878,SDL AP 7.69% 2035,769AP35
NSE_EQ,NSE_EQ|IN1020230604,SDL AP 7.69% 2042,20190,SDL AP 7.69% 2042,769AP42
NSE_EQ,NSE_EQ|IN1020220712,SDL AP 7.69% 2043,14351,SDL AP 7.69% 2043,769AP43
NSE_EQ,NSE_EQ|IN1220220181,SDL AS 7.69% 2033,13959,SDL AS 7.69% 2033,769AS33
NSE_EQ,NSE_EQ|IN1320220073,SDL BR 7.69% 2032,11282,SDL BR 7.69% 2032,769BR32
NSE_EQ,NSE_EQ|IN1320230189,SDL BR 7.69% 2039,22504,SDL BR 7.69% 2039,769BR39
NSE_EQ,NSE_EQ|IN1420220049,SDL GA 7.69% 2032,11283,SDL GA 7.69% 2032,769GA32
NSE_EQ,NSE_EQ|IN1420220072,SDL GA 7.69% 2032,12301,SDL GA 7.69% 2032,769GA32A
NSE_EQ,NSE_EQ|IN1420230212,SDL GA 7.69% 2034,21865,SDL GA 7.69% 2034,769GA34
NSE_EQ,NSE_EQ|IN0020190040,GOI LOAN 7.69% 2043,9888,GOI LOAN 7.69% 2043,769GS2043
NSE_EQ,NSE_EQ|IN1620220096,SDL HR 7.69% 2027,9873,SDL HR 7.69% 2027,769HR27
NSE_EQ,NSE_EQ|INE031A07AT4,7.69% TAX FREETRII SR2B,19930,7.69% TAX FREETRII SR2B,769HUDCO31
NSE_EQ,NSE_EQ|INE219X07249,SEC RE NCD 7.69% SR.IV,3451,SEC RE NCD 7.69% SR.IV,769IGT28
NSE_EQ,NSE_EQ|IN1920230027,SDL KA 7.69% 2033,19615,SDL KA 7.69% 2033,769KA33
NSE_EQ,NSE_EQ|IN1920230092,SDL KA 7.69% 2033,20392,SDL KA 7.69% 2033,769KA33A
NSE_EQ,NSE_EQ|IN1920230225,SDL KA 7.69% 2040,21540,SDL KA 7.69% 2040,769KA40
NSE_EQ,NSE_EQ|IN2020220066,SDL KL 7.69% 2040,11292,SDL KL 7.69% 2040,769KL40
NSE_EQ,NSE_EQ|INE115A07QN4,LHFL 7.69% 2034 TR 437,22633,LHFL 7.69% 2034 TR 437,769LIC34
NSE_EQ,NSE_EQ|INE115A07RA9,LICH 7.69% 2026 SR 449,27750,LICH 7.69% 2026 SR 449,769LICH26
NSE_EQ,NSE_EQ|IN2220220213,SDL MH 7.69% 2031,14531,SDL MH 7.69% 2031,769MH31
NSE_EQ,NSE_EQ|IN2320220055,SDL MN 7.69% 2034,13252,SDL MN 7.69% 2034,769MN34
NSE_EQ,NSE_EQ|IN2120220099,SDL MP 7.69% 2043,14352,SDL MP 7.69% 2043,769MP43
NSE_EQ,NSE_EQ|IN2520220012,SDL MZ 7.69% 2031,9708,SDL MZ 7.69% 2031,769MZ31
NSE_EQ,NSE_EQ|IN2520220095,SDL MZ 7.69% 2037,13897,SDL MZ 7.69% 2037,769MZ37
NSE_EQ,NSE_EQ|INE906B07EP5,TAX FREE 7.69% SR. IIB,14529,TAX FREE 7.69% SR. IIB,769NHAI31
NSE_EQ,NSE_EQ|IN2820230240,SDL PN 7.69% 2036,22503,SDL PN 7.69% 2036,769PN36
NSE_EQ,NSE_EQ|IN2820220217,SDL PN 7.69% 2039,14381,SDL PN 7.69% 2039,769PN39
NSE_EQ,NSE_EQ|IN3820220025,SDL PY 7.69% 2037,13397,SDL PY 7.69% 2037,769PY37
NSE_EQ,NSE_EQ|IN2920220299,SDL RJ 7.69% 2039,14380,SDL RJ 7.69% 2039,769RJ39
NSE_EQ,NSE_EQ|INE692Q07563,TFSIL 7.6950% 2028 SRS52,756930,TFSIL 7.6950% 2028 SRS52,769TFSIL28
NSE_EQ,NSE_EQ|IN3120220246,SDL TN 7.69% 2037,13393,SDL TN 7.69% 2037,769TN37
NSE_EQ,NSE_EQ|IN3120220329,SDL TN 7.69% 2043,14349,SDL TN 7.69% 2043,769TN43
NSE_EQ,NSE_EQ|IN4520220448,SDL TS 7.69% 2032,14533,SDL TS 7.69% 2032,769TS32
NSE_EQ,NSE_EQ|IN3320220079,SDL UP 7.69% 2035,13891,SDL UP 7.69% 2035,769UP35
NSE_EQ,NSE_EQ|IN3320230094,SDL UP 7.69% 2035,19485,SDL UP 7.69% 2035,769UP35A
NSE_EQ,NSE_EQ|IN3420220243,SDL WB 7.69% 2039,14340,SDL WB 7.69% 2039,769WB39
NSE_EQ,NSE_EQ|IN3420220250,SDL WB 7.69% 2042,14347,SDL WB 7.69% 2042,769WB42
NSE_EQ,NSE_EQ|IN1020220514,SDL AP 7.6% 2028,11299,SDL AP 7.6% 2028,76AP28
NSE_EQ,NSE_EQ|IN1020230018,SDL AP 7.6% 2029,14954,SDL AP 7.6% 2029,76AP29
NSE_EQ,NSE_EQ|IN1020230489,SDL AP 7.6% 2034,19164,SDL AP 7.6% 2034,76AP34
NSE_EQ,NSE_EQ|IN1020230729,SDL AP 7.6% 2044,21543,SDL AP 7.6% 2044,76AP44
NSE_EQ,NSE_EQ|IN1520220162,SDL GJ 7.6% 2032,12667,SDL GJ 7.6% 2032,76GJ32
NSE_EQ,NSE_EQ|IN1520230245,SDL GJ 7.6% 2033,22493,SDL GJ 7.6% 2033,76GJ33
NSE_EQ,NSE_EQ|IN1520220220,SDL GJ 7.6% 2035,14107,SDL GJ 7.6% 2035,76GJ35
NSE_EQ,NSE_EQ|INE219X07207,SEC RE NCD 7.60% SR.II,3425,SEC RE NCD 7.60% SR.II,76IGT26
NSE_EQ,NSE_EQ|IN4920220105,SDL JK 7.6% 2035,14103,SDL JK 7.6% 2035,76JK35
NSE_EQ,NSE_EQ|IN4920230112,SDL JK 7.6% 2053,19623,SDL JK 7.6% 2053,76JK53
NSE_EQ,NSE_EQ|IN4920230146,SDL JK 7.6% 2053,20197,SDL JK 7.6% 2053,76JK53A
NSE_EQ,NSE_EQ|IN1920220119,SDL KA 7.6% 2032,13245,SDL KA 7.6% 2032,76KA32
NSE_EQ,NSE_EQ|IN1920220135,SDL KA 7.6% 2032,13374,SDL KA 7.6% 2032,76KA32A
NSE_EQ,NSE_EQ|IN1920220168,SDL KA 7.6% 2033,13601,SDL KA 7.6% 2033,76KA33
NSE_EQ,NSE_EQ|IN1920230134,SDL KA 7.6% 2038,20740,SDL KA 7.6% 2038,76KA38
NSE_EQ,NSE_EQ|IN2020220140,SDL KL 7.6% 2045,13911,SDL KL 7.6% 2045,76KL45
NSE_EQ,NSE_EQ|IN2220200025,SDL MH 7.6% 2030,21934,SDL MH 7.6% 2030,76MH30
NSE_EQ,NSE_EQ|INE906B07EJ8,TAX FREE7.60% SR.IIB,12003,TAX FREE7.60% SR.IIB,76NHAI31
NSE_EQ,NSE_EQ|IN3120230401,SDL TN 7.6% 2031,22492,SDL TN 7.6% 2031,76TN31
NSE_EQ,NSE_EQ|IN3120220139,SDL TN 7.6% 2032,10720,SDL TN 7.6% 2032,76TN32
NSE_EQ,NSE_EQ|IN4520230389,SDL TS 7.6% 2043,21542,SDL TS 7.6% 2043,76TS43
NSE_EQ,NSE_EQ|IN4520230397,SDL TS 7.6% 2047,21547,SDL TS 7.6% 2047,76TS47
NSE_EQ,NSE_EQ|IN2220220064,SDL MH 7.70% 2032,9722,SDL MH 7.70% 2032,770MH32
NSE_EQ,NSE_EQ|INE261F08EI9,NABARD 7.70% 2027 SR 25A,23797,NABARD 7.70% 2027 SR 25A,770NABAR27
NSE_EQ,NSE_EQ|INE020B08FC8,REC 7.70% 2026 SR 234-A,23896,REC 7.70% 2026 SR 234-A,770RECL26
NSE_EQ,NSE_EQ|INE667F07IZ4,SHFL 7.70% 2027 SR 348,756171,SHFL 7.70% 2027 SR 348,770SHFL27
NSE_EQ,NSE_EQ|INE667F07IX9,SHFL 7.70% 2029 SR 345,27158,SHFL 7.70% 2029 SR 345,770SHFL29
NSE_EQ,NSE_EQ|INE660A07RV0,SUNF 7.70% 2028 SR Y5,29169,SUNF 7.70% 2028 SR Y5,770SUNF28
NSE_EQ,NSE_EQ|INE607M08113,TPREL 7.70% 2034,28797,TPREL 7.70% 2034,770TPREL34
NSE_EQ,NSE_EQ|INE033L07IK9,TCHFL 7.712% 2028 SR D,25840,TCHFL 7.712% 2028 SR D,7712TCHF28
NSE_EQ,NSE_EQ|IN1020230653,SDL AP 7.71% 2031,20472,SDL AP 7.71% 2031,771AP31
NSE_EQ,NSE_EQ|IN1020220134,SDL AP 7.71% 2032,9711,SDL AP 7.71% 2032,771AP32
NSE_EQ,NSE_EQ|IN1020220670,SDL AP 7.71% 2033,14270,SDL AP 7.71% 2033,771AP33
NSE_EQ,NSE_EQ|IN1020230034,SDL AP 7.71% 2033,14959,SDL AP 7.71% 2033,771AP33A
NSE_EQ,NSE_EQ|IN1020220522,SDL AP 7.71% 2034,11281,SDL AP 7.71% 2034,771AP34
NSE_EQ,NSE_EQ|IN1020220654,SDL AP 7.71% 2036,13972,SDL AP 7.71% 2036,771AP36
NSE_EQ,NSE_EQ|IN1020220449,SDL AP 7.71% 2037,10848,SDL AP 7.71% 2037,771AP37
NSE_EQ,NSE_EQ|IN1020230646,SDL AP 7.71% 2037,20398,SDL AP 7.71% 2037,771AP37A
NSE_EQ,NSE_EQ|IN1020220456,SDL AP 7.71% 2039,10847,SDL AP 7.71% 2039,771AP39
NSE_EQ,NSE_EQ|IN1020220464,SDL AP 7.71% 2042,10846,SDL AP 7.71% 2042,771AP42
NSE_EQ,NSE_EQ|IN1220220207,SDL AS 7.71% 2033,14160,SDL AS 7.71% 2033,771AS33
NSE_EQ,NSE_EQ|IN1320220214,SDL BR 7.71% 2033,14431,SDL BR 7.71% 2033,771BR33
NSE_EQ,NSE_EQ|IN1520220253,SDL GJ 7.71% 2033,14374,SDL GJ 7.71% 2033,771GJ33
NSE_EQ,NSE_EQ|IN1520220279,SDL GJ 7.71% 2034,14432,SDL GJ 7.71% 2034,771GJ34
NSE_EQ,NSE_EQ|INE040A08AJ4,HDFC BANK 7.71% 2033 SR1,20753,HDFC BANK 7.71% 2033 SR1,771HDFCB33
NSE_EQ,NSE_EQ|IN1620230293,SDL HR 7.71% 2033,20344,SDL HR 7.71% 2033,771HR33
NSE_EQ,NSE_EQ|IN1620230327,SDL HR 7.71% 2033,20475,SDL HR 7.71% 2033,771HR33A
NSE_EQ,NSE_EQ|IN4920230195,SDL JK 7.71% 2048,20746,SDL JK 7.71% 2048,771JK48
NSE_EQ,NSE_EQ|IN1920230126,SDL KA 7.71% 2036,20478,SDL KA 7.71% 2036,771KA36
NSE_EQ,NSE_EQ|IN1920230209,SDL KA 7.71% 2038,21283,SDL KA 7.71% 2038,771KA38
NSE_EQ,NSE_EQ|IN2020220058,SDL KL 7.71% 2042,10845,SDL KL 7.71% 2042,771KL42
NSE_EQ,NSE_EQ|IN2020230172,SDL KL 7.71% 2043,20364,SDL KL 7.71% 2043,771KL43
NSE_EQ,NSE_EQ|IN2220230139,SDL MH 7.71% 2033,19911,SDL MH 7.71% 2033,771MH33
NSE_EQ,NSE_EQ|IN2320220048,SDL MN 7.71% 2032,11286,SDL MN 7.71% 2032,771MN32
NSE_EQ,NSE_EQ|IN2120230155,SDL MP 7.71% 2040,21879,SDL MP 7.71% 2040,771MP40
NSE_EQ,NSE_EQ|INE246R07798,NIIF 7.71% 2035 SR PP 1,755871,NIIF 7.71% 2035 SR PP 1,771NIIF35
NSE_EQ,NSE_EQ|INE020B08EW9,REC 7.71% 2027 SR 230-A,21470,REC 7.71% 2027 SR 230-A,771REC27
NSE_EQ,NSE_EQ|IN2920230249,SDL RJ 7.71% 2033,19617,SDL RJ 7.71% 2033,771RJ33
NSE_EQ,NSE_EQ|IN3620230042,SDL UK 7.71% 2033,19482,SDL UK 7.71% 2033,771UK33
NSE_EQ,NSE_EQ|IN3320230128,SDL UP 7.71% 2033,19748,SDL UP 7.71% 2033,771UP33
NSE_EQ,NSE_EQ|IN3420220235,SDL WB 7.71% 2039,13991,SDL WB 7.71% 2039,771WB39
NSE_EQ,NSE_EQ|IN3420230135,SDL WB 7.71% 2041,20362,SDL WB 7.71% 2041,771WB41
NSE_EQ,NSE_EQ|IN3420230143,SDL WB 7.71% 2043,20363,SDL WB 7.71% 2043,771WB43
NSE_EQ,NSE_EQ|IN1020220373,SDL AP 7.72% 2034,10527,SDL AP 7.72% 2034,772AP34
NSE_EQ,NSE_EQ|IN1020220423,SDL AP 7.72% 2035,10718,SDL AP 7.72% 2035,772AP35
NSE_EQ,NSE_EQ|IN1020230539,SDL AP 7.72% 2036,19620,SDL AP 7.72% 2036,772AP36
NSE_EQ,NSE_EQ|IN1020230596,SDL AP 7.72% 2038,20183,SDL AP 7.72% 2038,772AP38
NSE_EQ,NSE_EQ|IN1020230570,SDL AP 7.72% 2041,19729,SDL AP 7.72% 2041,772AP41
NSE_EQ,NSE_EQ|IN1220220223,SDL AS 7.72% 2033,14539,SDL AS 7.72% 2033,772AS33
NSE_EQ,NSE_EQ|IN1320220180,SDL BR 7.72% 2033,14161,SDL BR 7.72% 2033,772BR33
NSE_EQ,NSE_EQ|IN1320220206,SDL BR 7.72% 2033,14375,SDL BR 7.72% 2033,772BR33A
NSE_EQ,NSE_EQ|IN1520220311,SDL GJ 7.72% 2034,14643,SDL GJ 7.72% 2034,772GJ34
NSE_EQ,NSE_EQ|IN1520220295,SDL GJ 7.72% 2035,14553,SDL GJ 7.72% 2035,772GJ35
NSE_EQ,NSE_EQ|IN0020190032,GOI LOAN 7.72% 2049,9604,GOI LOAN 7.72% 2049,772GS2049
NSE_EQ,NSE_EQ|IN0020150077,GOI LOAN 7.72% 2055,7136,GOI LOAN 7.72% 2055,772GS2055
NSE_EQ,NSE_EQ|IN1720220202,SDL HP 7.72% 2031,14637,SDL HP 7.72% 2031,772HP31
NSE_EQ,NSE_EQ|IN1620220468,SDL HR 7.72% 2032,14638,SDL HR 7.72% 2032,772HR32
NSE_EQ,NSE_EQ|IN1620230319,SDL HR 7.72% 2033,20393,SDL HR 7.72% 2033,772HR33
NSE_EQ,NSE_EQ|IN1620230277,SDL HR 7.72% 2035,19901,SDL HR 7.72% 2035,772HR35
NSE_EQ,NSE_EQ|INE219X07272,SEC RE NCD 7.72% SR.VI,3470,SEC RE NCD 7.72% SR.VI,772IGT31
NSE_EQ,NSE_EQ|IN4920220022,SDL JK 7.72% 2032,9717,SDL JK 7.72% 2032,772JK32
NSE_EQ,NSE_EQ|IN4920230203,SDL JK 7.72% 2043,20947,SDL JK 7.72% 2043,772JK43
NSE_EQ,NSE_EQ|IN1920230100,SDL KA 7.72% 2035,20396,SDL KA 7.72% 2035,772KA35
NSE_EQ,NSE_EQ|IN1920230118,SDL KA 7.72% 2035,20477,SDL KA 7.72% 2035,772KA35A
NSE_EQ,NSE_EQ|IN1920230191,SDL KA 7.72% 2037,21281,SDL KA 7.72% 2037,772KA37
NSE_EQ,NSE_EQ|IN2220220171,SDL MH 7.72% 2031,14367,SDL MH 7.72% 2031,772MH31
NSE_EQ,NSE_EQ|IN2220220239,SDL MH 7.72% 2032,14639,SDL MH 7.72% 2032,772MH32
NSE_EQ,NSE_EQ|IN2220220072,SDL MH 7.72% 2034,9724,SDL MH 7.72% 2034,772MH34
NSE_EQ,NSE_EQ|IN2220230170,SDL MH 7.72% 2035,21271,SDL MH 7.72% 2035,772MH35
NSE_EQ,NSE_EQ|IN2420230046,SDL ML 7.72% 2031,19517,SDL ML 7.72% 2031,772ML31
NSE_EQ,NSE_EQ|IN2320220014,SDL MN 7.72% 2032,9718,SDL MN 7.72% 2032,772MN32
NSE_EQ,NSE_EQ|IN2120220057,SDL MP 7.72% 2038,13977,SDL MP 7.72% 2038,772MP38
NSE_EQ,NSE_EQ|IN2520230060,SDL MZ 7.72% 2038,19539,SDL MZ 7.72% 2038,772MZ38
NSE_EQ,NSE_EQ|IN2920230298,SDL RJ 7.72% 2033,19912,SDL RJ 7.72% 2033,772RJ33
NSE_EQ,NSE_EQ|IN2920220026,SDL RJ 7.72% 2035,9725,SDL RJ 7.72% 2035,772RJ35
NSE_EQ,NSE_EQ|INE812V08052,THDC 7.72% 2034 SR XI,25078,THDC 7.72% 2034 SR XI,772TIL34
NSE_EQ,NSE_EQ|IN3120230286,SDL TN 7.72% 2033,19618,SDL TN 7.72% 2033,772TN33
NSE_EQ,NSE_EQ|IN3120230369,SDL TN 7.72% 2034,21269,SDL TN 7.72% 2034,772TN34
NSE_EQ,NSE_EQ|IN4520230298,SDL TS 7.72% 2035,19609,SDL TS 7.72% 2035,772TS35
NSE_EQ,NSE_EQ|IN4520230322,SDL TS 7.72% 2036,19902,SDL TS 7.72% 2036,772TS36
NSE_EQ,NSE_EQ|IN4520220430,SDL TS 7.72% 2046,14452,SDL TS 7.72% 2046,772TS46
NSE_EQ,NSE_EQ|IN3320230144,SDL UP 7.72% 2034,19900,SDL UP 7.72% 2034,772UP34
NSE_EQ,NSE_EQ|IN3320220087,SDL UP 7.72% 2036,13973,SDL UP 7.72% 2036,772UP36
NSE_EQ,NSE_EQ|IN3420230150,SDL WB 7.72% 2037,20399,SDL WB 7.72% 2037,772WB37
NSE_EQ,NSE_EQ|IN3420220136,SDL WB 7.72% 2038,11295,SDL WB 7.72% 2038,772WB38
NSE_EQ,NSE_EQ|IN1020220746,SDL AP 7.73% 2032,14640,SDL AP 7.73% 2032,773AP32
NSE_EQ,NSE_EQ|IN1020230638,SDL AP 7.73% 2032,20391,SDL AP 7.73% 2032,773AP32A
NSE_EQ,NSE_EQ|IN1320220099,SDL BR 7.73% 2032,11598,SDL BR 7.73% 2032,773BR32
NSE_EQ,NSE_EQ|IN1320220222,SDL BR 7.73% 2033,14534,SDL BR 7.73% 2033,773BR33
NSE_EQ,NSE_EQ|IN1320230114,SDL BR 7.73% 2038,19904,SDL BR 7.73% 2038,773BR38
NSE_EQ,NSE_EQ|IN1320230155,SDL BR 7.73% 2039,21167,SDL BR 7.73% 2039,773BR39
NSE_EQ,NSE_EQ|IN1320230163,SDL BR 7.73% 2039,21539,SDL BR 7.73% 2039,773BR39A
NSE_EQ,NSE_EQ|IN3520230076,SDL CG 7.73% 2031,19746,SDL CG 7.73% 2031,773CG31
NSE_EQ,NSE_EQ|IN1420230147,SDL GA 7.73% 2033,19717,SDL GA 7.73% 2033,773GA33
NSE_EQ,NSE_EQ|IN1520200016,SDL GJ 7.73% 2029,21049,SDL GJ 7.73% 2029,773GJ29
NSE_EQ,NSE_EQ|IN1520220089,SDL GJ 7.73% 2032,10648,SDL GJ 7.73% 2032,773GJ32
NSE_EQ,NSE_EQ|IN1520220329,SDL GJ 7.73% 2036,14652,SDL GJ 7.73% 2036,773GJ36
NSE_EQ,NSE_EQ|IN0020150051,GOI LOAN 7.73% 2034,7127,GOI LOAN 7.73% 2034,773GS2034
NSE_EQ,NSE_EQ|IN1620220435,SDL HR 7.73% 2032,14369,SDL HR 7.73% 2032,773HR32
NSE_EQ,NSE_EQ|IN1620220054,SDL HR 7.73% 2033,9441,SDL HR 7.73% 2033,773HR33
NSE_EQ,NSE_EQ|IN1920230084,SDL KA 7.73% 2034,20350,SDL KA 7.73% 2034,773KA34
NSE_EQ,NSE_EQ|IN1920230043,SDL KA 7.73% 2035,19721,SDL KA 7.73% 2035,773KA35
NSE_EQ,NSE_EQ|IN1920230175,SDL KA 7.73% 2035,21163,SDL KA 7.73% 2035,773KA35A
NSE_EQ,NSE_EQ|IN1920230050,SDL KA 7.73% 2036,19723,SDL KA 7.73% 2036,773KA36
NSE_EQ,NSE_EQ|IN1920230233,SDL KA 7.73% 2041,21818,SDL KA 7.73% 2041,773KA41
NSE_EQ,NSE_EQ|INE115A07QP9,LHFL 7.73% 2034 TR 439,23248,LHFL 7.73% 2034 TR 439,773LIC34
NSE_EQ,NSE_EQ|INE115A07RE1,LICH 7.73% 2027 TR 453,30149,LICH 7.73% 2027 TR 453,773LICH27
NSE_EQ,NSE_EQ|IN2220220254,SDL MH 7.73% 2032,14819,SDL MH 7.73% 2032,773MH32
NSE_EQ,NSE_EQ|IN2220220247,SDL MH 7.73% 2034,14645,SDL MH 7.73% 2034,773MH34
NSE_EQ,NSE_EQ|IN2220230188,SDL MH 7.73% 2036,21273,SDL MH 7.73% 2036,773MH36
NSE_EQ,NSE_EQ|IN2320230070,SDL MN 7.73% 2035,19611,SDL MN 7.73% 2035,773MN35
NSE_EQ,NSE_EQ|IN2520230086,SDL MZ 7.73% 2039,21872,SDL MZ 7.73% 2039,773MZ39
NSE_EQ,NSE_EQ|IN2920230256,SDL RJ 7.73% 2033,19716,SDL RJ 7.73% 2033,773RJ33
NSE_EQ,NSE_EQ|IN2920220265,SDL RJ 7.73% 2038,13979,SDL RJ 7.73% 2038,773RJ38
NSE_EQ,NSE_EQ|INE033L07IM5,TCHFL 7.73% 2030 SR F,29103,TCHFL 7.73% 2030 SR F,773TCHFL30
NSE_EQ,NSE_EQ|INE812V08060,THDC 7.73% 2035 SR XII,29676,THDC 7.73% 2035 SR XII,773TIL35
NSE_EQ,NSE_EQ|IN4520220422,SDL TS 7.73% 2034,14436,SDL TS 7.73% 2034,773TS34
NSE_EQ,NSE_EQ|IN4520230330,SDL TS 7.73% 2040,20189,SDL TS 7.73% 2040,773TS40
NSE_EQ,NSE_EQ|IN3320220145,SDL UP 7.73% 2033,14538,SDL UP 7.73% 2033,773UP33
NSE_EQ,NSE_EQ|IN3320230136,SDL UP 7.73% 2033,19891,SDL UP 7.73% 2033,773UP33A
NSE_EQ,NSE_EQ|IN3320230151,SDL UP 7.73% 2034,20179,SDL UP 7.73% 2034,773UP34
NSE_EQ,NSE_EQ|IN3320230169,SDL UP 7.73% 2035,20180,SDL UP 7.73% 2035,773UP35
NSE_EQ,NSE_EQ|IN3420220011,SDL WB 7.73% 2032,9719,SDL WB 7.73% 2032,773WB32
NSE_EQ,NSE_EQ|IN1020220399,SDL AP 7.74% 2031,10647,SDL AP 7.74% 2031,774AP31
NSE_EQ,NSE_EQ|IN1020220688,SDL AP 7.74% 2032,14373,SDL AP 7.74% 2032,774AP32
NSE_EQ,NSE_EQ|IN1020230679,SDL AP 7.74% 2032,21153,SDL AP 7.74% 2032,774AP32A
NSE_EQ,NSE_EQ|IN1020230554,SDL AP 7.74% 2036,19724,SDL AP 7.74% 2036,774AP36
NSE_EQ,NSE_EQ|IN1020230687,SDL AP 7.74% 2036,21164,SDL AP 7.74% 2036,774AP36A
NSE_EQ,NSE_EQ|IN1020220431,SDL AP 7.74% 2038,10719,SDL AP 7.74% 2038,774AP38
NSE_EQ,NSE_EQ|IN1020220548,SDL AP 7.74% 2042,11417,SDL AP 7.74% 2042,774AP42
NSE_EQ,NSE_EQ|IN1220230131,SDL AS 7.74% 2033,19892,SDL AS 7.74% 2033,774AS33
NSE_EQ,NSE_EQ|IN1220230149,SDL AS 7.74% 2033,20476,SDL AS 7.74% 2033,774AS33A
NSE_EQ,NSE_EQ|IN1320230130,SDL BR 7.74% 2038,20401,SDL BR 7.74% 2038,774BR38
NSE_EQ,NSE_EQ|IN1320230171,SDL BR 7.74% 2039,21877,SDL BR 7.74% 2039,774BR39
NSE_EQ,NSE_EQ|IN3520230084,SDL CG 7.74% 2031,20342,SDL CG 7.74% 2031,774CG31
NSE_EQ,NSE_EQ|IN1420220056,SDL GA 7.74% 2032,11597,SDL GA 7.74% 2032,774GA32
NSE_EQ,NSE_EQ|IN1720230078,SDL HP 7.74% 2038,20184,SDL HP 7.74% 2038,774HP38
NSE_EQ,NSE_EQ|IN1620220245,SDL HR 7.74% 2029,11676,SDL HR 7.74% 2029,774HR29
NSE_EQ,NSE_EQ|IN1620220476,SDL HR 7.74% 2031,14814,SDL HR 7.74% 2031,774HR31
NSE_EQ,NSE_EQ|IN1620220062,SDL HR 7.74% 2035,9444,SDL HR 7.74% 2035,774HR35
NSE_EQ,NSE_EQ|INE202E07229,7.74% TAX FREE NCD,20030,7.74% TAX FREE NCD,774IREDA31
NSE_EQ,NSE_EQ|INE202E08292,IREDA 7.74% 2035 SD-III,30479,IREDA 7.74% 2035 SD-III,774IREDA35
NSE_EQ,NSE_EQ|IN4920230161,SDL JK 7.74% 2043,20365,SDL JK 7.74% 2043,774JK43
NSE_EQ,NSE_EQ|IN1920230167,SDL KA 7.74% 2034,21155,SDL KA 7.74% 2034,774KA34
NSE_EQ,NSE_EQ|IN1920230183,SDL KA 7.74% 2036,21274,SDL KA 7.74% 2036,774KA36
NSE_EQ,NSE_EQ|IN1920220036,SDL KA 7.74% 2037,12311,SDL KA 7.74% 2037,774KA37
NSE_EQ,NSE_EQ|INE115A07QW5,LIC 7.74% 2028 TR 445,25047,LIC 7.74% 2028 TR 445,774LIC28
NSE_EQ,NSE_EQ|INE115A07QZ8,LICH 7.74% 2027 SR 448,27280,LICH 7.74% 2027 SR 448,774LICH27
NSE_EQ,NSE_EQ|IN2220220189,SDL MH 7.74% 2033,14378,SDL MH 7.74% 2033,774MH33
NSE_EQ,NSE_EQ|IN2120220131,SDL MP 7.74% 2043,14656,SDL MP 7.74% 2043,774MP43
NSE_EQ,NSE_EQ|IN2520220046,SDL MZ 7.74% 2033,10540,SDL MZ 7.74% 2033,774MZ33
NSE_EQ,NSE_EQ|IN2520220111,SDL MZ 7.74% 2038,14558,SDL MZ 7.74% 2038,774MZ38
NSE_EQ,NSE_EQ|IN2820220225,SDL PN 7.74% 2039,14653,SDL PN 7.74% 2039,774PN39
NSE_EQ,NSE_EQ|INE608A08058,PSB 7.74% 2034 SR 1,28550,PSB 7.74% 2034 SR 1,774PSB34
NSE_EQ,NSE_EQ|IN2920230322,SDL RJ 7.74% 2033,20347,SDL RJ 7.74% 2033,774RJ33
NSE_EQ,NSE_EQ|IN2920230355,SDL RJ 7.74% 2033,20394,SDL RJ 7.74% 2033,774RJ33A
NSE_EQ,NSE_EQ|IN2920230371,SDL RJ 7.74% 2034,21156,SDL RJ 7.74% 2034,774RJ34
NSE_EQ,NSE_EQ|IN2920230264,SDL RJ 7.74% 2039,19728,SDL RJ 7.74% 2039,774RJ39
NSE_EQ,NSE_EQ|IN2920220323,SDL RJ 7.74% 2040,14654,SDL RJ 7.74% 2040,774RJ40
NSE_EQ,NSE_EQ|IN2920220182,SDL RJ 7.74% 2042,11418,SDL RJ 7.74% 2042,774RJ42
NSE_EQ,NSE_EQ|IN2920220331,SDL RJ 7.74% 2049,14663,SDL RJ 7.74% 2049,774RJ49
NSE_EQ,NSE_EQ|IN4520230355,SDL TS 7.74% 2035,20352,SDL TS 7.74% 2035,774TS35
NSE_EQ,NSE_EQ|IN4520220125,SDL TS 7.74% 2045,10783,SDL TS 7.74% 2045,774TS45
NSE_EQ,NSE_EQ|IN4520220133,SDL TS 7.74% 2046,10784,SDL TS 7.74% 2046,774TS46
NSE_EQ,NSE_EQ|IN4520220463,SDL TS 7.74% 2048,14660,SDL TS 7.74% 2048,774TS48
NSE_EQ,NSE_EQ|IN3620220050,SDL UK 7.74% 2033,14376,SDL UK 7.74% 2033,774UK33
NSE_EQ,NSE_EQ|IN3320220152,SDL UP 7.74% 2037,14554,SDL UP 7.74% 2037,774UP37
NSE_EQ,NSE_EQ|IN3420220144,SDL WB 7.74% 2039,11607,SDL WB 7.74% 2039,774WB39
NSE_EQ,NSE_EQ|IN3420220284,SDL WB 7.74% 2041,14655,SDL WB 7.74% 2041,774WB41
NSE_EQ,NSE_EQ|IN3420220292,SDL WB 7.74% 2043,14658,SDL WB 7.74% 2043,774WB43
NSE_EQ,NSE_EQ|IN1020220563,SDL AP 7.75% 2029,11760,SDL AP 7.75% 2029,775AP29
NSE_EQ,NSE_EQ|IN3520220010,SDL CG 7.75% 2031,14816,SDL CG 7.75% 2031,775CG31
NSE_EQ,NSE_EQ|INE0Z8Z07016,CIT 7.75% 2038,29551,CIT 7.75% 2038,775CIT38
NSE_EQ,NSE_EQ|IN1420230188,SDL GA 7.75% 2033,20348,SDL GA 7.75% 2033,775GA33
NSE_EQ,NSE_EQ|IN1520220105,SDL GJ 7.75% 2032,11400,SDL GJ 7.75% 2032,775GJ32
NSE_EQ,NSE_EQ|IN1720220228,SDL HP 7.75% 2032,14818,SDL HP 7.75% 2032,775HP32
NSE_EQ,NSE_EQ|IN1620230269,SDL HR 7.75% 2035,19722,SDL HR 7.75% 2035,775HR35
NSE_EQ,NSE_EQ|IN1620230301,SDL HR 7.75% 2035,20353,SDL HR 7.75% 2035,775HR35A
NSE_EQ,NSE_EQ|INE115A07QU9,LICH 7.75% 2029 SR 444,24942,LICH 7.75% 2029 SR 444,775LICH29
NSE_EQ,NSE_EQ|INE498L07103,LFL 7.75% 2027 SR G,27803,LFL 7.75% 2027 SR G,775LTFL27
NSE_EQ,NSE_EQ|IN2620220086,SDL NL 7.75% 2033,14821,SDL NL 7.75% 2033,775NL33
NSE_EQ,NSE_EQ|INE134E08NQ5,PFCL 7.75% 2026 SR 248A,30142,PFCL 7.75% 2026 SR 248A,775PFCL26A
NSE_EQ,NSE_EQ|IN2820230174,SDL PN 7.75% 2036,19486,SDL PN 7.75% 2036,775PN36
NSE_EQ,NSE_EQ|IN2820220076,SDL PN 7.75% 2042,10782,SDL PN 7.75% 2042,775PN42
NSE_EQ,NSE_EQ|IN2920230330,SDL RJ 7.75% 2035,20354,SDL RJ 7.75% 2035,775RJ35
NSE_EQ,NSE_EQ|IN2920230306,SDL RJ 7.75% 2036,19903,SDL RJ 7.75% 2036,775RJ36
NSE_EQ,NSE_EQ|INE660A07RU2,SFL 7.75% 2026 SR Y4,27928,SFL 7.75% 2026 SR Y4,775SFL26
NSE_EQ,NSE_EQ|INE556F08KN9,SIDBI 7.75% 2027 SR VII,21741,SIDBI 7.75% 2027 SR VII,775SIDBI27
NSE_EQ,NSE_EQ|IN3020220064,SDL SK 7.75% 2033,14822,SDL SK 7.75% 2033,775SK33
NSE_EQ,NSE_EQ|IN3020230030,SDL SK 7.75% 2033,19483,SDL SK 7.75% 2033,775SK33A
NSE_EQ,NSE_EQ|IN3120200016,SDL TN 7.75% 2030,22104,SDL TN 7.75% 2030,775TN30
NSE_EQ,NSE_EQ|IN3120220113,SDL TN 7.75% 2032,10651,SDL TN 7.75% 2032,775TN32
NSE_EQ,NSE_EQ|IN4520230306,SDL TS 7.75% 2037,19725,SDL TS 7.75% 2037,775TS37
NSE_EQ,NSE_EQ|IN3320230193,SDL UP 7.75% 2033,20349,SDL UP 7.75% 2033,775UP33
NSE_EQ,NSE_EQ|IN3320230201,SDL UP 7.75% 2034,20351,SDL UP 7.75% 2034,775UP34
NSE_EQ,NSE_EQ|IN3320220129,SDL UP 7.75% 2035,14441,SDL UP 7.75% 2035,775UP35
NSE_EQ,NSE_EQ|IN3320220137,SDL UP 7.75% 2038,14442,SDL UP 7.75% 2038,775UP38
NSE_EQ,NSE_EQ|IN3420220268,SDL WB 7.75% 2039,14446,SDL WB 7.75% 2039,775WB39
NSE_EQ,NSE_EQ|IN1020220076,SDL AP 7.76% 2032,9438,SDL AP 7.76% 2032,776AP32
NSE_EQ,NSE_EQ|IN1020230562,SDL AP 7.76% 2037,19726,SDL AP 7.76% 2037,776AP37
NSE_EQ,NSE_EQ|INE171A08057,FEDB 7.76% 2034 SR 1,27094,FEDB 7.76% 2034 SR 1,776FEDB34
NSE_EQ,NSE_EQ|IN1720220012,SDL HP 7.76% 2030,10235,SDL HP 7.76% 2030,776HP30
NSE_EQ,NSE_EQ|IN1720220210,SDL HP 7.76% 2033,14641,SDL HP 7.76% 2033,776HP33
NSE_EQ,NSE_EQ|IN1620220260,SDL HR 7.76% 2030,11867,SDL HR 7.76% 2030,776HR30
NSE_EQ,NSE_EQ|IN2020230206,SDL KL 7.76% 2035,21272,SDL KL 7.76% 2035,776KL35
NSE_EQ,NSE_EQ|IN2020220033,SDL KL 7.76% 2038,10773,SDL KL 7.76% 2038,776KL38
NSE_EQ,NSE_EQ|IN2020220199,SDL KL 7.76% 2051,14855,SDL KL 7.76% 2051,776KL51
NSE_EQ,NSE_EQ|IN2020220207,SDL KL 7.76% 2058,14861,SDL KL 7.76% 2058,776KL58
NSE_EQ,NSE_EQ|IN2220220122,SDL MH 7.76% 2030,11390,SDL MH 7.76% 2030,776MH30
NSE_EQ,NSE_EQ|IN2320220089,SDL MN 7.76% 2035,14379,SDL MN 7.76% 2035,776MN35
NSE_EQ,NSE_EQ|IN2120230122,SDL MP 7.76% 2037,19727,SDL MP 7.76% 2037,776MP37
NSE_EQ,NSE_EQ|IN2120230130,SDL MP 7.76% 2037,20357,SDL MP 7.76% 2037,776MP37A
NSE_EQ,NSE_EQ|IN2820220027,SDL PN 7.76% 2037,9449,SDL PN 7.76% 2037,776PN37
NSE_EQ,NSE_EQ|INE812V08045,THDC 7.76% 2034 SR X,23892,THDC 7.76% 2034 SR X,776TIL34
NSE_EQ,NSE_EQ|IN3120220386,SDL TN 7.76% 2053,14860,SDL TN 7.76% 2053,776TN53
NSE_EQ,NSE_EQ|IN3620220068,SDL UK 7.76% 2033,14820,SDL UK 7.76% 2033,776UK33
NSE_EQ,NSE_EQ|IN1020230612,SDL AP 7.77% 2035,20355,SDL AP 7.77% 2035,777AP35
NSE_EQ,NSE_EQ|IN1020220704,SDL AP 7.77% 2040,14341,SDL AP 7.77% 2040,777AP40
NSE_EQ,NSE_EQ|IN1520220014,SDL GJ 7.77% 2031,9771,SDL GJ 7.77% 2031,777GJ31
NSE_EQ,NSE_EQ|IN1520220063,SDL GJ 7.77% 2032,10459,SDL GJ 7.77% 2032,777GJ32
NSE_EQ,NSE_EQ|IN1620220179,SDL HR 7.77% 2032,10652,SDL HR 7.77% 2032,777HR32
NSE_EQ,NSE_EQ|IN1620220484,SDL HR 7.77% 2033,14825,SDL HR 7.77% 2033,777HR33
NSE_EQ,NSE_EQ|IN1620230343,SDL HR 7.77% 2036,21276,SDL HR 7.77% 2036,777HR36
NSE_EQ,NSE_EQ|INE202E08151,IREDA 7.77% 2027 SR XV D,21308,IREDA 7.77% 2027 SR XV D,777IREDA27
NSE_EQ,NSE_EQ|IN4920220113,SDL JK 7.77% 2035,14437,SDL JK 7.77% 2035,777JK35
NSE_EQ,NSE_EQ|IN4920220055,SDL JK 7.77% 2037,11604,SDL JK 7.77% 2037,777JK37
NSE_EQ,NSE_EQ|IN2320230088,SDL MN 7.77% 2038,20361,SDL MN 7.77% 2038,777MN38
NSE_EQ,NSE_EQ|IN2120220107,SDL MP 7.77% 2043,14451,SDL MP 7.77% 2043,777MP43
NSE_EQ,NSE_EQ|IN2120220149,SDL MP 7.77% 2047,14850,SDL MP 7.77% 2047,777MP47
NSE_EQ,NSE_EQ|IN2820230182,SDL PN 7.77% 2033,19720,SDL PN 7.77% 2033,777PN33
NSE_EQ,NSE_EQ|IN2820230216,SDL PN 7.77% 2036,20397,SDL PN 7.77% 2036,777PN36
NSE_EQ,NSE_EQ|IN2920220141,SDL RJ 7.77% 2032,10638,SDL RJ 7.77% 2032,777RJ32
NSE_EQ,NSE_EQ|IN2920220315,SDL RJ 7.77% 2033,14642,SDL RJ 7.77% 2033,777RJ33
NSE_EQ,NSE_EQ|INE951F08077,ABSL 7.78% 2035,757453,ABSL 7.78% 2035,778ABSL35
NSE_EQ,NSE_EQ|INE0AD507127,AIFL 7.78% 2030 SR A1,757639,AIFL 7.78% 2030 SR A1,778AIFL30
NSE_EQ,NSE_EQ|IN1020220084,SDL AP 7.78% 2041,9450,SDL AP 7.78% 2041,778AP41
NSE_EQ,NSE_EQ|IN1020220092,SDL AP 7.78% 2042,9451,SDL AP 7.78% 2042,778AP42
NSE_EQ,NSE_EQ|IN1220230172,SDL AS 7.78% 2034,21270,SDL AS 7.78% 2034,778AS34
NSE_EQ,NSE_EQ|IN1320230106,SDL BR 7.78% 2031,19747,SDL BR 7.78% 2031,778BR31
NSE_EQ,NSE_EQ|IN2220190143,SDL MH 7.78% 2029,21933,SDL MH 7.78% 2029,778MH29
NSE_EQ,NSE_EQ|IN2220220148,SDL MH 7.78% 2030,11678,SDL MH 7.78% 2030,778MH30
NSE_EQ,NSE_EQ|IN2420220021,SDL ML 7.78% 2031,10330,SDL ML 7.78% 2031,778ML31
NSE_EQ,NSE_EQ|IN2520220061,SDL MZ 7.78% 2032,11401,SDL MZ 7.78% 2032,778MZ32
NSE_EQ,NSE_EQ|IN2520220053,SDL MZ 7.78% 2037,11294,SDL MZ 7.78% 2037,778MZ37
NSE_EQ,NSE_EQ|INE557F08FV0,NHB 7.78% 2027,23063,NHB 7.78% 2027,778NHB27
NSE_EQ,NSE_EQ|IN2620230069,SDL NL 7.78% 2033,20395,SDL NL 7.78% 2033,778NL33
NSE_EQ,NSE_EQ|IN2820230224,SDL PN 7.78% 2037,21165,SDL PN 7.78% 2037,778PN37
NSE_EQ,NSE_EQ|IN3820230016,SDL PY 7.78% 2036,21277,SDL PY 7.78% 2036,778PY36
NSE_EQ,NSE_EQ|IN2920220349,SDL RJ 7.78% 2033,14824,SDL RJ 7.78% 2033,778RJ33
NSE_EQ,NSE_EQ|INE667F07IY7,SHFL 7.78% 2028 SR 346,27282,SHFL 7.78% 2028 SR 346,778SHFL28
NSE_EQ,NSE_EQ|IN4520220455,SDL TS 7.78% 2034,14647,SDL TS 7.78% 2034,778TS34
NSE_EQ,NSE_EQ|IN3320220160,SDL UP 7.78% 2035,14649,SDL UP 7.78% 2035,778UP35
NSE_EQ,NSE_EQ|IN3320220178,SDL UP 7.78% 2036,14651,SDL UP 7.78% 2036,778UP36
NSE_EQ,NSE_EQ|INE498L07087,LTFH 7.798% 2029 SR F,25939,LTFH 7.798% 2029 SR F,7798LTFH29
NSE_EQ,NSE_EQ|IN1020220357,SDL AP 7.79% 2031,10458,SDL AP 7.79% 2031,779AP31
NSE_EQ,NSE_EQ|IN1720220236,SDL HP 7.79% 2038,14839,SDL HP 7.79% 2038,779HP38
NSE_EQ,NSE_EQ|IN4920220121,SDL JK 7.79% 2035,14650,SDL JK 7.79% 2035,779JK35
NSE_EQ,NSE_EQ|INE498L07111,LTFL 7.7989% 2030 SR H,29643,LTFL 7.7989% 2030 SR H,779LTFL30
NSE_EQ,NSE_EQ|IN2820230190,SDL PN 7.79% 2036,20356,SDL PN 7.79% 2036,779PN36
NSE_EQ,NSE_EQ|IN2820230208,SDL PN 7.79% 2037,20360,SDL PN 7.79% 2037,779PN37
NSE_EQ,NSE_EQ|IN2820230232,SDL PN 7.79% 2038,21166,SDL PN 7.79% 2038,779PN38
NSE_EQ,NSE_EQ|IN2920220174,SDL RJ 7.79% 2032,11404,SDL RJ 7.79% 2032,779RJ32
NSE_EQ,NSE_EQ|INE556F08KM1,SIDBI 7.79% 2027 SR VI,20843,SIDBI 7.79% 2027 SR VI,779SIDBI27
NSE_EQ,NSE_EQ|IN3120220170,SDL TN 7.79% 2032,11405,SDL TN 7.79% 2032,779TN32
NSE_EQ,NSE_EQ|IN3320220186,SDL UP 7.79% 2033,14829,SDL UP 7.79% 2033,779UP33
NSE_EQ,NSE_EQ|IN3420230127,SDL WB 7.79% 2040,19905,SDL WB 7.79% 2040,779WB40
NSE_EQ,NSE_EQ|IN3420220276,SDL WB 7.79% 2042,14447,SDL WB 7.79% 2042,779WB42
NSE_EQ,NSE_EQ|IN1020220696,SDL AP 7.7% 2028,14359,SDL AP 7.7% 2028,77AP28
NSE_EQ,NSE_EQ|IN1020220720,SDL AP 7.7% 2029,14421,SDL AP 7.7% 2029,77AP29
NSE_EQ,NSE_EQ|IN1020230620,SDL AP 7.7% 2029,20390,SDL AP 7.7% 2029,77AP29A
NSE_EQ,NSE_EQ|IN1020220662,SDL AP 7.7% 2030,14268,SDL AP 7.7% 2030,77AP30
NSE_EQ,NSE_EQ|IN1020220738,SDL AP 7.7% 2030,14636,SDL AP 7.7% 2030,77AP30A
NSE_EQ,NSE_EQ|IN1020230026,SDL AP 7.7% 2032,14958,SDL AP 7.7% 2032,77AP32
NSE_EQ,NSE_EQ|IN1020230661,SDL AP 7.7% 2038,20482,SDL AP 7.7% 2038,77AP38
NSE_EQ,NSE_EQ|IN1020230745,SDL AP 7.7% 2042,21825,SDL AP 7.7% 2042,77AP42
NSE_EQ,NSE_EQ|IN1020230588,SDL AP 7.7% 2043,19730,SDL AP 7.7% 2043,77AP43
NSE_EQ,NSE_EQ|IN1020230695,SDL AP 7.7% 2043,21168,SDL AP 7.7% 2043,77AP43A
NSE_EQ,NSE_EQ|IN1320230098,SDL BR 7.7% 2031,19522,SDL BR 7.7% 2031,77BR31
NSE_EQ,NSE_EQ|IN1320220131,SDL BR 7.7% 2032,12300,SDL BR 7.7% 2032,77BR32
NSE_EQ,NSE_EQ|IN1320230122,SDL BR 7.7% 2038,20226,SDL BR 7.7% 2038,77BR38
NSE_EQ,NSE_EQ|IN1420230121,SDL GA 7.7% 2033,19481,SDL GA 7.7% 2033,77GA33
NSE_EQ,NSE_EQ|IN1420230154,SDL GA 7.7% 2033,19910,SDL GA 7.7% 2033,77GA33A
NSE_EQ,NSE_EQ|IN1420230162,SDL GA 7.7% 2033,20171,SDL GA 7.7% 2033,77GA33B
NSE_EQ,NSE_EQ|IN1720220160,SDL HP 7.7% 2036,13896,SDL HP 7.7% 2036,77HP36
NSE_EQ,NSE_EQ|IN1720220178,SDL HP 7.7% 2038,13901,SDL HP 7.7% 2038,77HP38
NSE_EQ,NSE_EQ|IN1620220419,SDL HR 7.7% 2031,14159,SDL HR 7.7% 2031,77HR31
NSE_EQ,NSE_EQ|IN1620220443,SDL HR 7.7% 2032,14532,SDL HR 7.7% 2032,77HR32
NSE_EQ,NSE_EQ|IN1620220286,SDL HR 7.7% 2034,12303,SDL HR 7.7% 2034,77HR34
NSE_EQ,NSE_EQ|INE219X07215,SEC RE NCD 7.70% SR.III,3428,SEC RE NCD 7.70% SR.III,77IGT28
NSE_EQ,NSE_EQ|IN4920220089,SDL JK 7.7% 2037,13392,SDL JK 7.7% 2037,77JK37
NSE_EQ,NSE_EQ|IN1920230068,SDL KA 7.7% 2033,19909,SDL KA 7.7% 2033,77KA33
NSE_EQ,NSE_EQ|IN1920230035,SDL KA 7.7% 2034,19606,SDL KA 7.7% 2034,77KA34
NSE_EQ,NSE_EQ|IN2020220074,SDL KL 7.7% 2047,11424,SDL KL 7.7% 2047,77KL47
NSE_EQ,NSE_EQ|IN2220220130,SDL MH 7.7% 2030,11590,SDL MH 7.7% 2030,77MH30
NSE_EQ,NSE_EQ|IN2220220197,SDL MH 7.7% 2031,14424,SDL MH 7.7% 2031,77MH31
NSE_EQ,NSE_EQ|IN2220220205,SDL MH 7.7% 2033,14425,SDL MH 7.7% 2033,77MH33
NSE_EQ,NSE_EQ|IN2220230154,SDL MH 7.7% 2033,20172,SDL MH 7.7% 2033,77MH33A
NSE_EQ,NSE_EQ|IN2220230147,SDL MH 7.7% 2034,19899,SDL MH 7.7% 2034,77MH34
NSE_EQ,NSE_EQ|IN2220230162,SDL MH 7.7% 2034,20173,SDL MH 7.7% 2034,77MH34A
NSE_EQ,NSE_EQ|IN2320220063,SDL MN 7.7% 2035,13892,SDL MN 7.7% 2035,77MN35
NSE_EQ,NSE_EQ|IN2520220087,SDL MZ 7.7% 2035,13256,SDL MZ 7.7% 2035,77MZ35
NSE_EQ,NSE_EQ|IN2820220183,SDL PN 7.7% 2040,13992,SDL PN 7.7% 2040,77PN40
NSE_EQ,NSE_EQ|IN2820220100,SDL PN 7.7% 2042,11416,SDL PN 7.7% 2042,77PN42
NSE_EQ,NSE_EQ|IN2920220018,SDL RJ 7.7% 2032,9532,SDL RJ 7.7% 2032,77RJ32
NSE_EQ,NSE_EQ|IN2920230272,SDL RJ 7.7% 2043,19732,SDL RJ 7.7% 2043,77RJ43
NSE_EQ,NSE_EQ|IN3020230048,SDL SK 7.7% 2034,22498,SDL SK 7.7% 2034,77SK34
NSE_EQ,NSE_EQ|IN3120220154,SDL TN 7.7% 2042,10844,SDL TN 7.7% 2042,77TN42
NSE_EQ,NSE_EQ|IN4520230363,SDL TS 7.7% 2038,20480,SDL TS 7.7% 2038,77TS38
NSE_EQ,NSE_EQ|IN3320230110,SDL UP 7.7% 2033,19616,SDL UP 7.7% 2033,77UP33
NSE_EQ,NSE_EQ|IN3320230086,SDL UP 7.7% 2034,19484,SDL UP 7.7% 2034,77UP34
NSE_EQ,NSE_EQ|IN3320230185,SDL UP 7.7% 2035,20221,SDL UP 7.7% 2035,77UP35
NSE_EQ,NSE_EQ|IN1020190584,SDL AP 7.80% 2033,21050,SDL AP 7.80% 2033,780AP33
NSE_EQ,NSE_EQ|INE465A08038,BFL 7.80% 2027,23240,BFL 7.80% 2027,780BFL27
NSE_EQ,NSE_EQ|IN1620190208,SDL HR 7.80% 2030,20219,SDL HR 7.80% 2030,780HR30
NSE_EQ,NSE_EQ|IN1920200012,SDL KA 7.80% 2030,20964,SDL KA 7.80% 2030,780KA30
NSE_EQ,NSE_EQ|INE535H07CN8,SICC 7.80% 2029 SR 111,27907,SICC 7.80% 2029 SR 111,780SICC29
NSE_EQ,NSE_EQ|IN1420220015,SDL GA 7.81% 2032,9779,SDL GA 7.81% 2032,781GA32
NSE_EQ,NSE_EQ|IN1520220113,SDL GJ 7.81% 2032,11506,SDL GJ 7.81% 2032,781GJ32
NSE_EQ,NSE_EQ|IN1620220088,SDL HR 7.81% 2032,9780,SDL HR 7.81% 2032,781HR32
NSE_EQ,NSE_EQ|IN1620220138,SDL HR 7.81% 2032,10331,SDL HR 7.81% 2032,781HR32A
NSE_EQ,NSE_EQ|IN1620220153,SDL HR 7.81% 2032,10461,SDL HR 7.81% 2032,781HR32B
NSE_EQ,NSE_EQ|IN1620220252,SDL HR 7.81% 2032,11690,SDL HR 7.81% 2032,781HR32C
NSE_EQ,NSE_EQ|IN2020220082,SDL KL 7.81% 2044,11706,SDL KL 7.81% 2044,781KL44
NSE_EQ,NSE_EQ|IN2520230078,SDL MZ 7.81% 2037,20400,SDL MZ 7.81% 2037,781MZ37
NSE_EQ,NSE_EQ|IN2920220091,SDL RJ 7.81% 2032,10462,SDL RJ 7.81% 2032,781RJ32
NSE_EQ,NSE_EQ|IN2920220075,SDL RJ 7.81% 2047,10219,SDL RJ 7.81% 2047,781RJ47
NSE_EQ,NSE_EQ|INE092A08071,TCHE 7.81% 2027,24883,TCHE 7.81% 2027,781TCHE27
NSE_EQ,NSE_EQ|IN3120220055,SDL TN 7.81% 2052,10190,SDL TN 7.81% 2052,781TN52
NSE_EQ,NSE_EQ|IN3320220038,SDL UP 7.81% 2032,11408,SDL UP 7.81% 2032,781UP32
NSE_EQ,NSE_EQ|IN3320220046,SDL UP 7.81% 2034,11603,SDL UP 7.81% 2034,781UP34
NSE_EQ,NSE_EQ|IN3320220194,SDL UP 7.81% 2034,14830,SDL UP 7.81% 2034,781UP34A
NSE_EQ,NSE_EQ|INE831R07508,ABHFL 7.8241% 2029 SR H1,27033,ABHFL 7.8241% 2029 SR H1,78241ABH29
NSE_EQ,NSE_EQ|IN1020220530,SDL AP 7.82% 2035,11412,SDL AP 7.82% 2035,782AP35
NSE_EQ,NSE_EQ|IN1020220381,SDL AP 7.82% 2042,10555,SDL AP 7.82% 2042,782AP42
NSE_EQ,NSE_EQ|IN1220220041,SDL AS 7.82% 2032,10246,SDL AS 7.82% 2032,782AS32
NSE_EQ,NSE_EQ|IN1220220132,SDL AS 7.82% 2032,11764,SDL AS 7.82% 2032,782AS32A
NSE_EQ,NSE_EQ|IN1520220030,SDL GJ 7.82% 2032,10196,SDL GJ 7.82% 2032,782GJ32
NSE_EQ,NSE_EQ|IN1720220020,SDL HP 7.82% 2032,10247,SDL HP 7.82% 2032,782HP32
NSE_EQ,NSE_EQ|IN2320220022,SDL MN 7.82% 2032,9781,SDL MN 7.82% 2032,782MN32
NSE_EQ,NSE_EQ|IN2620220029,SDL NL 7.82% 2032,10463,SDL NL 7.82% 2032,782NL32
NSE_EQ,NSE_EQ|IN2620220045,SDL NL 7.82% 2032,11881,SDL NL 7.82% 2032,782NL32A
NSE_EQ,NSE_EQ|IN2820220068,SDL PN 7.82% 2042,10558,SDL PN 7.82% 2042,782PN42
NSE_EQ,NSE_EQ|IN2920220216,SDL RJ 7.82% 2032,11765,SDL RJ 7.82% 2032,782RJ32
NSE_EQ,NSE_EQ|IN2920220133,SDL RJ 7.82% 2044,10525,SDL RJ 7.82% 2044,782RJ44
NSE_EQ,NSE_EQ|IN3020220015,SDL SK 7.82% 2032,10470,SDL SK 7.82% 2032,782SK32
NSE_EQ,NSE_EQ|IN3020220049,SDL SK 7.82% 2032,11878,SDL SK 7.82% 2032,782SK32A
NSE_EQ,NSE_EQ|IN3120220188,SDL TN 7.82% 2032,11693,SDL TN 7.82% 2032,782TN32
NSE_EQ,NSE_EQ|IN3420220045,SDL WB 7.82% 2032,10252,SDL WB 7.82% 2032,782WB32
NSE_EQ,NSE_EQ|INE115A07QO2,LH 7.8350% 2027 TR 438,22971,LH 7.8350% 2027 TR 438,7835LIC27
NSE_EQ,NSE_EQ|IN1220220058,SDL AS 7.83% 2032,10357,SDL AS 7.83% 2032,783AS32
NSE_EQ,NSE_EQ|IN1320220115,SDL BR 7.83% 2032,11882,SDL BR 7.83% 2032,783BR32
NSE_EQ,NSE_EQ|IN1420220064,SDL GA 7.83% 2032,11683,SDL GA 7.83% 2032,783GA32
NSE_EQ,NSE_EQ|IN1620220237,SDL HR 7.83% 2032,11507,SDL HR 7.83% 2032,783HR32
NSE_EQ,NSE_EQ|IN2020220181,SDL KL 7.83% 2039,14840,SDL KL 7.83% 2039,783KL39
NSE_EQ,NSE_EQ|IN2220200017,SDL MH 7.83% 2030,21940,SDL MH 7.83% 2030,783MH30
NSE_EQ,NSE_EQ|IN2320220030,SDL MN 7.83% 2032,10368,SDL MN 7.83% 2032,783MN32
NSE_EQ,NSE_EQ|INE557F08FU2,NHB 7.83% 2027,22797,NHB 7.83% 2027,783NHB27
NSE_EQ,NSE_EQ|IN2820220126,SDL PN 7.83% 2042,11769,SDL PN 7.83% 2042,783PN42
NSE_EQ,NSE_EQ|IN2920220042,SDL RJ 7.83% 2032,9915,SDL RJ 7.83% 2032,783RJ32
NSE_EQ,NSE_EQ|IN2920220364,SDL RJ 7.83% 2050,14854,SDL RJ 7.83% 2050,783RJ50
NSE_EQ,NSE_EQ|IN3120220196,SDL TN 7.83% 2042,11704,SDL TN 7.83% 2042,783TN42
NSE_EQ,NSE_EQ|IN4520220208,SDL TS 7.83% 2035,11413,SDL TS 7.83% 2035,783TS35
NSE_EQ,NSE_EQ|IN4520220216,SDL TS 7.83% 2036,11415,SDL TS 7.83% 2036,783TS36
NSE_EQ,NSE_EQ|IN3420220029,SDL WB 7.83% 2032,9782,SDL WB 7.83% 2032,783WB32
NSE_EQ,NSE_EQ|IN1220220124,SDL AS 7.84% 2032,11679,SDL AS 7.84% 2032,784AS32
NSE_EQ,NSE_EQ|IN1720220137,SDL HP 7.84% 2037,11874,SDL HP 7.84% 2037,784HP37
NSE_EQ,NSE_EQ|IN2920220190,SDL RJ 7.84% 2032,11691,SDL RJ 7.84% 2032,784RJ32
NSE_EQ,NSE_EQ|IN2920220356,SDL RJ 7.84% 2041,14845,SDL RJ 7.84% 2041,784RJ41
NSE_EQ,NSE_EQ|IN3120220048,SDL TN 7.84% 2052,9953,SDL TN 7.84% 2052,784TN52
NSE_EQ,NSE_EQ|IN4520220190,SDL TS 7.84% 2034,11409,SDL TS 7.84% 2034,784TS34
NSE_EQ,NSE_EQ|IN4520220109,SDL TS 7.84% 2036,10545,SDL TS 7.84% 2036,784TS36
NSE_EQ,NSE_EQ|IN4520220232,SDL TS 7.84% 2039,11767,SDL TS 7.84% 2039,784TS39
NSE_EQ,NSE_EQ|IN4520220240,SDL TS 7.84% 2040,11768,SDL TS 7.84% 2040,784TS40
NSE_EQ,NSE_EQ|INE831R07532,ABHFL 7.8537% 2030 SR J1,29190,ABHFL 7.8537% 2030 SR J1,78537ABH30
NSE_EQ,NSE_EQ|INE831R07516,ABHFL 7.8461% 2028 SR I1,27713,ABHFL 7.8461% 2028 SR I1,785ABHFL28
NSE_EQ,NSE_EQ|IN1020220225,SDL AP 7.85% 2037,9928,SDL AP 7.85% 2037,785AP37
NSE_EQ,NSE_EQ|IN1020220555,SDL AP 7.85% 2040,11514,SDL AP 7.85% 2040,785AP40
NSE_EQ,NSE_EQ|IN1220220033,SDL AS 7.85% 2032,10197,SDL AS 7.85% 2032,785AS32
NSE_EQ,NSE_EQ|IN1220220116,SDL AS 7.85% 2032,11505,SDL AS 7.85% 2032,785AS32A
NSE_EQ,NSE_EQ|IN1320220081,SDL BR 7.85% 2032,11513,SDL BR 7.85% 2032,785BR32
NSE_EQ,NSE_EQ|IN1320220107,SDL BR 7.85% 2032,11682,SDL BR 7.85% 2032,785BR32A
NSE_EQ,NSE_EQ|IN1720220129,SDL HP 7.85% 2036,11870,SDL HP 7.85% 2036,785HP36
NSE_EQ,NSE_EQ|INE413U07343,IIFL SAMASTA 7.85% 2027,25058,IIFL SAMASTA 7.85% 2027,785IIFL27
NSE_EQ,NSE_EQ|IN2020220017,SDL KL 7.85% 2034,9788,SDL KL 7.85% 2034,785KL34
NSE_EQ,NSE_EQ|IN2020220025,SDL KL 7.85% 2035,10532,SDL KL 7.85% 2035,785KL35
NSE_EQ,NSE_EQ|IN2120220016,SDL MP 7.85% 2032,10198,SDL MP 7.85% 2032,785MP32
NSE_EQ,NSE_EQ|IN2820220050,SDL PN 7.85% 2032,10394,SDL PN 7.85% 2032,785PN32
NSE_EQ,NSE_EQ|IN2820220118,SDL PN 7.85% 2042,11515,SDL PN 7.85% 2042,785PN42
NSE_EQ,NSE_EQ|IN2920220059,SDL RJ 7.85% 2037,9943,SDL RJ 7.85% 2037,785RJ37
NSE_EQ,NSE_EQ|IN2920220067,SDL RJ 7.85% 2039,9952,SDL RJ 7.85% 2039,785RJ39
NSE_EQ,NSE_EQ|IN3020220031,SDL SK 7.85% 2032,11509,SDL SK 7.85% 2032,785SK32
NSE_EQ,NSE_EQ|INE607M08105,TPREL 7.85% 2034,25372,TPREL 7.85% 2034,785TRPEL34
NSE_EQ,NSE_EQ|IN3620200011,SDL UK 7.85% 2030,22201,SDL UK 7.85% 2030,785UK30
NSE_EQ,NSE_EQ|IN3620220019,SDL UK 7.85% 2032,11510,SDL UK 7.85% 2032,785UK32
NSE_EQ,NSE_EQ|IN3420220318,SDL WB 7.85% 2042,14849,SDL WB 7.85% 2042,785WB42
NSE_EQ,NSE_EQ|INE831R07573,ABHFL 7.8618% 2028 SR A1,756043,ABHFL 7.8618% 2028 SR A1,78618ABH28
NSE_EQ,NSE_EQ|INE115A07QT1,LIC 7.8650% 2026 SR 443,24472,LIC 7.8650% 2026 SR 443,7865LICH26
NSE_EQ,NSE_EQ|INE831R07540,ABHFL 7.8639% 2028 SR K1,29559,ABHFL 7.8639% 2028 SR K1,786ABHFL28
NSE_EQ,NSE_EQ|IN1020220571,SDL AP 7.86% 2033,11759,SDL AP 7.86% 2033,786AP33
NSE_EQ,NSE_EQ|IN1220220017,SDL AS 7.86% 2032,9916,SDL AS 7.86% 2032,786AS32
NSE_EQ,NSE_EQ|IN1620220112,SDL HR 7.86% 2032,10202,SDL HR 7.86% 2032,786HR32
NSE_EQ,NSE_EQ|IN3720220018,SDL JH 7.86% 2034,11885,SDL JH 7.86% 2034,786JH34
NSE_EQ,NSE_EQ|IN2220220080,SDL MH 7.86% 2030,9821,SDL MH 7.86% 2030,786MH30
NSE_EQ,NSE_EQ|IN2520220020,SDL MZ 7.86% 2032,9922,SDL MZ 7.86% 2032,786MZ32
NSE_EQ,NSE_EQ|INE033L07IJ1,TCHFL 7.86% 2029,25439,TCHFL 7.86% 2029,786TCHFL29
NSE_EQ,NSE_EQ|INE246R07756,NIIF 7.875% 30 SR PP 03,25933,NIIF 7.875% 30 SR PP 03,7875NIIF30
NSE_EQ,NSE_EQ|IN1720220103,SDL HP 7.87% 2034,11886,SDL HP 7.87% 2034,787HP34
NSE_EQ,NSE_EQ|IN1720220111,SDL HP 7.87% 2035,11869,SDL HP 7.87% 2035,787HP35
NSE_EQ,NSE_EQ|INE115A07QQ7,LHFL 7.87% 2029 TR 440,23751,LHFL 7.87% 2029 TR 440,787LIC29
NSE_EQ,NSE_EQ|IN2520220079,SDL MZ 7.87% 2036,11873,SDL MZ 7.87% 2036,787MZ36
NSE_EQ,NSE_EQ|IN2920220208,SDL RJ 7.87% 2040,11701,SDL RJ 7.87% 2040,787RJ40
NSE_EQ,NSE_EQ|INE507T07146,SDIL 7.87% 2030,24741,SDIL 7.87% 2030,787SDIL30
NSE_EQ,NSE_EQ|IN3120220071,SDL TN 7.87% 2033,10338,SDL TN 7.87% 2033,787TN33
NSE_EQ,NSE_EQ|IN1420200017,SDL GA 7.88% 2030,21047,SDL GA 7.88% 2030,788GA30
NSE_EQ,NSE_EQ|IN0020150028,GOI LOAN 7.88% 2030,7122,GOI LOAN 7.88% 2030,788GS2030
NSE_EQ,NSE_EQ|IN2120220032,SDL MP 7.88% 2033,11695,SDL MP 7.88% 2033,788MP33
NSE_EQ,NSE_EQ|IN2620220011,SDL NL 7.88% 2032,9923,SDL NL 7.88% 2032,788NL32
NSE_EQ,NSE_EQ|IN2920190484,SDL RJ 7.88% 2032,22065,SDL RJ 7.88% 2032,788RJ32
NSE_EQ,NSE_EQ|IN1720220053,SDL HP 7.89% 2037,10551,SDL HP 7.89% 2037,789HP37
NSE_EQ,NSE_EQ|IN2220220098,SDL MH 7.89% 2032,9822,SDL MH 7.89% 2032,789MH32
NSE_EQ,NSE_EQ|INE507T07138,SUMMIT DIG 7.89% 2029,23656,SUMMIT DIG 7.89% 2029,789SDIL29
NSE_EQ,NSE_EQ|IN4520220083,SDL TS 7.89% 2034,10334,SDL TS 7.89% 2034,789TS34
NSE_EQ,NSE_EQ|IN4520220224,SDL TS 7.89% 2036,11696,SDL TS 7.89% 2036,789TS36
NSE_EQ,NSE_EQ|IN3420220094,SDL WB 7.89% 2037,10553,SDL WB 7.89% 2037,789WB37
NSE_EQ,NSE_EQ|IN3420220300,SDL WB 7.89% 2040,14844,SDL WB 7.89% 2040,789WB40
NSE_EQ,NSE_EQ|INE860H07IP2,ABCL 7.8% SR V,755940,ABCL 7.8% SR V,78ABCL33
NSE_EQ,NSE_EQ|IN1020220142,SDL AP 7.8% 2031,9773,SDL AP 7.8% 2031,78AP31
NSE_EQ,NSE_EQ|IN1020220217,SDL AP 7.8% 2031,9914,SDL AP 7.8% 2031,78AP31A
NSE_EQ,NSE_EQ|IN1520220022,SDL GJ 7.8% 2032,9777,SDL GJ 7.8% 2032,78GJ32
NSE_EQ,NSE_EQ|IN1520220055,SDL GJ 7.8% 2032,10367,SDL GJ 7.8% 2032,78GJ32A
NSE_EQ,NSE_EQ|IN4920220139,SDL JK 7.8% 2035,14834,SDL JK 7.8% 2035,78JK35
NSE_EQ,NSE_EQ|IN2020220090,SDL KL 7.8% 2045,11770,SDL KL 7.8% 2045,78KL45
NSE_EQ,NSE_EQ|IN2420220013,SDL ML 7.8% 2031,9774,SDL ML 7.8% 2031,78ML31
NSE_EQ,NSE_EQ|INE261F08EF5,NABARD 7.80% 2027 SR 24E,21239,NABARD 7.80% 2027 SR 24E,78NABARD27
NSE_EQ,NSE_EQ|IN3120220014,SDL TN 7.8% 2032,9776,SDL TN 7.8% 2032,78TN32
NSE_EQ,NSE_EQ|IN3120220097,SDL TN 7.8% 2032,10460,SDL TN 7.8% 2032,78TN32A
NSE_EQ,NSE_EQ|IN3120220204,SDL TN 7.8% 2042,11877,SDL TN 7.8% 2042,78TN42
NSE_EQ,NSE_EQ|INE831R07557,ABHFL 7.8989% 2027 SR K2,29557,ABHFL 7.8989% 2027 SR K2,790ABHFL27
NSE_EQ,NSE_EQ|INE831R07565,ABHFL 7.9015% 2028 SR L1,30063,ABHFL 7.9015% 2028 SR L1,790ABHFL28
NSE_EQ,NSE_EQ|INE477A07407,CANF 7.90% 2030 SR 1,29457,CANF 7.90% 2030 SR 1,790CANF30
NSE_EQ,NSE_EQ|INE498L07095,LTFL 7.90% 34 SR B,28109,LTFL 7.90% 34 SR B,790LTFL34
NSE_EQ,NSE_EQ|IN2920200028,SDL RJ 7.90% 2026,22061,SDL RJ 7.90% 2026,790RJ26
NSE_EQ,NSE_EQ|INE667F07IU5,SHFL 7.9123% 2026 SR 342,25016,SHFL 7.9123% 2026 SR 342,79123SHF26
NSE_EQ,NSE_EQ|INE860H07JB0,ABCL 7.91% 2034 SR G1,755946,ABCL 7.91% 2034 SR G1,791ABCL34
NSE_EQ,NSE_EQ|IN2020200019,SDL KL 7.91% 2030,21904,SDL KL 7.91% 2030,791KL30
NSE_EQ,NSE_EQ|IN4520220059,SDL TS 7.91% 2043,10269,SDL TS 7.91% 2043,791TS43
NSE_EQ,NSE_EQ|IN3320220053,SDL UP 7.91% 2037,11697,SDL UP 7.91% 2037,791UP37
NSE_EQ,NSE_EQ|IN1020220324,SDL AP 7.92% 2041,10337,SDL AP 7.92% 2041,792AP41
NSE_EQ,NSE_EQ|IN1020220282,SDL AP 7.92% 2042,10218,SDL AP 7.92% 2042,792AP42
NSE_EQ,NSE_EQ|IN1020220308,SDL AP 7.92% 2042,10257,SDL AP 7.92% 2042,792AP42A
NSE_EQ,NSE_EQ|INE115A07QS3,LHFL 7.9265% 2027 TR 442,24073,LHFL 7.9265% 2027 TR 442,792LIC27
NSE_EQ,NSE_EQ|INE033L07II3,TCHFL 7.92% 2034 SR B,24383,TCHFL 7.92% 2034 SR B,792TCHF34
NSE_EQ,NSE_EQ|INE033L07IG7,TCHFL 7.92% 2034 SR E,23246,TCHFL 7.92% 2034 SR E,792TCHFL34
NSE_EQ,NSE_EQ|IN4520220075,SDL TS 7.92% 2045,10272,SDL TS 7.92% 2045,792TS45
NSE_EQ,NSE_EQ|IN1020220233,SDL AP 7.93% 2033,10203,SDL AP 7.93% 2033,793AP33
NSE_EQ,NSE_EQ|IN1920200020,SDL KA 7.93% 2031,20965,SDL KA 7.93% 2031,793KA31
NSE_EQ,NSE_EQ|INE246R07764,NIIF 7.93% 2030 SR PP 04,27304,NIIF 7.93% 2030 SR PP 04,793NIIF30
NSE_EQ,NSE_EQ|INE246R07780,NIIF 7.93% 2032 SR PP 6,30200,NIIF 7.93% 2032 SR PP 6,793NIIF32
NSE_EQ,NSE_EQ|IN2920220158,SDL RJ 7.93% 2045,10645,SDL RJ 7.93% 2045,793RJ45
NSE_EQ,NSE_EQ|INE812V08037,THDC 7.93% 2034 SR IX,21463,THDC 7.93% 2034 SR IX,793THDC34
NSE_EQ,NSE_EQ|IN3120220121,SDL TN 7.93% 2042,10644,SDL TN 7.93% 2042,793TN42
NSE_EQ,NSE_EQ|INE607M08097,TP 7.93% 2029 SR I,24257,TP 7.93% 2029 SR I,793TPRE29
NSE_EQ,NSE_EQ|INE607M08089,TP 7.93% 2034 SR II,24255,TP 7.93% 2034 SR II,793TPRE34
NSE_EQ,NSE_EQ|IN4520220026,SDL TS 7.93% 2034,10204,SDL TS 7.93% 2034,793TS34
NSE_EQ,NSE_EQ|IN4520220034,SDL TS 7.93% 2035,10207,SDL TS 7.93% 2035,793TS35
NSE_EQ,NSE_EQ|IN3320190272,SDL UP 7.93% 2030,22084,SDL UP 7.93% 2030,793UP30
NSE_EQ,NSE_EQ|IN3420220151,SDL WB 7.93% 2037,11698,SDL WB 7.93% 2037,793WB37
NSE_EQ,NSE_EQ|INE860H07JC8,ABCL 7.9413% 2028 SR L1,755947,ABCL 7.9413% 2028 SR L1,79413ABC28
NSE_EQ,NSE_EQ|IN1020220241,SDL AP 7.94% 2034,10206,SDL AP 7.94% 2034,794AP34
NSE_EQ,NSE_EQ|IN1620220120,SDL HR 7.94% 2034,10205,SDL HR 7.94% 2034,794HR34
NSE_EQ,NSE_EQ|IN2820220043,SDL PN 7.94% 2042,10333,SDL PN 7.94% 2042,794PN42
NSE_EQ,NSE_EQ|IN3120220030,SDL TN 7.94% 2032,9869,SDL TN 7.94% 2032,794TN32
NSE_EQ,NSE_EQ|IN4520220042,SDL TS 7.94% 2036,10212,SDL TS 7.94% 2036,794TS36
NSE_EQ,NSE_EQ|IN1020220258,SDL AP 7.95% 2038,10214,SDL AP 7.95% 2038,795AP38
NSE_EQ,NSE_EQ|IN1020220266,SDL AP 7.95% 2039,10215,SDL AP 7.95% 2039,795AP39
NSE_EQ,NSE_EQ|IN1020220274,SDL AP 7.95% 2040,10216,SDL AP 7.95% 2040,795AP40
NSE_EQ,NSE_EQ|IN1020220290,SDL AP 7.95% 2040,10255,SDL AP 7.95% 2040,795AP40A
NSE_EQ,NSE_EQ|IN0020020106,GOI LOAN 7.95% 2032,6835,GOI LOAN 7.95% 2032,795GS2032
NSE_EQ,NSE_EQ|IN1620220104,SDL HR 7.95% 2032,9870,SDL HR 7.95% 2032,795HR32
NSE_EQ,NSE_EQ|IN1620220187,SDL HR 7.95% 2037,10640,SDL HR 7.95% 2037,795HR37
NSE_EQ,NSE_EQ|INE219X07256,SEC RE NCD 7.95% SR.V,3457,SEC RE NCD 7.95% SR.V,795IGT31
NSE_EQ,NSE_EQ|IN1820190172,SDL JK 7.95% 2030,21046,SDL JK 7.95% 2030,795JK30
NSE_EQ,NSE_EQ|INE246R07723,NIFL 7.95% 2036 SR 7,23140,NIFL 7.95% 2036 SR 7,795NIIF36
NSE_EQ,NSE_EQ|INE667F07IR1,SHFL 7.95% 2034 SR 339,23563,SHFL 7.95% 2034 SR 339,795SHFL34
NSE_EQ,NSE_EQ|IN4520220091,SDL TS 7.95% 2035,10382,SDL TS 7.95% 2035,795TS35
NSE_EQ,NSE_EQ|IN4520220117,SDL TS 7.95% 2037,10642,SDL TS 7.95% 2037,795TS37
NSE_EQ,NSE_EQ|IN3420220169,SDL WB 7.95% 2039,11700,SDL WB 7.95% 2039,795WB39
NSE_EQ,NSE_EQ|IN1020220415,SDL AP 7.96% 2040,10643,SDL AP 7.96% 2040,796AP40
NSE_EQ,NSE_EQ|IN3420220037,SDL WB 7.96% 2037,10213,SDL WB 7.96% 2037,796WB37
NSE_EQ,NSE_EQ|INE535H07CO6,SICCL 7.9742% 2030 112,29467,SICCL 7.9742% 2030 112,79742SIC30
NSE_EQ,NSE_EQ|INE860H07IO5,ABCL 7.97% 2028 SR D1,755948,ABCL 7.97% 2028 SR D1,797ABCL28
NSE_EQ,NSE_EQ|IN1020220407,SDL AP 7.97% 2036,10639,SDL AP 7.97% 2036,797AP36
NSE_EQ,NSE_EQ|IN1020220316,SDL AP 7.97% 2039,10336,SDL AP 7.97% 2039,797AP39
NSE_EQ,NSE_EQ|IN1620220161,SDL HR 7.97% 2042,10479,SDL HR 7.97% 2042,797HR42
NSE_EQ,NSE_EQ|INE219X07280,SEC RE NCD 7.97% SR.VI,3476,SEC RE NCD 7.97% SR.VI,797IGT31
NSE_EQ,NSE_EQ|IN2820220233,SDL PN 7.97% 2038,14836,SDL PN 7.97% 2038,797PN38
NSE_EQ,NSE_EQ|IN2920220117,SDL RJ 7.97% 2042,10480,SDL RJ 7.97% 2042,797RJ42
NSE_EQ,NSE_EQ|INE660A07RR8,SFL 7.97% 2030 SR X7,22921,SFL 7.97% 2030 SR X7,797SFL30
NSE_EQ,NSE_EQ|IN3420220086,SDL WB 7.97% 2042,10454,SDL WB 7.97% 2042,797WB42
NSE_EQ,NSE_EQ|IN1020200011,SDL AP 7.98% 2031,20961,SDL AP 7.98% 2031,798AP31
NSE_EQ,NSE_EQ|IN2920220083,SDL RJ 7.98% 2042,10381,SDL RJ 7.98% 2042,798RJ42
NSE_EQ,NSE_EQ|INE667F07IT7,SHFL 7.98% 2026 SR 341,24720,SHFL 7.98% 2026 SR 341,798SHFL26
NSE_EQ,NSE_EQ|INE498L07053,LF 7.9918% 2027 SR D,25151,LF 7.9918% 2027 SR D,799LTFH27
NSE_EQ,NSE_EQ|INE246R07749,NIIF 7.99% 2029 SR PP 2,25390,NIIF 7.99% 2029 SR PP 2,799NIIF29
NSE_EQ,NSE_EQ|INE246R07772,NIIF 7.99% 2037 SR PP 5,29960,NIIF 7.99% 2037 SR PP 5,799NIIF37
NSE_EQ,NSE_EQ|INE027A08028,RCFL 7.99% 2027 SR 1,24775,RCFL 7.99% 2027 SR 1,799RCFL27
NSE_EQ,NSE_EQ|INE976I07CS1,TATA CAP 7.99% 2029 SR B,22684,TATA CAP 7.99% 2029 SR B,799TCL29
NSE_EQ,NSE_EQ|INE306N07NN9,TATA CAP 7.99% 2034 SR A,22643,TATA CAP 7.99% 2034 SR A,799TCL34
NSE_EQ,NSE_EQ|INE692Q07530,TFSIL 7.99% 2027 SR 49,28539,TFSIL 7.99% 2027 SR 49,799TFSIL27
NSE_EQ,NSE_EQ|IN3120220022,SDL TN 7.99% 2042,9834,SDL TN 7.99% 2042,799TN42
NSE_EQ,NSE_EQ|IN4520190179,SDL TS 7.99% 2030,22205,SDL TS 7.99% 2030,799TS30
NSE_EQ,NSE_EQ|IN4520190187,SDL TS 7.99% 2035,22204,SDL TS 7.99% 2035,799TS35
NSE_EQ,NSE_EQ|IN3420190248,SDL WB 7.99% 2035,22175,SDL WB 7.99% 2035,799WB35
NSE_EQ,NSE_EQ|INE860H07IM9,ABCL 7.90% 2028 SR C1,755949,ABCL 7.90% 2028 SR C1,79ABCL28
NSE_EQ,NSE_EQ|IN1020220159,SDL AP 7.9% 2033,9785,SDL AP 7.9% 2033,79AP33
NSE_EQ,NSE_EQ|IN1020220167,SDL AP 7.9% 2034,9797,SDL AP 7.9% 2034,79AP34
NSE_EQ,NSE_EQ|IN1620220146,SDL HR 7.9% 2034,10332,SDL HR 7.9% 2034,79HR34
NSE_EQ,NSE_EQ|INE219X07223,SEC RE NCD 7.90% SR.III,3433,SEC RE NCD 7.90% SR.III,79IGT28
NSE_EQ,NSE_EQ|INE0H7R07017,SEC RE NCD 7.90% STRPP A,11658,SEC RE NCD 7.90% STRPP A,79NHIT35
NSE_EQ,NSE_EQ|INE0H7R07025,SEC RE NCD 7.90% STRPP B,11665,SEC RE NCD 7.90% STRPP B,79NHIT40
NSE_EQ,NSE_EQ|INE0H7R07033,SEC RE NCD 7.90% STRPP C,11669,SEC RE NCD 7.90% STRPP C,79NHIT47
NSE_EQ,NSE_EQ|IN2920220034,SDL RJ 7.9% 2042,9800,SDL RJ 7.9% 2042,79RJ42
NSE_EQ,NSE_EQ|INE667F07IV3,SHFL 7.9% 2027 SR 343,25593,SHFL 7.9% 2027 SR 343,79SHFL27
NSE_EQ,NSE_EQ|IN4520220067,SDL TS 7.9% 2044,10271,SDL TS 7.9% 2044,79TS44
NSE_EQ,NSE_EQ|INE202E08300,IREDA 7.00% 2030 SR XVII,756878,IREDA 7.00% 2030 SR XVII,7IREDAL30
NSE_EQ,NSE_EQ|INE860H07JE4,ABCL 8.0163% 2029 SR L2,755950,ABCL 8.0163% 2029 SR L2,8016ABCL29
NSE_EQ,NSE_EQ|INE860H07IK3,ABCL 8.01% 2028 SR. B1,755951,ABCL 8.01% 2028 SR. B1,801ABCL28
NSE_EQ,NSE_EQ|INE033L07GR8,SEC RED NCD 8.01% SR.IV,16838,SEC RED NCD 8.01% SR.IV,801TCH28
NSE_EQ,NSE_EQ|INE976I07CX1,TCL 8.01% 2034,24558,TCL 8.01% 2034,801TCL34
NSE_EQ,NSE_EQ|IN3420220060,SDL WB 8.01% 2041,10393,SDL WB 8.01% 2041,801WB41
NSE_EQ,NSE_EQ|INE860H07JD6,ABCL 8.0208% 2030 SR L3,755952,ABCL 8.0208% 2030 SR L3,80208ABC30
NSE_EQ,NSE_EQ|INE831R07367,ABHFL 8.02% 2028 SR C2,20588,ABHFL 8.02% 2028 SR C2,802ABHF28
NSE_EQ,NSE_EQ|IN1020220340,SDL AP 8.02% 2038,10383,SDL AP 8.02% 2038,802AP38
NSE_EQ,NSE_EQ|IN2520220038,SDL MZ 8.02% 2036,10374,SDL MZ 8.02% 2036,802MZ36
NSE_EQ,NSE_EQ|IN4520220018,SDL TS 8.02% 2035,9824,SDL TS 8.02% 2035,802TS35
NSE_EQ,NSE_EQ|IN3420220052,SDL WB 8.02% 2037,10384,SDL WB 8.02% 2037,802WB37
NSE_EQ,NSE_EQ|INE860H07IZ1,ABCL 8.0343% 2034 SR E1,755953,ABCL 8.0343% 2034 SR E1,8034ABCL34
NSE_EQ,NSE_EQ|INE860H08EI4,ABCL 8.03% 2033 SR SC1,755954,ABCL 8.03% 2033 SR SC1,803ABCL33
NSE_EQ,NSE_EQ|INE674K08018,ABCL 8.03% 2035 SR SB1,756882,ABCL 8.03% 2035 SR SB1,803ABCL35
NSE_EQ,NSE_EQ|INE831R07391,ABHFL 8.03% 2027 SR D1,20590,ABHFL 8.03% 2027 SR D1,803ABHF27
NSE_EQ,NSE_EQ|INE831R07490,ABHFL 8.03% 2029 SR F2,25227,ABHFL 8.03% 2029 SR F2,803ABHFL29
NSE_EQ,NSE_EQ|INE831R08100,ABHFL 8.0347% 2035 SR A1,756071,ABHFL 8.0347% 2035 SR A1,803ABHFL35
NSE_EQ,NSE_EQ|IN1020220175,SDL AP 8.03% 2035,9826,SDL AP 8.03% 2035,803AP35
NSE_EQ,NSE_EQ|IN1020220332,SDL AP 8.03% 2036,10355,SDL AP 8.03% 2036,803AP36
NSE_EQ,NSE_EQ|INE726G08022,ICPR 8.03% 2034 SR 1,28519,ICPR 8.03% 2034 SR 1,803ICPR34
NSE_EQ,NSE_EQ|INE033L07ID4,TCHFL 8.0409% 2027 SR.C,20786,TCHFL 8.0409% 2027 SR.C,80409TCH27
NSE_EQ,NSE_EQ|INE831R07482,ABHFL 8.0490% 2027 F1,25145,ABHFL 8.0490% 2027 F1,8049ABHF27
NSE_EQ,NSE_EQ|IN1020220365,SDL AP 8.04% 2037,10471,SDL AP 8.04% 2037,804AP37
NSE_EQ,NSE_EQ|IN1020220191,SDL AP 8.04% 2041,9871,SDL AP 8.04% 2041,804AP41
NSE_EQ,NSE_EQ|IN1020220209,SDL AP 8.04% 2042,9872,SDL AP 8.04% 2042,804AP42
NSE_EQ,NSE_EQ|IN2820220035,SDL PN 8.04% 2042,10268,SDL PN 8.04% 2042,804PN42
NSE_EQ,NSE_EQ|INE860H07IT4,ABCL 8.05% SR III,755944,ABCL 8.05% SR III,805ABCL28
NSE_EQ,NSE_EQ|INE795G08035,HLICL 8.05% 2034 SR 1,25793,HLICL 8.05% 2034 SR 1,805HLICL34
NSE_EQ,NSE_EQ|INE0Q7Q07026,NIT 8.05% 2032 SR 1,28799,NIT 8.05% 2032 SR 1,805NIT32
NSE_EQ,NSE_EQ|INE572E07217,PHFL 8.05% 30 SR LXVIII,29535,PHFL 8.05% 30 SR LXVIII,805PHFL30
NSE_EQ,NSE_EQ|IN2920220109,SDL RJ 8.05% 2037,10474,SDL RJ 8.05% 2037,805RJ37
NSE_EQ,NSE_EQ|INE667F07IS9,SHFL 8.05% 2029 SR 340,24063,SHFL 8.05% 2029 SR 340,805SHFL29
NSE_EQ,NSE_EQ|INE033L07IH5,TCHFL 8.05% 2029 SR A,24089,TCHFL 8.05% 2029 SR A,805TCHFL29
NSE_EQ,NSE_EQ|INE692Q07555,TFSIL 8.0504% 2028,30496,TFSIL 8.0504% 2028,805TFSIL28
NSE_EQ,NSE_EQ|INE660A07RS6,SFL 8.0650% 2026 SR Y1,23834,SFL 8.0650% 2026 SR Y1,80650SFL26
NSE_EQ,NSE_EQ|IN4920220030,SDL JK 8.06% 2037,10477,SDL JK 8.06% 2037,806JK37
NSE_EQ,NSE_EQ|INE507T07120,SUMMIT DIG 8.06% 2029,22515,SUMMIT DIG 8.06% 2029,806SDIL29
NSE_EQ,NSE_EQ|INE692Q07548,TFSIL 8.06% 2028 SR S50,29202,TFSIL 8.06% 2028 SR S50,806TFSIL28
NSE_EQ,NSE_EQ|IN1020220183,SDL AP 8.07% 2036,9830,SDL AP 8.07% 2036,807AP36
NSE_EQ,NSE_EQ|INE246R07731,NIFL 8.07% 2029 SR 01,24129,NIFL 8.07% 2029 SR 01,807NIIF29
NSE_EQ,NSE_EQ|INE246R07715,NIFL 8.07% 2039 SR6 OPII,22416,NIFL 8.07% 2039 SR6 OPII,807NIIF39
NSE_EQ,NSE_EQ|INE213W07293,SIHF 8.07% 2027 SR 27,25229,SIHF 8.07% 2027 SR 27,807SMFG27
NSE_EQ,NSE_EQ|IN3420220078,SDL WB 8.07% 2038,10478,SDL WB 8.07% 2038,807WB38
NSE_EQ,NSE_EQ|INE831R07474,ABHFL 8.0956% 2026 SR E1,24773,ABHFL 8.0956% 2026 SR E1,80956ABH26
NSE_EQ,NSE_EQ|INE976I07CY9,TCL 8.0980% 2027,29973,TCL 8.0980% 2027,80980TCL27
NSE_EQ,NSE_EQ|INE477A07415,CANF 8.09% 2027 SR 2,30045,CANF 8.09% 2027 SR 2,809CANF27
NSE_EQ,NSE_EQ|IN2620200013,SDL NL 8.0% 2030,21995,SDL NL 8.0% 2030,80NL30
NSE_EQ,NSE_EQ|INE572E07209,PHFL 8.104% 28 SR LXVII,29073,PHFL 8.104% 28 SR LXVII,8104PHFL28
NSE_EQ,NSE_EQ|INE831R07359,ABHFL 8.10% 2028 SR A1,20586,ABHFL 8.10% 2028 SR A1,810ABHF28
NSE_EQ,NSE_EQ|INE233A08154,GIL 8.10% 2028 SR 01,27160,GIL 8.10% 2028 SR 01,810GIL28
NSE_EQ,NSE_EQ|INE795G08043,HLICL 8.10% 2035 SR II,29639,HLICL 8.10% 2035 SR II,810HLICL35
NSE_EQ,NSE_EQ|INE053F07538,BOND 8.10% PA TAX FREE S2,31128,BOND 8.10% PA TAX FREE S2,810IRFC27
NSE_EQ,NSE_EQ|IN3720190062,SDL JH 8.10% 2032,22199,SDL JH 8.10% 2032,810JH32
NSE_EQ,NSE_EQ|IN2020200027,SDL KL 8.10% 2032,21905,SDL KL 8.10% 2032,810KL32
NSE_EQ,NSE_EQ|INE246R07707,NIFL 8.10% 2034 SR6 OPI,22461,NIFL 8.10% 2034 SR6 OPI,810NIIF34
NSE_EQ,NSE_EQ|INE0Q7Q07018,NIT 8.10% 2040 SR 1,29022,NIT 8.10% 2040 SR 1,810NIT40
NSE_EQ,NSE_EQ|INE033L07IE2,TCHFL 8.10% 2027 SR D,22768,TCHFL 8.10% 2027 SR D,810TCHFL27
NSE_EQ,NSE_EQ|INE860H07II7,ABCL 8.12% 2028 SR L1,755955,ABCL 8.12% 2028 SR L1,812ABCL28
NSE_EQ,NSE_EQ|INE831R07458,ABHFL  8.1168% 2029 SR 2,24466,ABHFL  8.1168% 2029 SR 2,812ABHF29
NSE_EQ,NSE_EQ|INE020B07GH7,8.12/8.32% TAX FREE NCD,19924,8.12/8.32% TAX FREE NCD,812REC27
NSE_EQ,NSE_EQ|INE660A07RT4,SFL 8.12% 2027 SR Y2,24131,SFL 8.12% 2027 SR Y2,812SFL27
NSE_EQ,NSE_EQ|INE976I07CV5,TCL 8.137% 2029 SR A,23809,TCL 8.137% 2029 SR A,8137TCL24
NSE_EQ,NSE_EQ|INE831R07409,ABHFL 8.13% 2028 SR H1,20595,ABHFL 8.13% 2028 SR H1,813ABHF28
NSE_EQ,NSE_EQ|IN0020150044,GOI LOAN 8.13% 2045,7124,GOI LOAN 8.13% 2045,813GS2045
NSE_EQ,NSE_EQ|INE498L07020,L&T FIN 8.13% 2029 SR H,22482,L&T FIN 8.13% 2029 SR H,813LTF29
NSE_EQ,NSE_EQ|INE572E07142,PHFL 8.13% 2033,20903,PHFL 8.13% 2033,813PNBH33
NSE_EQ,NSE_EQ|INE725H08212,TPL 8.14% 2027,25782,TPL 8.14% 2027,814TPL27
NSE_EQ,NSE_EQ|INE1N2P24034,ANN 8.15% 2029 STRPP A,756033,ANN 8.15% 2029 STRPP A,815ANN29
NSE_EQ,NSE_EQ|INE1N2P24042,ANN 8.15% 2030 STRPP B,756027,ANN 8.15% 2030 STRPP B,815ANN30
NSE_EQ,NSE_EQ|INE1N2P24018,ANN 8.15% 2031 STRPP C,756031,ANN 8.15% 2031 STRPP C,815ANN31
NSE_EQ,NSE_EQ|INE1N2P24026,ANN 8.15% 2032 STRPP D,756029,ANN 8.15% 2032 STRPP D,815ANN32
NSE_EQ,NSE_EQ|INE02JD08015,GHFL 8.15% 2035 SR SD1,756329,GHFL 8.15% 2035 SR SD1,815GHFL35
NSE_EQ,NSE_EQ|INE233A08147,GIL 8.15% 2029 SR 02,27163,GIL 8.15% 2029 SR 02,815GIL29
NSE_EQ,NSE_EQ|IN0020140060,GOI LOAN 8.15% 2026,7114,GOI LOAN 8.15% 2026,815GS2026
NSE_EQ,NSE_EQ|IN4920200024,SDL JK 8.15% 2030,22181,SDL JK 8.15% 2030,815JK30
NSE_EQ,NSE_EQ|INE498L07012,L&T FIN 8.15% 2027 SR F,21231,L&T FIN 8.15% 2027 SR F,815LTF27
NSE_EQ,NSE_EQ|INE572E07183,PHFL 8.15% 2027 SR LXV,25805,PHFL 8.15% 2027 SR LXV,815PHFL27
NSE_EQ,NSE_EQ|INE572E07191,PNB 8.15% 2027 SR LXVI,27267,PNB 8.15% 2027 SR LXVI,815PNB27
NSE_EQ,NSE_EQ|INE667F07IP5,SHFL 8.15% 2025 SR 338,20747,SHFL 8.15% 2025 SR 338,815SHFL25
NSE_EQ,NSE_EQ|INE535H07CM0,SICC 8.15% 2026,25455,SICC 8.15% 2026,815SICC26
NSE_EQ,NSE_EQ|INE535H07CL2,SICC 8.15% 2027,25451,SICC 8.15% 2027,815SICC27
NSE_EQ,NSE_EQ|INE860H07IW8,ABCL 8.16% 2029 SR K1,755956,ABCL 8.16% 2029 SR K1,816ABCL29
NSE_EQ,NSE_EQ|INE0DZE07044,KSFP 8.164% 2029 SR I1,28503,KSFP 8.164% 2029 SR I1,816KSFP29
NSE_EQ,NSE_EQ|INE498L07046,LTFH 8.1629% 2027 SR C,24302,LTFH 8.1629% 2027 SR C,816LTFH27
NSE_EQ,NSE_EQ|INE831R07466,ABHFL 8.1701% 2027 SR 1,24464,ABHFL 8.1701% 2027 SR 1,817ABHF27
NSE_EQ,NSE_EQ|INE02JD07066,GHFL 8.17% 2030 SR C4,29979,GHFL 8.17% 2030 SR C4,817GHFL30
NSE_EQ,NSE_EQ|IN0020140078,GOI LOAN 8.17% 2044,7115,GOI LOAN 8.17% 2044,817GS2044
NSE_EQ,NSE_EQ|INE692Q07506,TFSIL 8.17% 2027 SR S46,23980,TFSIL 8.17% 2027 SR S46,817TFSIL27
NSE_EQ,NSE_EQ|INE477A07399,CAN FIN 8.18% 2029,23449,CAN FIN 8.18% 2029,818CANF29
NSE_EQ,NSE_EQ|INE02KN07063,GFL 8.18% 2026 SR C3,28965,GFL 8.18% 2026 SR C3,818GFL26
NSE_EQ,NSE_EQ|INE692Q07522,TFSIL 8.1841% 27 SR S48,24695,TFSIL 8.1841% 27 SR S48,818TFSIL27
NSE_EQ,NSE_EQ|INE725H08220,TPL 8.18% 2027 SR T,27396,TPL 8.18% 2027 SR T,818TPL27
NSE_EQ,NSE_EQ|INE121A07SK4,CIFL 8.19% 2026 SR 650,28981,CIFL 8.19% 2026 SR 650,819CIFL26
NSE_EQ,NSE_EQ|INE121A07SM0,CIFL 8.19% 2027 SR 652,30492,CIFL 8.19% 2027 SR 652,819CIFL27
NSE_EQ,NSE_EQ|INE860H07JA2,ABCL 8.10% 2029 SR F1,755957,ABCL 8.10% 2029 SR F1,81ABCL29
NSE_EQ,NSE_EQ|INE860H07IS6,ABCL 8.1% SR VI,755943,ABCL 8.1% SR VI,81ABCL33
NSE_EQ,NSE_EQ|INE033L07GS6,SEC RED NCD 8.10% SR.IV,16870,SEC RED NCD 8.10% SR.IV,81TCHF28
NSE_EQ,NSE_EQ|INE831R07425,ABHFL 8.20% 2027 SR K1,22925,ABHFL 8.20% 2027 SR K1,820ABHF27
NSE_EQ,NSE_EQ|INE831R07441,ABHFL 8.20% 2027 SR L1,23228,ABHFL 8.20% 2027 SR L1,820ABHFL27
NSE_EQ,NSE_EQ|INE951F08051,ABSLI 8.20% 2034,24443,ABSLI 8.20% 2034,820ABSLI34
NSE_EQ,NSE_EQ|INE477A07423,CANF 8.20% 2027 SR 03,30194,CANF 8.20% 2027 SR 03,820CANF27
NSE_EQ,NSE_EQ|INE121A07SL2,CIFL 8.20% 2028 SR 651,29683,CIFL 8.20% 2028 SR 651,820CIFL28
NSE_EQ,NSE_EQ|INE477L07AN9,SEC RE NCD 8.20% SR.III,7648,SEC RE NCD 8.20% SR.III,820IIFL27
NSE_EQ,NSE_EQ|INE414G07JP8,MFL 8.20% 2030 SR 43A,756714,MFL 8.20% 2030 SR 43A,820MFL30
NSE_EQ,NSE_EQ|INE692Q07514,TFSIL 8.20% 2029 SR 47,24482,TFSIL 8.20% 2029 SR 47,820TFSIL29
NSE_EQ,NSE_EQ|INE725H08121,TPL 8.20% 2026 SR K,20617,TPL 8.20% 2026 SR K,820TPL26
NSE_EQ,NSE_EQ|INE660A08CI7,SFL 8.23% 2034 SR Y3,24370,SFL 8.23% 2034 SR Y3,823SFL34
NSE_EQ,NSE_EQ|IN0020060078,GOI LOAN 8.24%2027,6884,GOI LOAN 8.24%2027,824GS2027
NSE_EQ,NSE_EQ|IN0020140052,GOI LOAN 8.24% 2033,7106,GOI LOAN 8.24% 2033,824GS2033
NSE_EQ,NSE_EQ|INE498L07038,L&T FIN 8.24% 2027 SR J,23153,L&T FIN 8.24% 2027 SR J,824LTF27
NSE_EQ,NSE_EQ|INE572E07175,PHFL 8.24% 2028 SR LXIV,25508,PHFL 8.24% 2028 SR LXIV,824PHFL28
NSE_EQ,NSE_EQ|INE0DZE07028,KISETSU 8.254% 2029 SRL2,23170,KISETSU 8.254% 2029 SRL2,8254KSFP29
NSE_EQ,NSE_EQ|INE976I07CT9,TCL 8.285% 2027 SR C,22919,TCL 8.285% 2027 SR C,8258TCL27
NSE_EQ,NSE_EQ|INE403D08223,BTL 8.25% 2027 SR XIV,27027,BTL 8.25% 2027 SR XIV,825BTL27
NSE_EQ,NSE_EQ|INE477A07381,CAN FIN 8.25% 2027,22822,CAN FIN 8.25% 2027,825CFHL27
NSE_EQ,NSE_EQ|INE127K08017,NOM 8.25% 2027 SR 01,24177,NOM 8.25% 2027 SR 01,825NOM27
NSE_EQ,NSE_EQ|INE213W07285,SIHFC 8.25% 2027 SR 26,23898,SIHFC 8.25% 2027 SR 26,825SMFG27
NSE_EQ,NSE_EQ|INE729N07073,TCSL 8.25% 2027,28973,TCSL 8.25% 2027,825TCSL27
NSE_EQ,NSE_EQ|INE729N07081,TCSL 8.25% 2028,29963,TCSL 8.25% 2028,825TCSL28
NSE_EQ,NSE_EQ|INE725H08196,TPL 8.25% 2027 SR Q,24035,TPL 8.25% 2027 SR Q,825TPL27
NSE_EQ,NSE_EQ|IN0020070036,GOI LOAN 8.26% 2027,6898,GOI LOAN 8.26% 2027,826GS2027
NSE_EQ,NSE_EQ|INE535H07CH0,SICCL 8.277% 2027 SR 107,23982,SICCL 8.277% 2027 SR 107,8277SMF27
NSE_EQ,NSE_EQ|IN0020070069,GOI LOAN 8.28% 2027,6921,GOI LOAN 8.28% 2027,828GS2027
NSE_EQ,NSE_EQ|IN0020060086,GOI LOAN 8.28%2032,6885,GOI LOAN 8.28%2032,828GS2032
NSE_EQ,NSE_EQ|INE572E07167,PHFL 8.28% 2026 SR LXIII,24796,PHFL 8.28% 2026 SR LXIII,828PHFL26
NSE_EQ,NSE_EQ|INE535H07CK4,SICCL 8.28% 2026 SR 109,24724,SICCL 8.28% 2026 SR 109,828SICC26
NSE_EQ,NSE_EQ|INE511C07706,SEC RED NCD 10.27% SR. VI,9975,SEC RED NCD 10.27% SR. VI,829PFL29
NSE_EQ,NSE_EQ|IN0020120047,GOI LOAN 8.20% 2025,7024,GOI LOAN 8.20% 2025,82GS2025
NSE_EQ,NSE_EQ|INE031A07840,8.20 NCD05MAR27 FV 1000,31240,8.20 NCD05MAR27 FV 1000,82HUDCO27
NSE_EQ,NSE_EQ|INE219X07264,SEC RE NCD 8.20% SR.V,3464,SEC RE NCD 8.20% SR.V,82IGT31
NSE_EQ,NSE_EQ|INE535H07CF4,SMFG 8.3044% 2029 SR 105,23009,SMFG 8.3044% 2029 SR 105,83044SMF29
NSE_EQ,NSE_EQ|INE860H07IJ5,ABCL 8.30% 2026 SR L2,755958,ABCL 8.30% 2026 SR L2,830ABCL26
NSE_EQ,NSE_EQ|INE831R08092,ABHFL 8.30% 2034,24636,ABHFL 8.30% 2034,830ABHFL34
NSE_EQ,NSE_EQ|INE121A07QW3,SEC RE NCD 8.30% SR.III,15370,SEC RE NCD 8.30% SR.III,830CIFC26
NSE_EQ,NSE_EQ|INE906B07CB9,BOND 8.30% PA TAX FREE S2,31040,BOND 8.30% PA TAX FREE S2,830NHAI27
NSE_EQ,NSE_EQ|INE134E07208,8.30% TAX FREE NCD,20022,8.30% TAX FREE NCD,830PFCL27
NSE_EQ,NSE_EQ|INE535H07CJ6,SICCL 8.30% 2027 SR 109,24723,SICCL 8.30% 2027 SR 109,830SICC27
NSE_EQ,NSE_EQ|INE535H07CG2,SMFG 8.30% 2025 SR 106,23660,SMFG 8.30% 2025 SR 106,830SMF25
NSE_EQ,NSE_EQ|INE535H07CI8,SICCL 8.3040% 2029 SR108,24039,SICCL 8.3040% 2029 SR108,830SMF29
NSE_EQ,NSE_EQ|INE692Q07498,TFSIL 8.30% 2027 SR S45,22854,TFSIL 8.30% 2027 SR S45,830TFSIL27
NSE_EQ,NSE_EQ|INE725H08238,TPL 8.30% 2028 SR U,29096,TPL 8.30% 2028 SR U,830TPL28
NSE_EQ,NSE_EQ|INE535H07CC1,SMFG8.3117%2025SR103OPII,22486,SMFG8.3117%2025SR103OPII,83117SMF25
NSE_EQ,NSE_EQ|INE860H08EL8,ABCL 8.31% 2034 SR SA1,755959,ABCL 8.31% 2034 SR SA1,831ABCL34
NSE_EQ,NSE_EQ|IN2920200036,SDL RJ 8.31% 2027,22062,SDL RJ 8.31% 2027,831RJ27
NSE_EQ,NSE_EQ|IN0020070044,GOI LOAN 8.32% 2032,6899,GOI LOAN 8.32% 2032,832GS2032
NSE_EQ,NSE_EQ|INE800X07105,HHFL 8.32% 2027 SR 11,756718,HHFL 8.32% 2027 SR 11,832HHFL27
NSE_EQ,NSE_EQ|INE800X07097,HHFL 8.32% 2027 SR 11,756716,HHFL 8.32% 2027 SR 11,832HHFL27A
NSE_EQ,NSE_EQ|INE692Q07472,TFSIL 8.32% 2029 SR S44,21760,TFSIL 8.32% 2029 SR S44,832TFSIL29
NSE_EQ,NSE_EQ|INE813H07390,TPL 8.32% 2026 SR 13A,22889,TPL 8.32% 2026 SR 13A,832TPL26
NSE_EQ,NSE_EQ|INE813H07382,TPL 8.32% 2027 SR 13B,22891,TPL 8.32% 2027 SR 13B,832TPL27
NSE_EQ,NSE_EQ|INE813H07374,TPL 8.32% 2028 SR 13C,22893,TPL 8.32% 2028 SR 13C,832TPL28
NSE_EQ,NSE_EQ|INE813H07366,TPL 8.32% 2029 SR 13D,22895,TPL 8.32% 2029 SR 13D,832TPL29
NSE_EQ,NSE_EQ|INE860H07IY4,ABCL 8.33% 2027 SR L1,755960,ABCL 8.33% 2027 SR L1,833ABCL27
NSE_EQ,NSE_EQ|IN0020120039,GOI LOAN 8.33% 2026,7019,GOI LOAN 8.33% 2026,833GS2026
NSE_EQ,NSE_EQ|IN0020070077,GOI LOAN 8.33% 2032,6922,GOI LOAN 8.33% 2032,833GS2032
NSE_EQ,NSE_EQ|IN0020060045,GOI LOAN 8.33% 2036,6883,GOI LOAN 8.33% 2036,833GS2036
NSE_EQ,NSE_EQ|INE572E07159,PHFL 8.33% 2029 SR LXII,24372,PHFL 8.33% 2029 SR LXII,833PHFL29
NSE_EQ,NSE_EQ|INE725H08188,TPL 8.33% 2027 SR P,21953,TPL 8.33% 2027 SR P,833TPL27
NSE_EQ,NSE_EQ|INE511N08024,MLICL 8.34% 2035,29717,MLICL 8.34% 2035,834MLICL35
NSE_EQ,NSE_EQ|INE02KN07071,GFL 8.35% 2028 SR C4,30254,GFL 8.35% 2028 SR C4,835GFL28
NSE_EQ,NSE_EQ|INE0DZE07036,KISETSU 8.35% 2027 SR L1,23168,KISETSU 8.35% 2027 SR L1,835KSFL27
NSE_EQ,NSE_EQ|INE148I07RR7,SEC RE NCD 10.5% SR IX,21026,SEC RE NCD 10.5% SR IX,835SCL23A
NSE_EQ,NSE_EQ|INE148I07RZ0,SEC RE NCD 10.25% SR XII,21056,SEC RE NCD 10.25% SR XII,835SCL23B
NSE_EQ,NSE_EQ|INE213W07277,SMFGH 8.35% 2027 SR 25,21572,SMFGH 8.35% 2027 SR 25,835SMFG27
NSE_EQ,NSE_EQ|INE729N07065,TVS CREDIT 8.35% 2027,25946,TVS CREDIT 8.35% 2027,835TCSL27
NSE_EQ,NSE_EQ|INE725H08204,TPL 8.35% 2027,24556,TPL 8.35% 2027,835TPL27
NSE_EQ,NSE_EQ|INE692Q07480,TFSIL 8.3645% 2027 SRS43,21767,TFSIL 8.3645% 2027 SRS43,83645TFS27
NSE_EQ,NSE_EQ|INE233A08121,GIL 8.36% 2026 SR I,22905,GIL 8.36% 2026 SR I,836GIL26
NSE_EQ,NSE_EQ|INE020B07HQ6,BOND 8.37% TAX FREE S3A,30986,BOND 8.37% TAX FREE S3A,837REC33
NSE_EQ,NSE_EQ|INE535H07CE7,SMFG 8.37% 2029 SR 104,22575,SMFG 8.37% 2029 SR 104,837SMFG29
NSE_EQ,NSE_EQ|IN0020100031,GOI LOAN 8.30% 2040,6981,GOI LOAN 8.30% 2040,83GS2040
NSE_EQ,NSE_EQ|IN0020120062,GOI LOAN 8.30% 2042,7034,GOI LOAN 8.30% 2042,83GS2042
NSE_EQ,NSE_EQ|INE033L07GT4,SEC RED NCD 8.30% SR.V,16872,SEC RED NCD 8.30% SR.V,83TCHF28
NSE_EQ,NSE_EQ|INE121A07RP5,CHOLA 8.40% 2027 SR 635,21325,CHOLA 8.40% 2027 SR 635,840CIFCL27
NSE_EQ,NSE_EQ|INE121A07QY9,SEC RE NCD 8.40% SR.V,15374,SEC RE NCD 8.40% SR.V,840CIFCL28
NSE_EQ,NSE_EQ|INE121A07SH0,CIFL 8.40% 2027,25393,CIFL 8.40% 2027,840CIFL27
NSE_EQ,NSE_EQ|INE02JD07041,GHFL 8.40% 2028 SR C2,25130,GHFL 8.40% 2028 SR C2,840GHFL28
NSE_EQ,NSE_EQ|INE233A08113,GIL 8.40% 2027 SR II,22907,GIL 8.40% 2027 SR II,840GIL27
NSE_EQ,NSE_EQ|INE053F07660,BOND 8.40% PA TF TI-SIIA,591,BOND 8.40% PA TF TI-SIIA,840IRFC29
NSE_EQ,NSE_EQ|INE091A07216,NIRMA 8.40%2026SRVII TRB,22809,NIRMA 8.40%2026SRVII TRB,840NIRMA26
NSE_EQ,NSE_EQ|INE813H07358,TPL 8.40% 2026 SR 12A,21659,TPL 8.40% 2026 SR 12A,840TPL26
NSE_EQ,NSE_EQ|INE813H07341,TPL 8.40% 2027 SR 12B,21677,TPL 8.40% 2027 SR 12B,840TPL27
NSE_EQ,NSE_EQ|INE813H07333,TPL 8.40% 2028 SR 12C,21624,TPL 8.40% 2028 SR 12C,840TPL28
NSE_EQ,NSE_EQ|INE813H07325,TPL 8.40% 2029 SR 12D,21684,TPL 8.40% 2029 SR 12D,840TPL29
NSE_EQ,NSE_EQ|INE233A08139,GIL 8.42% 2027 SR 01,24253,GIL 8.42% 2027 SR 01,842GIL27
NSE_EQ,NSE_EQ|INE957N07823,HFL 8.42% 2027 SR71 OPII,757485,HFL 8.42% 2027 SR71 OPII,842HFL27
NSE_EQ,NSE_EQ|INE530B07161,SEC RE NCD 8.42% SR.V,6197,SEC RE NCD 8.42% SR.V,842IIFL26
NSE_EQ,NSE_EQ|INE477L07AQ2,SEC RE NCD 8.43% SR.VI,7668,SEC RE NCD 8.43% SR.VI,843IHFL29
NSE_EQ,NSE_EQ|INE148I07LD0,SEC RE NCD 8.43% SR.VIII,7772,SEC RE NCD 8.43% SR.VIII,843SCFL27
NSE_EQ,NSE_EQ|INE148I07LU4,SEC RE NCD 8.43% SR.VIII,9273,SEC RE NCD 8.43% SR.VIII,843SCL27
NSE_EQ,NSE_EQ|INE725H08154,TPL 8.43% 2026 SR M,20628,TPL 8.43% 2026 SR M,843TPL26
NSE_EQ,NSE_EQ|INE02JD07058,GHFL 8.45% 2029 SR C3,25374,GHFL 8.45% 2029 SR C3,845GHFL29
NSE_EQ,NSE_EQ|INE357L07507,NOMURA 8.45% 2027 SR 4A,24901,NOMURA 8.45% 2027 SR 4A,845NOM27
NSE_EQ,NSE_EQ|INE357L07499,NOMURA 8.45% 2027 SR 4B,24903,NOMURA 8.45% 2027 SR 4B,845NOM27A
NSE_EQ,NSE_EQ|INE020B07HP8,BOND 8.46% TAX FREE S2A,30984,BOND 8.46% TAX FREE S2A,846REC28
NSE_EQ,NSE_EQ|INE148I07MB2,SEC RE NCD 9.30% SR.IV,11337,SEC RE NCD 9.30% SR.IV,847SCL25
NSE_EQ,NSE_EQ|INE725H08162,TPL 8.47% 2026 SR O,20614,TPL 8.47% 2026 SR O,847TPL26
NSE_EQ,NSE_EQ|INE733E07JF7,8.48%S-R-NCD SERIES 2A,31760,8.48%S-R-NCD SERIES 2A,848NTPC28
NSE_EQ,NSE_EQ|INE951F08069,ABSLI 8.49% 2034,24819,ABSLI 8.49% 2034,849ABSLI34
NSE_EQ,NSE_EQ|INE121A07RE9,SEC RE NCD 8.40% SR 5,17958,SEC RE NCD 8.40% SR 5,84CIFCL28
NSE_EQ,NSE_EQ|INE033L07GU2,SEC RED NCD 8.40% SR.V,16874,SEC RED NCD 8.40% SR.V,84TCHF28
NSE_EQ,NSE_EQ|INE121A07RO8,SEC RE NCD 8.50% SR 3,20435,SEC RE NCD 8.50% SR 3,850CIFCL26
NSE_EQ,NSE_EQ|INE121A07SG2,CIFL 8.5% 2027 SR 646,24604,CIFL 8.5% 2027 SR 646,850CIFL27
NSE_EQ,NSE_EQ|INE121A07SJ6,CIFL 8.50% 2034 SR 649,27092,CIFL 8.50% 2034 SR 649,850CIFL34
NSE_EQ,NSE_EQ|INE800X07071,HHFL 8.50% 2027 SR 10,756165,HHFL 8.50% 2027 SR 10,850HHFL27
NSE_EQ,NSE_EQ|INE477L07AO7,SEC RE NCD 8.50% SR.IV,7662,SEC RE NCD 8.50% SR.IV,850IIFL27
NSE_EQ,NSE_EQ|INE906B07DE1,8.50% TAX FREE TR I S IIA,186,8.50% TAX FREE TR I S IIA,850NHAI29
NSE_EQ,NSE_EQ|INE091A07208,NIRMA 8.50%2027SRVII TRC,22811,NIRMA 8.50%2027SRVII TRC,850NIRMA27
NSE_EQ,NSE_EQ|INE148I08348,UNSE RE NCD 9.35% SR.X,5863,UNSE RE NCD 9.35% SR.X,850SCL25A
NSE_EQ,NSE_EQ|INE723X07240,TIAPL 8.50% 2028 SR II,756137,TIAPL 8.50% 2028 SR II,850TIAP28A
NSE_EQ,NSE_EQ|INE723X07232,TIAPL 8.50% 2028 SR I,755930,TIAPL 8.50% 2028 SR I,850TIAPL28
NSE_EQ,NSE_EQ|INE725H08170,TPL 8.50% 2026 SR N,20612,TPL 8.50% 2026 SR N,850TPL26
NSE_EQ,NSE_EQ|INE031A07915,8.51% TAX FREETRI SR2A,19964,8.51% TAX FREETRI SR2A,851HUDCO28
NSE_EQ,NSE_EQ|INE027E07AM9,SERENCD 8.52% SR.VII OPI,20689,SERENCD 8.52% SR.VII OPI,852LTF27
NSE_EQ,NSE_EQ|INE414G07JN3,MFL 8.52% 2028 OP I,755984,MFL 8.52% 2028 OP I,852MFL28
NSE_EQ,NSE_EQ|INE414G07JO1,MFL 8.52% 2028 OP II,755986,MFL 8.52% 2028 OP II,852MFL28A
NSE_EQ,NSE_EQ|INE848E07526,8.54% SEC RED BOND S2A,31483,8.54% SEC RED BOND S2A,854NHPC28
NSE_EQ,NSE_EQ|INE202E07120,IREDA 8.55NCDTR I SR II A,1380,IREDA 8.55NCDTR I SR II A,855IREDA29
NSE_EQ,NSE_EQ|INE202E07146,IREDA 8.55NCDTR I SR IIIA,1383,IREDA 8.55NCDTR I SR IIIA,855IREDA34
NSE_EQ,NSE_EQ|INE357L07465,NOMURA CAP 8.55% 2026,22600,NOMURA CAP 8.55% 2026,855NCPL26
NSE_EQ,NSE_EQ|INE306N07LL7,SERENCD8.55%SR.IIICI&II,21194,SERENCD8.55%SR.IIICI&II,855TCAPS27
NSE_EQ,NSE_EQ|INE121A08PV5,CIFL 8.57% 2032 SR 77,757404,CIFL 8.57% 2032 SR 77,857CIFL32
NSE_EQ,NSE_EQ|INE477L07BI7,IHFL 8.57% 2026 SR J1,29307,IHFL 8.57% 2026 SR J1,857IHFL26
NSE_EQ,NSE_EQ|INE121A07SB3,CHOLA 8.58% 2027 SR 641,23734,CHOLA 8.58% 2027 SR 641,858CIF27
NSE_EQ,NSE_EQ|INE031A07972,8.58% TAX FREETRII SR2A,19966,8.58% TAX FREETRII SR2A,858HUDCO29
NSE_EQ,NSE_EQ|INE121A07SA5,CHOLA 8.59% 2029 SR 640,23658,CHOLA 8.59% 2029 SR 640,859CIFCL29
NSE_EQ,NSE_EQ|INE121A07RT7,SEC RE NCD 8.50% SR 3,22551,SEC RE NCD 8.50% SR 3,85CIFC27
NSE_EQ,NSE_EQ|INE02JD07033,GHFL 8.5% 2027 SR C1,24670,GHFL 8.5% 2027 SR C1,85GHFL27
NSE_EQ,NSE_EQ|INE530B07344,SEC RE NCD 8.5% SR.III,17024,SEC RE NCD 8.5% SR.III,85IFL26
NSE_EQ,NSE_EQ|INE027E07BB0,SERENCD 8.50% SR.VI OP11,20713,SERENCD 8.50% SR.VI OP11,85LTF26
NSE_EQ,NSE_EQ|INE516Y07360,SEC RE NCD 8.50% SR.IV,5145,SEC RE NCD 8.50% SR.IV,85PCHFL26
NSE_EQ,NSE_EQ|INE511C07714,SEC RED NCD 10.75% SR.VII,9982,SEC RED NCD 10.75% SR.VII,85PFL26A
NSE_EQ,NSE_EQ|INE121A07RX9,CHOLA 8.60% 2029 SR 637,23012,CHOLA 8.60% 2029 SR 637,860CIFC29
NSE_EQ,NSE_EQ|INE121A07RM2,SEC RE NCD 8.60% SR 5,20443,SEC RE NCD 8.60% SR 5,860CIFCL28
NSE_EQ,NSE_EQ|INE121A07RY7,CHOLA 8.60% 2029 SR 638,23172,CHOLA 8.60% 2029 SR 638,860CIFCL29
NSE_EQ,NSE_EQ|INE02KN07048,GFL 8.60% 2027 SR C1,24593,GFL 8.60% 2027 SR C1,860GFL27
NSE_EQ,NSE_EQ|INE957N07773,HFL 8.60% 2029 SR 62,22564,HFL 8.60% 2029 SR 62,860HFL29
NSE_EQ,NSE_EQ|INE414G07JM5,MFL 8.60% 2028,30147,MFL 8.60% 2028,860MFL28
NSE_EQ,NSE_EQ|INE725H08246,TPL 8.60% 2031 SR V,29545,TPL 8.60% 2031 SR V,860TPL31
NSE_EQ,NSE_EQ|INE020B07IE0,BOND8.61% PA TF TR II S3A,2935,BOND8.61% PA TF TR II S3A,861REC34
NSE_EQ,NSE_EQ|INE800X07063,HHFL 8.62% 2029 SR 009,24476,HHFL 8.62% 2029 SR 009,862HHFL29
NSE_EQ,NSE_EQ|INE020B07HT0,BOND 8.62% TAX FREE S3B,30992,BOND 8.62% TAX FREE S3B,862REC33
NSE_EQ,NSE_EQ|INE053F07728,BOND 8.63% PA TF TII-SIIA,1991,BOND 8.63% PA TF TII-SIIA,863IRFC29
NSE_EQ,NSE_EQ|INE557F07090,BOND 8.63%PA TF TR-I S 2A,31966,BOND 8.63%PA TF TR-I S 2A,863NHB29
NSE_EQ,NSE_EQ|INE557F07108,BOND 8.76%PA TF TR-I S 3A,31967,BOND 8.76%PA TF TR-I S 3A,863NHB34
NSE_EQ,NSE_EQ|INE020B07ID2,BOND8.63% PA TF TR II S2A,2933,BOND8.63% PA TF TR II S2A,863REC29
NSE_EQ,NSE_EQ|INE121A07SE7,CI 8.64% 2029 644,24260,CI 8.64% 2029 644,864CIFL29
NSE_EQ,NSE_EQ|INE121A07SF4,CIFL 8.64% 2029 SR 645,24347,CIFL 8.64% 2029 SR 645,864CIFL29A
NSE_EQ,NSE_EQ|INE403D08231,BTL 8.65% 2027 SR XIX,27023,BTL 8.65% 2027 SR XIX,865BTL27
NSE_EQ,NSE_EQ|INE121A07SC1,CHOLA 8.65% 2029 SR 642,23837,CHOLA 8.65% 2029 SR 642,865CIF29
NSE_EQ,NSE_EQ|INE121A07RW1,CHOLA 8.65% 2029 SR 636,22917,CHOLA 8.65% 2029 SR 636,865CIFC865
NSE_EQ,NSE_EQ|INE121A07SD9,CHOLA 8.65% 2029 SR 643,23900,CHOLA 8.65% 2029 SR 643,865CIFL29
NSE_EQ,NSE_EQ|INE800X07089,HHFL 8.65% 30 SR 10 OP I,756163,HHFL 8.65% 30 SR 10 OP I,865HHFL30
NSE_EQ,NSE_EQ|INE530B07385,SEC RE NCD 8.65% SR.V,17039,SEC RE NCD 8.65% SR.V,865IFL28
NSE_EQ,NSE_EQ|INE477L07BB2,SEC RE NCD 8.65% SR III,28856,SEC RE NCD 8.65% SR III,865IHFL27
NSE_EQ,NSE_EQ|INE530B07310,SEC RE NCD 8.65% SR.V,13852,SEC RE NCD 8.65% SR.V,865IIFL28
NSE_EQ,NSE_EQ|INE053F07686,BOND 8.65% PA TF TI-SIIB,603,BOND 8.65% PA TF TI-SIIB,865IRFC29
NSE_EQ,NSE_EQ|INE027E07BC8,SERENCD 8.65% SR.VI OP12,20715,SERENCD 8.65% SR.VI OP12,865LTF26
NSE_EQ,NSE_EQ|INE414G07JL7,MFL 8.65% 2028,29469,MFL 8.65% 2028,865MFL28
NSE_EQ,NSE_EQ|INE557F07165,NHB 8.65 NCD TR II SR 3 A,1761,NHB 8.65 NCD TR II SR 3 A,865NHB34
NSE_EQ,NSE_EQ|INE148I07MK3,SEC RE NCD 8.70% SR.VIII,11365,SEC RE NCD 8.70% SR.VIII,865SCL24B
NSE_EQ,NSE_EQ|INE148I07GJ7,SEC RED NCD 8.65% SR. V,18624,SEC RED NCD 8.65% SR. V,865SCL26
NSE_EQ,NSE_EQ|INE306N07LM5,SERENCD8.65%SR.IIICIII&IV,21197,SERENCD8.65%SR.IIICIII&IV,865TCAPS27
NSE_EQ,NSE_EQ|INE105A08022,TVS HOLDINGS 8.65% 2029,24041,TVS HOLDINGS 8.65% 2029,865TVSH29
NSE_EQ,NSE_EQ|INE787H07347,8.66% TAX FREE NCD,20056,8.66% TAX FREE NCD,866IIFC34B
NSE_EQ,NSE_EQ|INE733E07JG5,8.66%S-R-NCD SERIES 3A,31762,8.66%S-R-NCD SERIES 3A,866NTPC33
NSE_EQ,NSE_EQ|INE244L07564,SEC RE NCD 9.57% SR.VIII,15251,SEC RE NCD 9.57% SR.VIII,866SFIL23A
NSE_EQ,NSE_EQ|INE414G07JK9,MUTF 8.67% 2030,29184,MUTF 8.67% 2030,867MUTF30
NSE_EQ,NSE_EQ|INE848E07534,8.67% SEC RED BOND S3A,31484,8.67% SEC RED BOND S3A,867NHPC33
NSE_EQ,NSE_EQ|INE134E07455,8.67% TAX FREE NCD,20026,8.67% TAX FREE NCD,867PFCL33
NSE_EQ,NSE_EQ|INE557F07157,NHB 8.68 NCD TR II SR 2 A,1758,NHB 8.68 NCD TR II SR 2 A,868NHB29
NSE_EQ,NSE_EQ|INE121A07RV3,SEC RE NCD 8.60% SR 5,22556,SEC RE NCD 8.60% SR 5,86CIFC29
NSE_EQ,NSE_EQ|IN0020140011,GOI LOAN 8.6% 2028,7088,GOI LOAN 8.6% 2028,86GS2028
NSE_EQ,NSE_EQ|INE020B07HS2,BOND 8.71% TAX FREE S2B,30990,BOND 8.71% TAX FREE S2B,871REC28
NSE_EQ,NSE_EQ|INE774D08LU6,8.72% UNSECURED NCD,20046,8.72% UNSECURED NCD,872MMFSL26
NSE_EQ,NSE_EQ|INE733E07JI1,8.73%S-R-NCD SERIES 2B,31766,8.73%S-R-NCD SERIES 2B,873NTPC28
NSE_EQ,NSE_EQ|INE403D08256,BTL 8.75% 2028 SR XX,27029,BTL 8.75% 2028 SR XX,875BTL28
NSE_EQ,NSE_EQ|INE403D08264,BTL 8.75% 2029 SR XXI,27031,BTL 8.75% 2029 SR XXI,875BTL29
NSE_EQ,NSE_EQ|INE121A07RQ3,SEC RE NCD 8.45% SR 1,22542,SEC RE NCD 8.45% SR 1,875CIFC23B
NSE_EQ,NSE_EQ|INE121A08PU7,CIFL 8.75% 2032 SD76,755879,CIFL 8.75% 2032 SD76,875CIFL32
NSE_EQ,NSE_EQ|INE02KN07022,GFL 8.75% 2027 SR A,21615,GFL 8.75% 2027 SR A,875GFL27
NSE_EQ,NSE_EQ|INE477L07AR0,SEC RE NCD 8.75% SR.VII,7671,SEC RE NCD 8.75% SR.VII,875IHFL29
NSE_EQ,NSE_EQ|INE530B07179,SEC RE NCD 8.75% SR.VI,6200,SEC RE NCD 8.75% SR.VI,875IIFL26
NSE_EQ,NSE_EQ|INE530B07294,SEC RE NCD 8.75% SR.III,13845,SEC RE NCD 8.75% SR.III,875IIFL26A
NSE_EQ,NSE_EQ|INE906B07DF8,8.75% TAX FREE TR I S IIB,192,8.75% TAX FREE TR I S IIB,875NHAI29
NSE_EQ,NSE_EQ|INE516Y07410,SEC RE NCD 8.75% SR.IV,5151,SEC RE NCD 8.75% SR.IV,875PCHFL26
NSE_EQ,NSE_EQ|INE516Y07378,SEC RE NCD 8.75% SR.V,5155,SEC RE NCD 8.75% SR.V,875PCHFL31
NSE_EQ,NSE_EQ|INE148I07LB4,SEC RE NCD 8.75% SR.VII,7765,SEC RE NCD 8.75% SR.VII,875SCFL27
NSE_EQ,NSE_EQ|INE148I07RU1,SEC RE NCD 10.03% SR X,21028,SEC RE NCD 10.03% SR X,875SCL23A
NSE_EQ,NSE_EQ|INE148I07LS8,SEC RE NCD 8.75% SR.VII,9255,SEC RE NCD 8.75% SR.VII,875SCL27
NSE_EQ,NSE_EQ|INE721A07PK7,SEC RED NCD 8.75% SR.III,17159,SEC RED NCD 8.75% SR.III,875SFL27
NSE_EQ,NSE_EQ|INE306N08334,UNSERENCD8.75%SR.IVCI&II,21227,UNSERENCD8.75%SR.IVCI&II,875TCAPS29
NSE_EQ,NSE_EQ|INE105A08030,TVSH 8.75% 2030,29245,TVSH 8.75% 2030,875TVSH30
NSE_EQ,NSE_EQ|INE031A07949,8.76% TAX FREETRI SR2B,19968,8.76% TAX FREETRI SR2B,876HUDCO28
NSE_EQ,NSE_EQ|INE414G07IR6,MFL 8.78% 2027,20749,MFL 8.78% 2027,878MFL27
NSE_EQ,NSE_EQ|INE414G07JJ1,MUTF 8.78% 2029,25742,MUTF 8.78% 2029,878MUTF29
NSE_EQ,NSE_EQ|INE848E07559,8.79% SEC RED BOND S2B,31486,8.79% SEC RED BOND S2B,879NHPC28
NSE_EQ,NSE_EQ|INE148I08231,UNS RED NCD 8.79% SR.VIII,18632,UNS RED NCD 8.79% SR.VIII,879SCL26
NSE_EQ,NSE_EQ|INE957N07807,HFL 8.7% 2026 SR 70,28979,HFL 8.7% 2026 SR 70,87HFL26
NSE_EQ,NSE_EQ|INE957N07815,HFL 8.7% 27 SR 70 OP II,28977,HFL 8.7% 27 SR 70 OP II,87HFL27
NSE_EQ,NSE_EQ|INE477L07AY6,IHFL 8.7% 2025 SR G1,25842,IHFL 8.7% 2025 SR G1,87IHFL25
NSE_EQ,NSE_EQ|INE027E07AN7,SERENCD 8.70% SR.VII OPII,20691,SERENCD 8.70% SR.VII OPII,87LTF27
NSE_EQ,NSE_EQ|INE148I07NP0,SEC RE NCD 8.70% SR.V,13477,SEC RE NCD 8.70% SR.V,87SCL25
NSE_EQ,NSE_EQ|INE148I07MD8,SEC RE NCD 9.05% SR.VII,11356,SEC RE NCD 9.05% SR.VII,87SCL27
NSE_EQ,NSE_EQ|INE148I07MY4,SEC RE NCD 8.94% SR.VI,11846,SEC RE NCD 8.94% SR.VI,87SCL27A
NSE_EQ,NSE_EQ|INE202E07138,IREDA 8.80NCDTR I SR II B,1391,IREDA 8.80NCDTR I SR II B,880IREDA29
NSE_EQ,NSE_EQ|INE202E07153,IREDA 8.80NCDTR I SR IIIB,1393,IREDA 8.80NCDTR I SR IIIB,880IREDA34
NSE_EQ,NSE_EQ|IN0020110063,GOI LOAN 8.83% 2041,7013,GOI LOAN 8.83% 2041,883GS2041
NSE_EQ,NSE_EQ|INE027E07980,SE RE NCD 8.84% SR.VI OP1,20648,SE RE NCD 8.84% SR.VI OP1,884LTF29
NSE_EQ,NSE_EQ|INE121A08PM4,CHOLA 8.85% 2034 SR SD69,23244,CHOLA 8.85% 2034 SR SD69,885CIFCL34
NSE_EQ,NSE_EQ|INE477L07AZ3,SEC RE NCD 8.85% SR I,28852,SEC RE NCD 8.85% SR I,885IHL26
NSE_EQ,NSE_EQ|INE027E07AK3,SE RE NCD 8.85% SR.VI OPI,20671,SE RE NCD 8.85% SR.VI OPI,885LTF27
NSE_EQ,NSE_EQ|INE414G07IS4,MFL 8.85% 2028,20751,MFL 8.85% 2028,885MFL28
NSE_EQ,NSE_EQ|INE414G07JA0,MFL 8.85% 2029,22513,MFL 8.85% 2029,885MFL29
NSE_EQ,NSE_EQ|INE338I07131,SEC RE NCD 8.85% SR I,23698,SEC RE NCD 8.85% SR I,885MOFSL26
NSE_EQ,NSE_EQ|INE357L07481,NOMURA 8.85% 2028,23551,NOMURA 8.85% 2028,885NOM28
NSE_EQ,NSE_EQ|INE148I07GK5,SEC RED NCD 8.85% SR. VI,18626,SEC RED NCD 8.85% SR. VI,885SCL26
NSE_EQ,NSE_EQ|INE306N08342,UNSERENCD8.85%SRIVCIII&IV,21229,UNSERENCD8.85%SRIVCIII&IV,885TCAPS29
NSE_EQ,NSE_EQ|INE020B07IH3,BOND8.86% PA TF TR II S3B,2953,BOND8.86% PA TF TR II S3B,886REC34
NSE_EQ,NSE_EQ|INE957N07799,HFL 8.8871% 2026 SR 66,25153,HFL 8.8871% 2026 SR 66,8887HFL26
NSE_EQ,NSE_EQ|INE528S07110,SEC RED NCD 8.88% SR. V,2252,SEC RED NCD 8.88% SR. V,888ERFL28
NSE_EQ,NSE_EQ|INE121A07RJ8,SEC RE NCD 8.40% SR 1,20427,SEC RE NCD 8.40% SR 1,888IHFL25F
NSE_EQ,NSE_EQ|INE053F07744,BOND 8.88% PA TF TII-SIIB,1999,BOND 8.88% PA TF TII-SIIB,888IRFC29
NSE_EQ,NSE_EQ|INE557F07124,BOND 8.88%PA TF TR-I S 2B,31969,BOND 8.88%PA TF TR-I S 2B,888NHB29
NSE_EQ,NSE_EQ|INE020B07IG5,BOND8.88% PA TF TR II S2B,2947,BOND8.88% PA TF TR II S2B,888REC29
NSE_EQ,NSE_EQ|INE148I07QF4,SEC RE NCD 8.88% SR II,19957,SEC RE NCD 8.88% SR II,888SCL25
NSE_EQ,NSE_EQ|INE148I07OJ1,SEC RE NCD 8.88% SR II,17488,SEC RE NCD 8.88% SR II,888SCL25A
NSE_EQ,NSE_EQ|INE148I07RE5,SEC RE NCD 8.88% SR II,20972,SEC RE NCD 8.88% SR II,888SCL25B
NSE_EQ,NSE_EQ|INE148I07QC1,SEC RE NCD 9.57% SR X,19774,SEC RE NCD 9.57% SR X,888SCL25D
NSE_EQ,NSE_EQ|INE148I07PV3,SEC RE NCD 10.25% SR XII,18906,SEC RE NCD 10.25% SR XII,888SCL25E
NSE_EQ,NSE_EQ|INE148I07SB9,SEC RE NCD 8.88% SR II,23285,SEC RE NCD 8.88% SR II,888SCL26
NSE_EQ,NSE_EQ|INE148I07TD3,SEC RE NCD 8.88% SR II,23930,SEC RE NCD 8.88% SR II,888SCL26A
NSE_EQ,NSE_EQ|INE148I07VQ1,SCL 8.88% 2026 SR II,28900,SCL 8.88% 2026 SR II,888SCL26X
NSE_EQ,NSE_EQ|INE148I07LE8,SEC RE NCD 8.89% SR.VIII,7777,SEC RE NCD 8.89% SR.VIII,889SCFL27
NSE_EQ,NSE_EQ|INE148I07KN1,SEC RE NCD 9.25% SR.VII,5855,SEC RE NCD 9.25% SR.VII,889SCL26
NSE_EQ,NSE_EQ|INE148I07LV2,SEC RE NCD 8.89% SR.VIII,9277,SEC RE NCD 8.89% SR.VIII,889SCL27
NSE_EQ,NSE_EQ|INE148I08322,UNSE RE NCD 9.75% SR.IX,5859,UNSE RE NCD 9.75% SR.IX,889SCL28
NSE_EQ,NSE_EQ|INE148I07MQ0,SEC RE NCD 8.80% SR.IV,11833,SEC RE NCD 8.80% SR.IV,88SCL25
NSE_EQ,NSE_EQ|INE563J08023,ALSL 8.90% 2027,756161,ALSL 8.90% 2027,890ALSL27
NSE_EQ,NSE_EQ|INE403D08249,BTL 8.90% 2031 SR XXII,27025,BTL 8.90% 2031 SR XXII,890BTL31
NSE_EQ,NSE_EQ|INE403D08215,BTL 8.90% 2034 SR XXIII,27021,BTL 8.90% 2034 SR XXIII,890BTL34
NSE_EQ,NSE_EQ|INE414G07JB8,MFL 8.90% 2027,23361,MFL 8.90% 2027,890MFL27
NSE_EQ,NSE_EQ|INE414G07JI3,MFL 8.90% 2027,24794,MFL 8.90% 2027,890MFL27A
NSE_EQ,NSE_EQ|INE357L07473,NOMURA 8.90% 2028 SR 02,22737,NOMURA 8.90% 2028 SR 02,890NCPL28
NSE_EQ,NSE_EQ|INE557F07199,NHB 8.90 NCD TR II SR 3 B,1767,NHB 8.90 NCD TR II SR 3 B,890NHB34
NSE_EQ,NSE_EQ|INE244L07523,SEC RE NCD 10.03% SR.VIII,15253,SEC RE NCD 10.03% SR.VIII,890SFIL23A
NSE_EQ,NSE_EQ|INE787H07370,8.91% TAX FREE NCD,20058,8.91% TAX FREE NCD,891IIFCL34
NSE_EQ,NSE_EQ|INE733E07JJ9,8.91%S-R-NCD SERIES 3B,31768,8.91%S-R-NCD SERIES 3B,891NTPC33
NSE_EQ,NSE_EQ|INE121A08PR3,CIFL 8.92% 2034 SR SD73,27292,CIFL 8.92% 2034 SR SD73,892CIFL34
NSE_EQ,NSE_EQ|INE848E07567,8.92% SEC RED BOND S3B,31487,8.92% SEC RED BOND S3B,892NHPC33
NSE_EQ,NSE_EQ|INE134E07463,8.92% TAX FREE NCD,20028,8.92% TAX FREE NCD,892PFCL33
NSE_EQ,NSE_EQ|INE557F07181,NHB 8.93 NCD TR II SR 2 B,1765,NHB 8.93 NCD TR II SR 2 B,893NHB29
NSE_EQ,NSE_EQ|INE957N07781,HFL 8.94% 2025 SR 63,23787,HFL 8.94% 2025 SR 63,894HFL25
NSE_EQ,NSE_EQ|INE148I07MF3,SEC RE NCD SR.V,11339,SEC RE NCD SR.V,894SCL25
NSE_EQ,NSE_EQ|INE148I07MT4,SEC RE NCD SR.V,11837,SEC RE NCD SR.V,894SCL25A
NSE_EQ,NSE_EQ|INE148I07NG9,SEC RE NCD 9.80% SR.VII,13487,SEC RE NCD 9.80% SR.VII,894SCL27
NSE_EQ,NSE_EQ|INE414G07JD4,MFL 8.95% 2027 SR33A OPI,23667,MFL 8.95% 2027 SR33A OPI,895MFL27
NSE_EQ,NSE_EQ|IN2020200035,SDL KL 8.96% 2035,21906,SDL KL 8.96% 2035,896KL35
NSE_EQ,NSE_EQ|IN0020110055,GOI LOAN 8.97% 2030,7011,GOI LOAN 8.97% 2030,897GS2030
NSE_EQ,NSE_EQ|INE414G07JH5,MFL 8.97% 2027,24512,MFL 8.97% 2027,897MFL27
NSE_EQ,NSE_EQ|INE338I07164,SEC RE NCD 8.97% SR V,23706,SEC RE NCD 8.97% SR V,897MOFSL29
NSE_EQ,NSE_EQ|INE027E07998,SERENCD 8.98% SR.VI OP2,20655,SERENCD 8.98% SR.VI OP2,898LTF29
NSE_EQ,NSE_EQ|INE477L07BG1,SEC RE NCD 8.90% SR VI,28869,SEC RE NCD 8.90% SR VI,89IHFL29
NSE_EQ,NSE_EQ|INE148I07NA2,SEC RE NCD 8.70% SR.VIII,11857,SEC RE NCD 8.70% SR.VIII,89SCL24A
NSE_EQ,NSE_EQ|INE860H07IQ0,ABCL 8% SR I,755941,ABCL 8% SR I,8ABCL26
NSE_EQ,NSE_EQ|INE831R07417,ABHFL 8% 2034 SR J1,22635,ABHFL 8% 2034 SR J1,8ABHF34
NSE_EQ,NSE_EQ|IN1120200010,SDL AR 8% 2030,20963,SDL AR 8% 2030,8AR30
NSE_EQ,NSE_EQ|IN1220200019,SDL AS 8% 2030,21048,SDL AS 8% 2030,8AS30
NSE_EQ,NSE_EQ|IN1620200015,SDL HR 8% 2030,21031,SDL HR 8% 2030,8HR30
NSE_EQ,NSE_EQ|IN2320200016,SDL MN 8% 2030,21923,SDL MN 8% 2030,8MN30
NSE_EQ,NSE_EQ|INE121A08PS1,CIFL 9.00% 2035 SR SD 74,29249,CIFL 9.00% 2035 SR SD 74,900CIFL35
NSE_EQ,NSE_EQ|INE031A07AB2,9.01% TAX FREETRII SR3B,19970,9.01% TAX FREETRII SR3B,901HUDCO34
NSE_EQ,NSE_EQ|INE557F07132,BOND 9.01%PA TF TR-I S 3B,31970,BOND 9.01%PA TF TR-I S 3B,901NHB34
NSE_EQ,NSE_EQ|INE414G07JF9,MFL 9.02% 2027,23768,MFL 9.02% 2027,902MFL27
NSE_EQ,NSE_EQ|INE148I07QE7,SEC RE NCD 9.02% SR V,19763,SEC RE NCD 9.02% SR V,902SCL26
NSE_EQ,NSE_EQ|INE148I07QM0,SEC RE NCD 9.02% SR V,20065,SEC RE NCD 9.02% SR V,902SCL26A
NSE_EQ,NSE_EQ|INE148I07OQ6,SEC RE NCD 9.02% SR V,17521,SEC RE NCD 9.02% SR V,902SCL26I
NSE_EQ,NSE_EQ|INE148I07SJ2,SEC RE NCD 9.02% SR V,23295,SEC RE NCD 9.02% SR V,902SCL27
NSE_EQ,NSE_EQ|INE148I07TH4,SEC RE NCD 9.02% SR V,23946,SEC RE NCD 9.02% SR V,902SCL27A
NSE_EQ,NSE_EQ|INE148I07UD1,SEC RE NCD 9.02% SR V,25550,SEC RE NCD 9.02% SR V,902SCL27C
NSE_EQ,NSE_EQ|INE148I07VJ6,SCL 9.02% 2027 SR V,28920,SCL 9.02% 2027 SR V,902SCL27Q
NSE_EQ,NSE_EQ|INE148I07WU1,SCL 9.02% SR V,30238,SCL 9.02% SR V,902SCL28
NSE_EQ,NSE_EQ|INE414G07JE2,MFL 9.03%2029 SR33A OPII,23665,MFL 9.03%2029 SR33A OPII,903MFL29
NSE_EQ,NSE_EQ|INE721A07NU1,SEC RED NCD 9.03% SR. II,498,SEC RED NCD 9.03% SR. II,903SFL28
NSE_EQ,NSE_EQ|INE121A08PT9,CIFL 9.05% 2032 SD75,30047,CIFL 9.05% 2032 SD75,905CIFL32
NSE_EQ,NSE_EQ|INE027E07AL1,SERENCD 9.05% SR.VI OPII,20687,SERENCD 9.05% SR.VI OPII,905LTF27
NSE_EQ,NSE_EQ|INE140A07740,SEC RE NCD 9.05% SR II,19828,SEC RE NCD 9.05% SR II,905PEL26
NSE_EQ,NSE_EQ|INE148I07ML1,SEC RE NCD 9.15% SR.VIII,11368,SEC RE NCD 9.15% SR.VIII,905SC24B
NSE_EQ,NSE_EQ|INE148I07NI5,SEC RE NCD 9.05% SR.IV,13460,SEC RE NCD 9.05% SR.IV,905SCL25
NSE_EQ,NSE_EQ|INE148I07MI7,SEC RE NCD 8.47% SR.VI,11342,SEC RE NCD 8.47% SR.VI,905SCL27
NSE_EQ,NSE_EQ|INE414G07JG7,MFL 9.09% 2029 SR 35A,23988,MFL 9.09% 2029 SR 35A,909MFL29
NSE_EQ,NSE_EQ|INE741K07520,SEC RE NCD 9.10% SR I,18446,SEC RE NCD 9.10% SR I,910CAGL25
NSE_EQ,NSE_EQ|INE121A08PP7,CIFL 9.10% 2031,24682,CIFL 9.10% 2031,910CIFL31
NSE_EQ,NSE_EQ|INE957N08193,HFL 9.10% 2035 SR71 OP I,757487,HFL 9.10% 2035 SR71 OP I,910HFL35
NSE_EQ,NSE_EQ|INE306N08292,UNSERENCD9.1%SRIIICIII&IV,21225,UNSERENCD9.1%SRIIICIII&IV,910TCAP28
NSE_EQ,NSE_EQ|INE723X07216,TIAPL 9.10% 2026 SR I,30494,TIAPL 9.10% 2026 SR I,910TIAPL26
NSE_EQ,NSE_EQ|INE140A07831,PEL 9.12% 2027,756840,PEL 9.12% 2027,912PEL27
NSE_EQ,NSE_EQ|INE148I08256,UNS RED NCD 9.15% SR.IX,18636,UNS RED NCD 9.15% SR.IX,915SCL26
NSE_EQ,NSE_EQ|INE148I07ME6,SEC RE NCD 9.55% SR.VII,11361,SEC RE NCD 9.55% SR.VII,915SCL27
NSE_EQ,NSE_EQ|INE148I07MV0,SEC RE NCD 9.55% SR.VII,11854,SEC RE NCD 9.55% SR.VII,915SCL27A
NSE_EQ,NSE_EQ|INE148I07NM7,SEC RE NCD 9.16% SR.V,13482,SEC RE NCD 9.16% SR.V,916SCL25
NSE_EQ,NSE_EQ|INE477L07BJ5,IHFL 9.18% 2028 SR K1,29531,IHFL 9.18% 2028 SR K1,918IHFL28
NSE_EQ,NSE_EQ|INE140A07849,PEL 9.19% 2028,756836,PEL 9.19% 2028,919PEL28
NSE_EQ,NSE_EQ|IN002025X059,GOI TBILL 91D-01/08/25,756711,GOI TBILL 91D-01/08/25,91D010825
NSE_EQ,NSE_EQ|IN002025X018,GOI TBILL 91D-03/07/25,756147,GOI TBILL 91D-03/07/25,91D030725
NSE_EQ,NSE_EQ|IN002025X109,GOI TBILL 91D-04/09/25,757401,GOI TBILL 91D-04/09/25,91D040925
NSE_EQ,NSE_EQ|IN002025X067,GOI TBILL 91D-07/08/25,756868,GOI TBILL 91D-07/08/25,91D070825
NSE_EQ,NSE_EQ|IN002025X026,GOI TBILL 91D-11/07/25,755858,GOI TBILL 91D-11/07/25,91D110725
NSE_EQ,NSE_EQ|IN002025X117,GOI TBILL 91D-11/09/25,757446,GOI TBILL 91D-11/09/25,91D110925
NSE_EQ,NSE_EQ|IN002025X075,GOI TBILL 91D-14/08/25,757120,GOI TBILL 91D-14/08/25,91D140825
NSE_EQ,NSE_EQ|IN002025X034,GOI TBILL 91D-17/07/25,755927,GOI TBILL 91D-17/07/25,91D170725
NSE_EQ,NSE_EQ|IN002024X508,GOI TBILL 91D-19/06/25,30186,GOI TBILL 91D-19/06/25,91D190625
NSE_EQ,NSE_EQ|IN002025X083,GOI TBILL 91D-21/08/25,756818,GOI TBILL 91D-21/08/25,91D210825
NSE_EQ,NSE_EQ|IN002025X042,GOI TBILL 91D-24/07/25,756066,GOI TBILL 91D-24/07/25,91D240725
NSE_EQ,NSE_EQ|IN002024X516,GOI TBILL 91D-26/06/25,30409,GOI TBILL 91D-26/06/25,91D260625
NSE_EQ,NSE_EQ|IN002025X091,GOI TBILL 91D-28/08/25,757042,GOI TBILL 91D-28/08/25,91D280825
NSE_EQ,NSE_EQ|INE338I07149,SEC RE NCD 9.10% SR III,23702,SEC RE NCD 9.10% SR III,91MOFSL27
NSE_EQ,NSE_EQ|INE140A07815,PEL 9.10% 2035,29756,PEL 9.10% 2035,91PEL35
NSE_EQ,NSE_EQ|INE721A07PN1,SEC RED NCD 9.10% SR.VI,17172,SEC RED NCD 9.10% SR.VI,91SFL27
NSE_EQ,NSE_EQ|INE503A08069,DCB 9.20% 2034 SR I,27132,DCB 9.20% 2034 SR I,920DCBBL34
NSE_EQ,NSE_EQ|INE957N08151,HFL 9.20% 2030 SR 67,25622,HFL 9.20% 2030 SR 67,920HFL30
NSE_EQ,NSE_EQ|INE413U07285,SEC RE NCD 9.20% SR I,24133,SEC RE NCD 9.20% SR I,920IIFLS26
NSE_EQ,NSE_EQ|INE140A07765,SEC RE NCD 9.20% SR III,19853,SEC RE NCD 9.20% SR III,920PEL28
NSE_EQ,NSE_EQ|INE148I07OI3,SEC RE NCD 9.25% SR I,17478,SEC RE NCD 9.25% SR I,920SCL23A
NSE_EQ,NSE_EQ|INE413U07244,SEC RE NCD 9.21% SR 1,20762,SEC RE NCD 9.21% SR 1,921ISFL25
NSE_EQ,NSE_EQ|IN0020130079,GOI LOAN 9.23% 2043,7087,GOI LOAN 9.23% 2043,923GS2043
NSE_EQ,NSE_EQ|INE423A07351,SEC RE NCD 9.25% SR I,25277,SEC RE NCD 9.25% SR I,925AEL26
NSE_EQ,NSE_EQ|INE087M08134,BCIPL 9.25% 2028 SR A,22962,BCIPL 9.25% 2028 SR A,925BCIL28
NSE_EQ,NSE_EQ|INE087M08126,BCIPL 9.25% 2028 SR B,22964,BCIPL 9.25% 2028 SR B,925BCIPL28
NSE_EQ,NSE_EQ|INE741K07595,SEC RE NCD 9.25% SR III,18471,SEC RE NCD 9.25% SR III,925CAGL26
NSE_EQ,NSE_EQ|INE528S07128,SEC RED NCD 9.25% SR. VI,2254,SEC RED NCD 9.25% SR. VI,925ERFL28
NSE_EQ,NSE_EQ|INE121A07RF6,SEC RE NCD 8.30% SR 3,17940,SEC RE NCD 8.30% SR 3,925IHFL25E
NSE_EQ,NSE_EQ|INE477L07BH9,SEC RE NCD 9.25% SR VII,28872,SEC RE NCD 9.25% SR VII,925IHFL29
NSE_EQ,NSE_EQ|INE477L07BE6,SEC RE NCD 9.25% SR IX,28876,SEC RE NCD 9.25% SR IX,925IHFL31
NSE_EQ,NSE_EQ|INE148I07LC2,SEC RE NCD 9.25% SR.VII,7769,SEC RE NCD 9.25% SR.VII,925SCFL27
NSE_EQ,NSE_EQ|INE148I07PA7,SEC RE NCD 9.25% SR II,19756,SEC RE NCD 9.25% SR II,925SCL25
NSE_EQ,NSE_EQ|INE148I07QG2,SEC RE NCD 9.25% SR II,19993,SEC RE NCD 9.25% SR II,925SCL25A
NSE_EQ,NSE_EQ|INE148I07RI6,SEC RE NCD 9.25% SR II,20977,SEC RE NCD 9.25% SR II,925SCL25B
NSE_EQ,NSE_EQ|INE148I07OL7,SEC RE NCD 9.25% SR II,17501,SEC RE NCD 9.25% SR II,925SCL25C
NSE_EQ,NSE_EQ|INE148I07OY0,SEC RE NCD 9.25% SR I,18812,SEC RE NCD 9.25% SR I,925SCL25F
NSE_EQ,NSE_EQ|INE148I07RA3,SEC RE NCD 9.8% SR XII,20125,SEC RE NCD 9.8% SR XII,925SCL25G
NSE_EQ,NSE_EQ|INE148I07RC9,SEC RE NCD 9.25% SR I,20968,SEC RE NCD 9.25% SR I,925SCL25H
NSE_EQ,NSE_EQ|INE148I07PW1,SEC RE NCD 9.25% SR I,19945,SEC RE NCD 9.25% SR I,925SCL25Z
NSE_EQ,NSE_EQ|INE148I07KM3,SEC RE NCD 8.75% SR.VII,5850,SEC RE NCD 8.75% SR.VII,925SCL26
NSE_EQ,NSE_EQ|INE148I07SA1,SEC RE NCD 9.25% SR I,23281,SEC RE NCD 9.25% SR I,925SCL26A
NSE_EQ,NSE_EQ|INE148I07SC7,SEC RE NCD 9.25% SR II,23287,SEC RE NCD 9.25% SR II,925SCL26B
NSE_EQ,NSE_EQ|INE148I07SZ8,SEC RE NCD 9.25% SR I,23926,SEC RE NCD 9.25% SR I,925SCL26C
NSE_EQ,NSE_EQ|INE148I07TC5,SEC RE NCD 9.25% SR II,23932,SEC RE NCD 9.25% SR II,925SCL26D
NSE_EQ,NSE_EQ|INE148I07TZ6,SEC RE NCD 9.25% SR I,25532,SEC RE NCD 9.25% SR I,925SCL26E
NSE_EQ,NSE_EQ|INE148I07UI0,SEC RE NCD 9.25% SR II,25537,SEC RE NCD 9.25% SR II,925SCL26F
NSE_EQ,NSE_EQ|INE148I07UY7,SCL 9.25% 2026 II,25866,SCL 9.25% 2026 II,925SCL26G
NSE_EQ,NSE_EQ|INE148I07VL2,SCL 9.25% 2026 SR II,28901,SCL 9.25% 2026 SR II,925SCL26W
NSE_EQ,NSE_EQ|INE148I07UZ4,SCL 9.25% 2026 SR I,28897,SCL 9.25% 2026 SR I,925SCL26Z
NSE_EQ,NSE_EQ|INE148I07LT6,SEC RE NCD 9.25% SR.VII,9262,SEC RE NCD 9.25% SR.VII,925SCL27
NSE_EQ,NSE_EQ|INE148I07VY5,SCL 9.25% SR I,30202,SCL 9.25% SR I,925SCL27A
NSE_EQ,NSE_EQ|INE148I07WH8,SCL 9.25% SR II,30220,SCL 9.25% SR II,925SCL27B
NSE_EQ,NSE_EQ|INE148I07NX4,SEC RE NCD 9.25% SR.VIII,14714,SEC RE NCD 9.25% SR.VIII,925SCL28
NSE_EQ,NSE_EQ|INE148I07QS7,SEC RE NCD 9.25% SR VIII,20104,SEC RE NCD 9.25% SR VIII,925SCL28A
NSE_EQ,NSE_EQ|INE148I07RS5,SEC RE NCD 10.15% SR VII,21016,SEC RE NCD 10.15% SR VII,925SCL28B
NSE_EQ,NSE_EQ|INE148I07PL4,SEC RE NCD 10.15% SR VII,18859,SEC RE NCD 10.15% SR VII,925SCL28C
NSE_EQ,NSE_EQ|INE148I07OU8,SEC RE NCD 9.25% SR VIII,17546,SEC RE NCD 9.25% SR VIII,925SCL28I
NSE_EQ,NSE_EQ|INE148I07SO2,SEC RE NCD 9.25% SR VIII,23305,SEC RE NCD 9.25% SR VIII,925SCL29
NSE_EQ,NSE_EQ|INE148I07TQ5,SEC RE NCD 9.25% SR VIII,23955,SEC RE NCD 9.25% SR VIII,925SCL29A
NSE_EQ,NSE_EQ|INE148I07UJ8,SEC RE NCD 9.25% SR VIII,25560,SEC RE NCD 9.25% SR VIII,925SCL29C
NSE_EQ,NSE_EQ|INE148I07VB3,SCL 9.25% 2029 SR VIII,28926,SCL 9.25% 2029 SR VIII,925SCL29S
NSE_EQ,NSE_EQ|IN0020130053,GOI LOAN 9.20% 2030,7039,GOI LOAN 9.20% 2030,92GS2030
NSE_EQ,NSE_EQ|INE027E07964,SE RE NCD 9.20% SR.V OP1,20638,SE RE NCD 9.20% SR.V OP1,92LTF29
NSE_EQ,NSE_EQ|INE244L07184,SERENCD9.20%SRVIICIII&IV,4942,SERENCD9.20%SRVIICIII&IV,92SFIL28
NSE_EQ,NSE_EQ|INE0TLC07085,APMD 9.30% 2027 STRPP A,757178,APMD 9.30% 2027 STRPP A,930APMD27
NSE_EQ,NSE_EQ|INE0TLC07093,APMD 9.30% 2028 STRPP B,757180,APMD 9.30% 2028 STRPP B,930APMD28
NSE_EQ,NSE_EQ|INE0TLC07069,APMD 9.30% 2029 STRPP C,757182,APMD 9.30% 2029 STRPP C,930APMD29
NSE_EQ,NSE_EQ|INE0TLC07077,APMD 9.30% 2030 STRPP D,757184,APMD 9.30% 2030 STRPP D,930APMD30
NSE_EQ,NSE_EQ|INE0TLC07051,APMD 9.30% 2031 STRPP E,757186,APMD 9.30% 2031 STRPP E,930APMD31
NSE_EQ,NSE_EQ|INE0TLC07101,APMD 9.30% 2032 STRPP F,757170,APMD 9.30% 2032 STRPP F,930APMD32
NSE_EQ,NSE_EQ|INE0TLC07028,APMD 9.30% 2033 STRPP G,757172,APMD 9.30% 2033 STRPP G,930APMD33
NSE_EQ,NSE_EQ|INE0TLC07044,APMDC 9.30% 2034 STRPP H,757174,APMDC 9.30% 2034 STRPP H,930APMD34
NSE_EQ,NSE_EQ|INE0TLC07036,APMD 9.30% 2035 STRPP I,757176,APMD 9.30% 2035 STRPP I,930APMD35
NSE_EQ,NSE_EQ|INE530B07534,IIFL 9:30% TR I SR III,756141,IIFL 9:30% TR I SR III,930IIFL27
NSE_EQ,NSE_EQ|INE516Y07519,PCHFL 9.30% 2027,29037,PCHFL 9.30% 2027,930PCHFL27
NSE_EQ,NSE_EQ|INE140A07823,PEL 9.30% 2029,755877,PEL 9.30% 2029,930PEL29
NSE_EQ,NSE_EQ|INE202B07JP8,PFL 9.30%  2027,756838,PFL 9.30%  2027,930PFL27A
NSE_EQ,NSE_EQ|INE721A07OC7,SEC RED NCD 9.30% SR. II,6149,SEC RED NCD 9.30% SR. II,930SFL28
NSE_EQ,NSE_EQ|INE244L07150,SERENCD8.75%SRVICI&II,4926,SERENCD8.75%SRVICI&II,931SFIL26A
NSE_EQ,NSE_EQ|INE721A07PA8,SEC RED NCD 9.31% SR.III,12919,SEC RED NCD 9.31% SR.III,931SFL26
NSE_EQ,NSE_EQ|INE423A07310,SEC RE NCD 9.32% SR III,25283,SEC RE NCD 9.32% SR III,932AEL27
NSE_EQ,NSE_EQ|INE197P07334,AKCFL 9.35% MAY 2027,23722,AKCFL 9.35% MAY 2027,935AKCF27
NSE_EQ,NSE_EQ|INE530B07518,IIFL 9.35% TR I SR V,756143,IIFL 9.35% TR I SR V,935IIFL28
NSE_EQ,NSE_EQ|INE027E07972,SE RE NCD 9.35% SR.V OP2,20643,SE RE NCD 9.35% SR.V OP2,935LTF29
NSE_EQ,NSE_EQ|INE338I07107,SEC RE NCD 9.35% SR VI,23708,SEC RE NCD 9.35% SR VI,935MOFSL29
NSE_EQ,NSE_EQ|INE140A07799,PEL 9.35% 2026,22915,PEL 9.35% 2026,935PEL26
NSE_EQ,NSE_EQ|INE140A07773,SEC RE NCD 9.35% SR IV,19861,SEC RE NCD 9.35% SR IV,935PEL33
NSE_EQ,NSE_EQ|INE148I08330,UNSE RE NCD 8.89% SR.X,5861,UNSE RE NCD 8.89% SR.X,935SCL28
NSE_EQ,NSE_EQ|INE1C3207057,TSI 9.35% 27 SR I-A,27537,TSI 9.35% 27 SR I-A,935TSI27
NSE_EQ,NSE_EQ|INE1C3207073,TSI 9.35% 29 SR I-C,27408,TSI 9.35% 29 SR I-C,935TSI29
NSE_EQ,NSE_EQ|INE1C3207065,TSI 9.35% 30 SR I-D,27448,TSI 9.35% 30 SR I-D,935TSI30
NSE_EQ,NSE_EQ|INE1C3207040,TSI 9.35% 31 SR I-E,27553,TSI 9.35% 31 SR I-E,935TSI31
NSE_EQ,NSE_EQ|INE1C3207032,TSI 9.35% 32 SR I-F,27431,TSI 9.35% 32 SR I-F,935TSI32
NSE_EQ,NSE_EQ|INE1C3207016,TSI 9.35% 34 SR I-H,27441,TSI 9.35% 34 SR I-H,935TSI34
NSE_EQ,NSE_EQ|INE1C3207081,TSIIC 9.35% 2028 SR I- B,27421,TSIIC 9.35% 2028 SR I- B,935TSIIC28
NSE_EQ,NSE_EQ|INE1C3207024,TSIIC 9.35% 2033 SR 1- G,27526,TSIIC 9.35% 2033 SR 1- G,935TSIIC33
NSE_EQ,NSE_EQ|INE148I07NN5,SEC RE NCD 8.94% SR.VIII,13492,SEC RE NCD 8.94% SR.VIII,939SCL27
NSE_EQ,NSE_EQ|INE957N08185,HFL 9.3% 34 SR 70 OP III,28975,HFL 9.3% 34 SR 70 OP III,93HFL34
NSE_EQ,NSE_EQ|INE338I07115,SEC RE NCD 9.30% SR VII,23710,SEC RE NCD 9.30% SR VII,93MOFSL34
NSE_EQ,NSE_EQ|INE148I07MA4,SEC RE NCD 8.80% SR.IV,11335,SEC RE NCD 8.80% SR.IV,93SCFL25
NSE_EQ,NSE_EQ|INE148I07MZ1,SEC RE NCD 9.15% SR.VIII,11861,SEC RE NCD 9.15% SR.VIII,93SCL24A
NSE_EQ,NSE_EQ|INE148I07MR8,SEC RE NCD 9.30% SR.IV,11835,SEC RE NCD 9.30% SR.IV,93SCL25
NSE_EQ,NSE_EQ|INE741K07587,SEC RE NCD 9.40% SR V,18480,SEC RE NCD 9.40% SR V,940CAGL27
NSE_EQ,NSE_EQ|INE148I07PX9,SEC RE NCD 9.40% SR IV,19758,SEC RE NCD 9.40% SR IV,940SCL26
NSE_EQ,NSE_EQ|INE148I07QH0,SEC RE NCD 9.4% SR IV,20045,SEC RE NCD 9.4% SR IV,940SCL26A
NSE_EQ,NSE_EQ|INE148I07RG0,SEC RE NCD 9.4% SR IV,20986,SEC RE NCD 9.4% SR IV,940SCL26B
NSE_EQ,NSE_EQ|INE148I07ON3,SEC RE NCD 9.40% SR IV,17508,SEC RE NCD 9.40% SR IV,940SCL26C
NSE_EQ,NSE_EQ|INE148I07SH6,SEC RE NCD 9.4% SR IV,23291,SEC RE NCD 9.4% SR IV,940SCL27
NSE_EQ,NSE_EQ|INE148I07UF6,SEC RE NCD 9.40% SR IV,25546,SEC RE NCD 9.40% SR IV,940SCL27A
NSE_EQ,NSE_EQ|INE148I07WB1,SCL 9.40% SR IV,30208,SCL 9.40% SR IV,940SCL28
NSE_EQ,NSE_EQ|INE244L07408,SEC RE NCD 9.40% SR.VIII,14036,SEC RE NCD 9.40% SR.VIII,940SFIL28
NSE_EQ,NSE_EQ|INE804I078Y8,SEC RED NCD 9.43% SR. VI,4288,SEC RED NCD 9.43% SR. VI,943ECL28
NSE_EQ,NSE_EQ|INE148I07PZ4,SEC RE NCD 9.48% SR V,19768,SEC RE NCD 9.48% SR V,948SCL26
NSE_EQ,NSE_EQ|INE148I07QK4,SEC RE NCD 9.48% SR V,20075,SEC RE NCD 9.48% SR V,948SCL26A
NSE_EQ,NSE_EQ|INE148I07RJ4,SEC RE NCD 9.48% SR V,21000,SEC RE NCD 9.48% SR V,948SCL26B
NSE_EQ,NSE_EQ|INE148I07NZ9,SEC RE NCD 9.48% SR.V,14721,SEC RE NCD 9.48% SR.V,948SCL26D
NSE_EQ,NSE_EQ|INE148I07OP8,SEC RE NCD 9.48% SR V,17528,SEC RE NCD 9.48% SR V,948SCL26I
NSE_EQ,NSE_EQ|INE148I07SI4,SEC RE NCD 9.48% SR V,23297,SEC RE NCD 9.48% SR V,948SCL27
NSE_EQ,NSE_EQ|INE148I07TL6,SEC RE NCD 9.48% SR V,23948,SEC RE NCD 9.48% SR V,948SCL27A
NSE_EQ,NSE_EQ|INE148I07UC3,SEC RE NCD 9.48% SR V,25552,SEC RE NCD 9.48% SR V,948SCL27D
NSE_EQ,NSE_EQ|INE148I07VH0,SCL 9.48% 2027 SR V,28921,SCL 9.48% 2027 SR V,948SCL27R
NSE_EQ,NSE_EQ|INE148I07WV9,SCL 9.48% SR V,30240,SCL 9.48% SR V,948SCL28
NSE_EQ,NSE_EQ|INE148I07TI2,SEC RE NCD 9.4% SR IV,23942,SEC RE NCD 9.4% SR IV,94SCL27
NSE_EQ,NSE_EQ|INE148I07VS7,SCL 9.40% 2027 SR IV,28914,SCL 9.40% 2027 SR IV,94SCL27U
NSE_EQ,NSE_EQ|INE721A07NX5,SEC RED NCD 9.40% SR. V,1001,SEC RED NCD 9.40% SR. V,94SFL28
NSE_EQ,NSE_EQ|INE087M08118,BCIPL 9.50% 2028,23034,BCIPL 9.50% 2028,950BCIPL28
NSE_EQ,NSE_EQ|INE530B07401,IIFL 9.50% 2027 SR D25,23242,IIFL 9.50% 2027 SR D25,950IIFL27
NSE_EQ,NSE_EQ|INE413U07350,IIFL SAMASTA 9.50% 2026,25662,IIFL SAMASTA 9.50% 2026,950ISF26
NSE_EQ,NSE_EQ|INE413U07368,ISF 9.50% 2026,29017,ISF 9.50% 2026,950ISF26A
NSE_EQ,NSE_EQ|INE413U07384,ISF 9.50% 2027,29533,ISF 9.50% 2027,950ISF27
NSE_EQ,NSE_EQ|INE413U07392,ISF 9.50% 2027,756069,ISF 9.50% 2027,950ISF27A
NSE_EQ,NSE_EQ|INE148I07OM5,SEC RE NCD 9.65% SR I,17485,SEC RE NCD 9.65% SR I,950SCL23A
NSE_EQ,NSE_EQ|INE244L07580,ICCL 9.55% 2026,24518,ICCL 9.55% 2026,955ICCL26
NSE_EQ,NSE_EQ|INE148I07NH7,SEC RE NCD 9.55% SR.IV,13465,SEC RE NCD 9.55% SR.IV,955SCL25
NSE_EQ,NSE_EQ|INE148I07MJ5,SEC RE NCD 8.94% SR.VI,11352,SEC RE NCD 8.94% SR.VI,955SCL27
NSE_EQ,NSE_EQ|INE148I07MS6,SEC RE NCD SR.V,11843,SEC RE NCD SR.V,955SCL27A
NSE_EQ,NSE_EQ|INE423A07336,SEC RE NCD 9.56% SR VI,25294,SEC RE NCD 9.56% SR VI,956AEL29
NSE_EQ,NSE_EQ|INE721A07ON4,SEC RED NCD 9.30% SR. II,8625,SEC RED NCD 9.30% SR. II,957ICCL25
NSE_EQ,NSE_EQ|INE413U07327,SEC RE NCD 9.57% SR III,24137,SEC RE NCD 9.57% SR III,957IIFLS27
NSE_EQ,NSE_EQ|INE413U07236,SEC RE NCD 9.57% SR 3,20769,SEC RE NCD 9.57% SR 3,957ISFL26
NSE_EQ,NSE_EQ|INE530L07210,SEC RED NCD 9.57% SR. V,17864,SEC RED NCD 9.57% SR. V,957NIDO26
NSE_EQ,NSE_EQ|INE148I07PS9,SEC RE NCD 10.50% SR IX,18879,SEC RE NCD 10.50% SR IX,957SCL30
NSE_EQ,NSE_EQ|INE148I07ST1,SEC RE NCD 9.57% SR X,23313,SEC RE NCD 9.57% SR X,957SCL31
NSE_EQ,NSE_EQ|INE244L07549,SEC RE NCD SR.VI,15245,SEC RE NCD SR.VI,957SFIL28
NSE_EQ,NSE_EQ|INE140A07807,PEL 9.50% 2034,24433,PEL 9.50% 2034,95PEL34
NSE_EQ,NSE_EQ|INE741K07470,SEC RE NCD 9.60% SR. III,12444,SEC RE NCD 9.60% SR. III,960CAGL25
NSE_EQ,NSE_EQ|INE530B07484,IIFL 9.60% TR I SR VIII,756153,IIFL 9.60% TR I SR VIII,960IIFL30
NSE_EQ,NSE_EQ|INE413U07335,SEC RE NCD 9.60% SR II,24135,SEC RE NCD 9.60% SR II,960IIFLS26
NSE_EQ,NSE_EQ|INE413U07228,SEC RE NCD 9.60% SR 2,20767,SEC RE NCD 9.60% SR 2,960ISFL25
NSE_EQ,NSE_EQ|INE244L07614,SFL 9.60% 2035,30061,SFL 9.60% 2035,960SFL35
NSE_EQ,NSE_EQ|INE423A07328,SEC RE NCD 9.65% SR IV,25287,SEC RE NCD 9.65% SR IV,965AEL27
NSE_EQ,NSE_EQ|INE321N07277,SEC RE NCD 9.65% SR.III,14045,SEC RE NCD 9.65% SR.III,965IFSL26
NSE_EQ,NSE_EQ|INE148I07QN8,SEC RE NCD 9.65% SR I,19951,SEC RE NCD 9.65% SR I,965SCL25A
NSE_EQ,NSE_EQ|INE148I07RD7,SEC RE NCD 9.65% SR I,20970,SEC RE NCD 9.65% SR I,965SCL25B
NSE_EQ,NSE_EQ|INE148I07ND6,SEC RE NCD 9.39% SR.VIII,13497,SEC RE NCD 9.39% SR.VIII,965SCL25C
NSE_EQ,NSE_EQ|INE148I07PD1,SEC RE NCD 9.65% SR I,18814,SEC RE NCD 9.65% SR I,965SCL25E
NSE_EQ,NSE_EQ|INE148I07RB1,SEC RE NCD 10.25% SR XII,20130,SEC RE NCD 10.25% SR XII,965SCL25F
NSE_EQ,NSE_EQ|INE148I07SD5,SEC RE NCD 9.65% SR I,23283,SEC RE NCD 9.65% SR I,965SCL26
NSE_EQ,NSE_EQ|INE148I07TE1,SEC RE NCD 9.65% SR I,23928,SEC RE NCD 9.65% SR I,965SCL26A
NSE_EQ,NSE_EQ|INE148I07US9,SEC RE NCD 9.65% SR I,25534,SEC RE NCD 9.65% SR I,965SCL26F
NSE_EQ,NSE_EQ|INE148I07VW9,SCL 9.65% 2026 SR I,28898,SCL 9.65% 2026 SR I,965SCL26Y
NSE_EQ,NSE_EQ|INE148I07WE5,SCL 9.65% SR I,30214,SCL 9.65% SR I,965SCL27
NSE_EQ,NSE_EQ|INE148I07NW6,SEC RE NCD 9.65% SR.VII,14704,SEC RE NCD 9.65% SR.VII,965SCL28
NSE_EQ,NSE_EQ|INE148I07QQ1,SEC RE NCD 9.65% SR VII,20094,SEC RE NCD 9.65% SR VII,965SCL28A
NSE_EQ,NSE_EQ|INE148I07RM8,SEC RE NCD 9.65% SR VII,21010,SEC RE NCD 9.65% SR VII,965SCL28B
NSE_EQ,NSE_EQ|INE148I07PK6,SEC RE NCD 9.65% SR VII,18856,SEC RE NCD 9.65% SR VII,965SCL28C
NSE_EQ,NSE_EQ|INE148I07SP9,SEC RE NCD 9.65% SR VII,23301,SEC RE NCD 9.65% SR VII,965SCL29
NSE_EQ,NSE_EQ|INE148I07VV1,SCL 9.65% 2029 SR VII,28924,SCL 9.65% 2029 SR VII,965SCL29S
NSE_EQ,NSE_EQ|INE244L07606,SFL 9.65% 2027,27934,SFL 9.65% 2027,965SFL27
NSE_EQ,NSE_EQ|INE244L07333,SEC RE NCD 10.05% SR.IV,14026,SEC RE NCD 10.05% SR.IV,966SFIL25A
NSE_EQ,NSE_EQ|INE477L08154,UNSEC RE NCD 9.60% SR.II,5214,UNSEC RE NCD 9.60% SR.II,96IIFL28
NSE_EQ,NSE_EQ|INE530B08102,UNSE RE NCD 9.6% SR.II,2877,UNSE RE NCD 9.6% SR.II,96IIFL28A
NSE_EQ,NSE_EQ|INE244L07168,SERENCD8.84%SRVICIII&IV,4930,SERENCD8.84%SRVICIII&IV,96SFIL24A
NSE_EQ,NSE_EQ|INE741K07579,SEC RE NCD 9.70% SR VII,18487,SEC RE NCD 9.70% SR VII,970CAGL28
NSE_EQ,NSE_EQ|INE413U07376,ISF 9.70% 2028,29276,ISF 9.70% 2028,970ISF28
NSE_EQ,NSE_EQ|INE148I07NV8,SEC RE NCD 9.71% SR.VIII,14718,SEC RE NCD 9.71% SR.VIII,971SCL28
NSE_EQ,NSE_EQ|INE148I07QT5,SEC RE NCD 9.71% SR VIII,20106,SEC RE NCD 9.71% SR VIII,971SCL28A
NSE_EQ,NSE_EQ|INE148I07RO4,SEC RE NCD 9.25% SR VIII,21019,SEC RE NCD 9.25% SR VIII,971SCL28B
NSE_EQ,NSE_EQ|INE148I07PM2,SEC RE NCD 9.25% SR VIII,18861,SEC RE NCD 9.25% SR VIII,971SCL28C
NSE_EQ,NSE_EQ|INE148I07OT0,SEC RE NCD 9.71% SR VIII,17564,SEC RE NCD 9.71% SR VIII,971SCL28I
NSE_EQ,NSE_EQ|INE148I07SN4,SEC RE NCD 9.71% SR VIII,23307,SEC RE NCD 9.71% SR VIII,971SCL29
NSE_EQ,NSE_EQ|INE148I07TG6,SEC RE NCD 9.71% SR VIII,23958,SEC RE NCD 9.71% SR VIII,971SCL29A
NSE_EQ,NSE_EQ|INE148I07UN0,SEC RE NCD 9.71% SR VIII,25562,SEC RE NCD 9.71% SR VIII,971SCL29B
NSE_EQ,NSE_EQ|INE148I07VT5,SCL 9.71% 2029 SR VIII,28927,SCL 9.71% 2029 SR VIII,971SCL29T
NSE_EQ,NSE_EQ|INE148I07WP1,SCL 9.71% SR VIII,30230,SCL 9.71% SR VIII,971SCL30
NSE_EQ,NSE_EQ|INE148I07WJ4,SCL 9.71% SR XIII,30224,SCL 9.71% SR XIII,971SCL30A
NSE_EQ,NSE_EQ|INE530B07476,IIFL 9.75% TR I SR VI,756144,IIFL 9.75% TR I SR VI,975IIFL28
NSE_EQ,NSE_EQ|INE148I07SY1,SAMMAANCAP 9.75% 2027,23465,SAMMAANCAP 9.75% 2027,975SCL27
NSE_EQ,NSE_EQ|INE148I07KP6,SEC RE NCD 8.89% SR.VIII,5857,SEC RE NCD 8.89% SR.VIII,975SCL28
NSE_EQ,NSE_EQ|INE148I07TY9,SCL 9.75% 2028,24821,SCL 9.75% 2028,975SCL28A
NSE_EQ,NSE_EQ|INE148I07TX1,SCL 9.75% 2029,24587,SCL 9.75% 2029,975SCL29
NSE_EQ,NSE_EQ|INE148I07UX9,SCL 9.75% 2029 SR I,25864,SCL 9.75% 2029 SR I,975SCL29A
NSE_EQ,NSE_EQ|INE391V07141,SHREM INFRA 9.75% 2027,24792,SHREM INFRA 9.75% 2027,975SIPL27
NSE_EQ,NSE_EQ|INE391V07158,SIPL 9.75% 2027 SR TR II,24977,SIPL 9.75% 2027 SR TR II,975SIPL27A
NSE_EQ,NSE_EQ|INE391V07166,SIIPL 9.75% 2027 SR III,25631,SIIPL 9.75% 2027 SR III,975SIPL27B
NSE_EQ,NSE_EQ|INE391V07174,SIIPL 9.75% 2029 SR IV,27168,SIIPL 9.75% 2029 SR IV,975SIPL29
NSE_EQ,NSE_EQ|INE338I07123,SEC RE NCD 9.70% SR VIII,23712,SEC RE NCD 9.70% SR VIII,97MOFSL34
NSE_EQ,NSE_EQ|INE244L07176,SERENCD9.10%SRVIICI&II,4936,SERENCD9.10%SRVIICI&II,97SFIL26A
NSE_EQ,NSE_EQ|INE721A07PE0,SEC RED NCD 9.7% SR.VII,12933,SEC RED NCD 9.7% SR.VII,97SFL26
NSE_EQ,NSE_EQ|INE721A07OF0,SEC RED NCD 9.70% SR. V,6168,SEC RED NCD 9.70% SR. V,97SFL28
NSE_EQ,NSE_EQ|INE721A07OQ7,SEC RED NCD 9.70% SR. V,8642,SEC RED NCD 9.70% SR. V,97SFL29
NSE_EQ,NSE_EQ|INE244L07598,ICCL 9.80% 2029,25155,ICCL 9.80% 2029,980ICCL29
NSE_EQ,NSE_EQ|INE530B07419,IIFL 9.80% 2026 SR D27,27332,IIFL 9.80% 2026 SR D27,980IIFL26
NSE_EQ,NSE_EQ|INE148I07QZ2,SEC RE NCD 10.75% SR XI,20120,SEC RE NCD 10.75% SR XI,980SCL33
NSE_EQ,NSE_EQ|INE148I07PU5,SEC RE NCD 9.80% SR XII,18904,SEC RE NCD 9.80% SR XII,980SCL33A
NSE_EQ,NSE_EQ|INE148I07RX5,SEC RE NCD 9.8% SR XII,21044,SEC RE NCD 9.8% SR XII,980SCL33B
NSE_EQ,NSE_EQ|INE148I07QD9,SEC RE NCD 10.03% SR X,19776,SEC RE NCD 10.03% SR X,980SCL33C
NSE_EQ,NSE_EQ|INE148I07RP1,SEC RE NCD 9.71% SR VIII,21024,SEC RE NCD 9.71% SR VIII,980SCL33D
NSE_EQ,NSE_EQ|INE148I07SW5,SEC RE NCD 9.80% SR XII,23321,SEC RE NCD 9.80% SR XII,980SCL34
NSE_EQ,NSE_EQ|INE148I07UU5,SEC RE NCD 9.80% SR XII,25572,SEC RE NCD 9.80% SR XII,980SCL34B
NSE_EQ,NSE_EQ|INE148I07WA3,SCL 9.80% SR XII,30206,SCL 9.80% SR XII,980SCL35
NSE_EQ,NSE_EQ|INE244L07317,SEC RE NCD 9.80% SR.VII,14032,SEC RE NCD 9.80% SR.VII,980SFIL28
NSE_EQ,NSE_EQ|INE244L07390,SEC RE NCD 9.61% SR.VI,14030,SEC RE NCD 9.61% SR.VI,984SFIL26A
NSE_EQ,NSE_EQ|INE804I079Y6,SEC RED NCD 9.85% SR. VII,4292,SEC RED NCD 9.85% SR. VII,985ECL28
NSE_EQ,NSE_EQ|INE244L07416,SEC RE NCD 9.85% SR.VIII,14038,SEC RE NCD 9.85% SR.VIII,985SFIL28
NSE_EQ,NSE_EQ|INE148I07NL9,SEC RE NCD SR.VI,13484,SEC RE NCD SR.VI,98SCL27
NSE_EQ,NSE_EQ|INE148I07TU7,SEC RE NCD 9.80% SR XII,23972,SEC RE NCD 9.80% SR XII,98SCL34
NSE_EQ,NSE_EQ|INE148I07VK4,SCL 9.80% 2034 SR XII,28932,SCL 9.80% 2034 SR XII,98SCL34Z
NSE_EQ,NSE_EQ|INE244L07499,SEC RE NCD 9.80% SR.V,15235,SEC RE NCD 9.80% SR.V,98SFIL26
NSE_EQ,NSE_EQ|INE448U07257,VFPL 9.80% 2028 SR 17,24284,VFPL 9.80% 2028 SR 17,98VFPL28
NSE_EQ,NSE_EQ|INE157D07EM8,CCSPL 9.90% 2027 SR 02,757129,CCSPL 9.90% 2027 SR 02,990CCSP27
NSE_EQ,NSE_EQ|INE530B07450,IIFL 9.90% 26 SR D29 OPC,29182,IIFL 9.90% 26 SR D29 OPC,990IIFL26
NSE_EQ,NSE_EQ|INE530B07435,IIFL 9.90% 2026 OP B,29188,IIFL 9.90% 2026 OP B,990IIFL26A
NSE_EQ,NSE_EQ|INE530B07443,IIFL 9.90% 26 OP A,29186,IIFL 9.90% 26 OP A,990IIFL26B
NSE_EQ,NSE_EQ|INE530B07427,IFL 9.90% 2027 SR D28,28569,IFL 9.90% 2027 SR D28,990IIFL27
NSE_EQ,NSE_EQ|INE530B07468,IIFL 9.90% 2027 SR D31,30059,IIFL 9.90% 2027 SR D31,990IIFL27A
NSE_EQ,NSE_EQ|INE148I07NY2,SEC RE NCD SR.VI,14696,SEC RE NCD SR.VI,990SCFL26
NSE_EQ,NSE_EQ|INE148I07PY7,SEC RE NCD 9.90% SR IV,19760,SEC RE NCD 9.90% SR IV,990SCL26
NSE_EQ,NSE_EQ|INE148I07QI8,SEC RE NCD 9.9% SR IV,20061,SEC RE NCD 9.9% SR IV,990SCL26A
NSE_EQ,NSE_EQ|INE148I07RN6,SEC RE NCD 9.9% SR IV,20995,SEC RE NCD 9.9% SR IV,990SCL26B
NSE_EQ,NSE_EQ|INE148I07OB8,SEC RE NCD 9.90% SR.IV,14720,SEC RE NCD 9.90% SR.IV,990SCL26D
NSE_EQ,NSE_EQ|INE148I07OR4,SEC RE NCD 9.90% SR IV,17515,SEC RE NCD 9.90% SR IV,990SCL26I
NSE_EQ,NSE_EQ|INE148I07SG8,SEC RE NCD 9.9% SR IV,23293,SEC RE NCD 9.9% SR IV,990SCL27
NSE_EQ,NSE_EQ|INE148I07UE9,SEC RE NCD 9.90% SR IV,25548,SEC RE NCD 9.90% SR IV,990SCL27B
NSE_EQ,NSE_EQ|INE148I07WI6,SCL 9.90% SR IV,30222,SCL 9.90% SR IV,990SCL28
NSE_EQ,NSE_EQ|INE157D07EL0,CCSPL 9.95% 2027,756333,CCSPL 9.95% 2027,995CCSP27
NSE_EQ,NSE_EQ|INE413U08143,ISF 9.95% 2028,756167,ISF 9.95% 2028,995ISF28
NSE_EQ,NSE_EQ|INE413U08150,ISF 9.95% 2028,755875,ISF 9.95% 2028,995ISF28A
NSE_EQ,NSE_EQ|INE413U08168,ISF 9.95% 2035,758290,ISF 9.95% 2035,995ISF35
NSE_EQ,NSE_EQ|INE148I07VX7,SCL 9.95% 2035 SR III,29105,SCL 9.95% 2035 SR III,995SCL35
NSE_EQ,NSE_EQ|INE423A07344,SEC RE NCD 9.90% SR VII,25296,SEC RE NCD 9.90% SR VII,99AEL29
NSE_EQ,NSE_EQ|INE148I07TF8,SEC RE NCD 9.9% SR IV,23944,SEC RE NCD 9.9% SR IV,99SCL27
NSE_EQ,NSE_EQ|INE148I07VR9,SCL 9.90% 2027 SR IV,28915,SCL 9.90% 2027 SR IV,99SCL27V
NSE_EQ,NSE_EQ|INE121A08PN2,CHOLA 9% 2034 SR SD70,23990,CHOLA 9% 2034 SR SD70,9CIFL34
NSE_EQ,NSE_EQ|INE957N08110,HFL 9% 2034 SR 61,21233,HFL 9% 2034 SR 61,9HFL34
NSE_EQ,NSE_EQ|INE477L07BC0,SEC RE NCD 9% SR IV,28858,SEC RE NCD 9% SR IV,9IHFL27
NSE_EQ,NSE_EQ|INE530B07559,IIFL 9% TR I SR I,756139,IIFL 9% TR I SR I,9IIFL26
NSE_EQ,NSE_EQ|INE530B07377,SEC RE NCD 9% SR.VI,17041,SEC RE NCD 9% SR.VI,9IIFL28
NSE_EQ,NSE_EQ|INE530B07260,SEC RE NCD 9% SR.VI,13854,SEC RE NCD 9% SR.VI,9IIFL28A
NSE_EQ,NSE_EQ|INE774D08MA6,9.00% UNSECURED NCD,20048,9.00% UNSECURED NCD,9MMFSML
NSE_EQ,NSE_EQ|INE516Y07428,SEC RE NCD 9% SR.V,5160,SEC RE NCD 9% SR.V,9PCHFL31A
NSE_EQ,NSE_EQ|INE140A07757,SEC RE NCD 9.00% SR I,19821,SEC RE NCD 9.00% SR I,9PEL25
NSE_EQ,NSE_EQ|INE148I08249,UNS RED NCD 9.0% SR. IX,18634,UNS RED NCD 9.0% SR. IX,9SCL26B
NSE_EQ,NSE_EQ|INE148I07GL3,SEC RED NCD 9.0% SR. VI,18628,SEC RED NCD 9.0% SR. VI,9SCL26BA
NSE_EQ,NSE_EQ|INE306N08284,UNSERENCD9.00%SRIIICI&II,21221,UNSERENCD9.00%SRIIICI&II,9TCAP28
NSE_EQ,NSE_EQ|INE723X07224,TIAPL 9% 2028 SR II,756173,TIAPL 9% 2028 SR II,9TIAPL28
NSE_EQ,NSE_EQ|INE619I01012,A2Z INFRA ENGINEERING LTD,20910,A2Z INFRA ENGINEERING LTD,A2ZINFRA
NSE_EQ,NSE_EQ|INE0D0U01013,AAA TECHNOLOGIES LIMITED,12533,AAA TECHNOLOGIES LIMITED,AAATECH
NSE_EQ,NSE_EQ|INE883F01010,AADHAR HOUSING FINANCE L,23729,AADHAR HOUSING FINANCE L,AADHARHFC
NSE_EQ,NSE_EQ|INE0L6807120,AAFS MKT LINK2027SRCAR D,22654,AAFS MKT LINK2027SRCAR D,AAFS27A
NSE_EQ,NSE_EQ|INE0L6807146,AAFS MARKET LINK2027 SRJ,23628,AAFS MARKET LINK2027 SRJ,AAFS27B
NSE_EQ,NSE_EQ|INE0L6807161,AAFS MARKET LINKED 2028,24317,AAFS MARKET LINKED 2028,AAFS28
NSE_EQ,NSE_EQ|INE0L6807179,AAFS UNDERINVSTR 28 SR L,24877,AAFS UNDERINVSTR 28 SR L,AAFS28A
NSE_EQ,NSE_EQ|INE0L6807187,AAFS MARKET LINKED 2028,25462,AAFS MARKET LINKED 2028,AAFS28B
NSE_EQ,NSE_EQ|INE0L6807195,AAFS28C MARKET LINKED 28,25595,AAFS28C MARKET LINKED 28,AAFS28C
NSE_EQ,NSE_EQ|INE0L6807203,AAFS MARKET LINKED 2029,757140,AAFS MARKET LINKED 2029,AAFS29
NSE_EQ,NSE_EQ|INE0L6808037,AAFS MARKET LINK2034 SRB,22927,AAFS MARKET LINK2034 SRB,AAFS34
NSE_EQ,NSE_EQ|INE0L6808045,AAFS MARKET LINKED 2034,23671,AAFS MARKET LINKED 2034,AAFS34A
NSE_EQ,NSE_EQ|INE087Z01024,AAKASH EXPLORATION SER L,235,AAKASH EXPLORATION SER L,AAKASH
NSE_EQ,NSE_EQ|INE198H01019,AAREY DRUGS & PHARM LTD,5248,AAREY DRUGS & PHARM LTD,AAREYDRUGS
NSE_EQ,NSE_EQ|INE721Z01010,AARON INDUSTRIES LIMITED,1030,AARON INDUSTRIES LIMITED,AARON
NSE_EQ,NSE_EQ|INE01C001026,AARTECH SOLONICS LIMITED,17145,AARTECH SOLONICS LIMITED,AARTECH
NSE_EQ,NSE_EQ|INE767A01016,AARTI DRUGS LTD.,4481,AARTI DRUGS LTD.,AARTIDRUGS
NSE_EQ,NSE_EQ|INE769A01020,AARTI INDUSTRIES LTD,7,AARTI INDUSTRIES LTD,AARTIIND
NSE_EQ,NSE_EQ|INE0LRU01027,AARTI PHARMALABS LIMITED,13868,AARTI PHARMALABS LIMITED,AARTIPHARM
NSE_EQ,NSE_EQ|INE09EO01013,AARTI SURFACTANTS LIMITED,12121,AARTI SURFACTANTS LIMITED,AARTISURF
NSE_EQ,NSE_EQ|INE273D01019,AARVEE DEN. & EXP. LTD,13775,AARVEE DEN. & EXP. LTD,AARVEEDEN
NSE_EQ,NSE_EQ|INE754X01016,AARVI ENCON LIMITED,19073,AARVI ENCON LIMITED,AARVI
NSE_EQ,NSE_EQ|INE0OB201016,AATMAJ HEALTHCARE LIMITED,16961,AATMAJ HEALTHCARE LIMITED,AATMAJ
NSE_EQ,NSE_EQ|INE216P01012,AAVAS FINANCIERS LIMITED,5385,AAVAS FINANCIERS LIMITED,AAVAS
NSE_EQ,NSE_EQ|INE421A01028,ABAN OFFSHORE LTD.,10,ABAN OFFSHORE LTD.,ABAN
NSE_EQ,NSE_EQ|INE117A01022,ABB INDIA LIMITED,13,ABB INDIA LIMITED,ABB
NSE_EQ,NSE_EQ|INE358A01014,ABBOTT INDIA LIMITED,17903,ABBOTT INDIA LIMITED,ABBOTINDIA
NSE_EQ,NSE_EQ|INE674K01013,ADITYA BIRLA CAPITAL LTD.,21614,ADITYA BIRLA CAPITAL LTD.,ABCAPITAL
NSE_EQ,NSE_EQ|INE860H07IR8,ABCL SR II,755942,ABCL SR II,ABCL26
NSE_EQ,NSE_EQ|INE860H07IU2,ABCL SR IV,755945,ABCL SR IV,ABCL28
NSE_EQ,NSE_EQ|INE08PH01015,A B COTSPIN INDIA LIMITED,7787,A B COTSPIN INDIA LIMITED,ABCOTS
NSE_EQ,NSE_EQ|INE860H07IX6,ABCL FBIL LINK2027 SR K3,755961,ABCL FBIL LINK2027 SR K3,ABCRESET27
NSE_EQ,NSE_EQ|INE552Z01027,ALLIED BLEND N DISTILS L,24308,ALLIED BLEND N DISTILS L,ABDL
NSE_EQ,NSE_EQ|INE647O01011,ADITYA BIRLA FASHION & RT,30108,ADITYA BIRLA FASHION & RT,ABFRL
NSE_EQ,NSE_EQ|INF209KC1134,BIRLASLAMC - ABGSEC,24404,BIRLASLAMC - ABGSEC,ABGSEC
NSE_EQ,NSE_EQ|INE0UYG01015,ABHA POWER N STEEL LTD,27287,ABHA POWER N STEEL LTD,ABHAPOWER
NSE_EQ,NSE_EQ|INE00YB01017,A B INFRABUILD LIMITED,27016,A B INFRABUILD LIMITED,ABINFRA
NSE_EQ,NSE_EQ|INE251C01025,ABM INTERNATIONAL LTD,5549,ABM INTERNATIONAL LTD,ABMINTLLTD
NSE_EQ,NSE_EQ|INE982R01015,A B N INTERCORP LIMITED,8588,A B N INTERCORP LIMITED,ABNINT
NSE_EQ,NSE_EQ|INE055A01016,ADITYA BIRLA REAL EST LTD,625,ADITYA BIRLA REAL EST LTD,ABREL
NSE_EQ,NSE_EQ|INE404A01024,ADIT BIRL SUN LIF AMC LTD,6018,ADIT BIRL SUN LIF AMC LTD,ABSLAMC
NSE_EQ,NSE_EQ|INF209KB17D5,BIRLASLAMC - ABSLBANETF,13987,BIRLASLAMC - ABSLBANETF,ABSLBANETF
NSE_EQ,NSE_EQ|INF209KB12A2,BIRLASLAMC - ABSLFTTIDG,4962,BIRLASLAMC - ABSLFTTIDG,ABSLFTTIDG
NSE_EQ,NSE_EQ|INF209KB13A0,BIRLASLAMC - ABSLFTTIDN,4964,BIRLASLAMC - ABSLFTTIDN,ABSLFTTIDN
NSE_EQ,NSE_EQ|INF209KB10A6,BIRLASLAMC - ABSLFTTIRG,4969,BIRLASLAMC - ABSLFTTIRG,ABSLFTTIRG
NSE_EQ,NSE_EQ|INF209KB11A4,BIRLASLAMC - ABSLFTTIRN,4972,BIRLASLAMC - ABSLFTTIRN,ABSLFTTIRN
NSE_EQ,NSE_EQ|INF209KB16A3,BIRLASLAMC - ABSLFTTJDG,5104,BIRLASLAMC - ABSLFTTJDG,ABSLFTTJDG
NSE_EQ,NSE_EQ|INF209KB17A1,BIRLASLAMC - ABSLFTTJDN,5105,BIRLASLAMC - ABSLFTTJDN,ABSLFTTJDN
NSE_EQ,NSE_EQ|INF209KB14A8,BIRLASLAMC - ABSLFTTJRG,5106,BIRLASLAMC - ABSLFTTJRG,ABSLFTTJRG
NSE_EQ,NSE_EQ|INF209KB15A5,BIRLASLAMC - ABSLFTTJRN,5107,BIRLASLAMC - ABSLFTTJRN,ABSLFTTJRN
NSE_EQ,NSE_EQ|INF209KB14H3,BIRLASLAMC - ABSLFTTQDG,8676,BIRLASLAMC - ABSLFTTQDG,ABSLFTTQDG
NSE_EQ,NSE_EQ|INF209KB12H7,BIRLASLAMC - ABSLFTTQRG,8677,BIRLASLAMC - ABSLFTTQRG,ABSLFTTQRG
NSE_EQ,NSE_EQ|INF209KB13H5,BIRLASLAMC - ABSLFTTQRN,8678,BIRLASLAMC - ABSLFTTQRN,ABSLFTTQRN
NSE_EQ,NSE_EQ|INF209KB18P7,BIRLASLAMC - ABSLFTUBDG,13228,BIRLASLAMC - ABSLFTUBDG,ABSLFTUBDG
NSE_EQ,NSE_EQ|INF209KB16P1,BIRLASLAMC - ABSLFTUBRG,13234,BIRLASLAMC - ABSLFTUBRG,ABSLFTUBRG
NSE_EQ,NSE_EQ|INF209KB17P9,BIRLASLAMC - ABSLFTUBRN,13235,BIRLASLAMC - ABSLFTUBRN,ABSLFTUBRN
NSE_EQ,NSE_EQ|INF209KB13V6,BIRLASLAMC - ABSLFTUJDG,14794,BIRLASLAMC - ABSLFTUJDG,ABSLFTUJDG
NSE_EQ,NSE_EQ|INF209KB14V4,BIRLASLAMC - ABSLFTUJDN,14795,BIRLASLAMC - ABSLFTUJDN,ABSLFTUJDN
NSE_EQ,NSE_EQ|INF209KB11V0,BIRLASLAMC - ABSLFTUJRG,14802,BIRLASLAMC - ABSLFTUJRG,ABSLFTUJRG
NSE_EQ,NSE_EQ|INF209KB12V8,BIRLASLAMC - ABSLFTUJRN,14804,BIRLASLAMC - ABSLFTUJRN,ABSLFTUJRN
NSE_EQ,NSE_EQ|INF209KB18T9,BIRLASLAMC - ABSLLIQUID,14518,BIRLASLAMC - ABSLLIQUID,ABSLLIQUID
NSE_EQ,NSE_EQ|INF209KB16D7,BIRLASLAMC - ABSLNN50ET,7339,BIRLASLAMC - ABSLNN50ET,ABSLNN50ET
NSE_EQ,NSE_EQ|INF209KB19Z4,BIRLASLAMC-ABSLPSE,23806,BIRLASLAMC-ABSLPSE,ABSLPSE
NSE_EQ,NSE_EQ|INE0QRV01016,ABS MARINE SERVICES LTD,23786,ABS MARINE SERVICES LTD,ABSMARINE
NSE_EQ,NSE_EQ|INE012A01025,ACC LIMITED,22,ACC LIMITED,ACC
NSE_EQ,NSE_EQ|INE793A01012,ACCELYA SOLN INDIA LTD,7053,ACCELYA SOLN INDIA LTD,ACCELYA
NSE_EQ,NSE_EQ|INE0Q5D01013,ACCENT MICROCELL LIMITED,20488,ACCENT MICROCELL LIMITED,ACCENTMIC
NSE_EQ,NSE_EQ|INE113X01015,ACCORD SYNERGY LIMITED,21217,ACCORD SYNERGY LIMITED,ACCORD
NSE_EQ,NSE_EQ|INE0T8T01010,ACCRETION PHARMA LIMITED,757021,ACCRETION PHARMA LIMITED,ACCPL
NSE_EQ,NSE_EQ|INE648Z01023,ACCURACY SHIPPING LIMITED,1465,ACCURACY SHIPPING LIMITED,ACCURACY
NSE_EQ,NSE_EQ|INE731H01025,ACTION CONST EQUIP LTD,13587,ACTION CONST EQUIP LTD,ACE
NSE_EQ,NSE_EQ|INE543V01017,ACE INTEGRATED SOLU. LTD.,11779,ACE INTEGRATED SOLU. LTD.,ACEINTEG
NSE_EQ,NSE_EQ|INE128X01021,ARCHEAN CHEMICAL IND LTD,12024,ARCHEAN CHEMICAL IND LTD,ACI
NSE_EQ,NSE_EQ|INE666E01020,ANDHRA CEMENTS LIMITED,15420,ANDHRA CEMENTS LIMITED,ACL
NSE_EQ,NSE_EQ|INE152B01027,ALLCARGO GATI LIMITED,13688,ALLCARGO GATI LIMITED,ACLGATI
NSE_EQ,NSE_EQ|INE622W01025,ACME SOLAR HOLDINGS LTD,27061,ACME SOLAR HOLDINGS LTD,ACMESOLAR
NSE_EQ,NSE_EQ|INE0KLO01025,ACTIVE INFRASTRUCTURES L,30464,ACTIVE INFRASTRUCTURES L,ACTIVEINFR
NSE_EQ,NSE_EQ|INE00FF01025,ACUTAAS CHEMICALS LIMITED,5578,ACUTAAS CHEMICALS LIMITED,ACUTAAS
NSE_EQ,NSE_EQ|INE931S01010,ADANI ENERGY SOLUTION LTD,10217,ADANI ENERGY SOLUTION LTD,ADANIENSOL
NSE_EQ,NSE_EQ|INE423A01024,ADANI ENTERPRISES LIMITED,25,ADANI ENTERPRISES LIMITED,ADANIENT
NSE_EQ,NSE_EQ|INE364U01010,ADANI GREEN ENERGY LTD,3563,ADANI GREEN ENERGY LTD,ADANIGREEN
NSE_EQ,NSE_EQ|INE742F01042,ADANI PORT & SEZ LTD,15083,ADANI PORT & SEZ LTD,ADANIPORTS
NSE_EQ,NSE_EQ|INE814H01011,ADANI POWER LTD,17388,ADANI POWER LTD,ADANIPOWER
NSE_EQ,NSE_EQ|INE982B01027,ADF FOODS LIMITED,19761,ADF FOODS LIMITED,ADFFOODS
NSE_EQ,NSE_EQ|INE0CHO01012,ARCHIDPLY DECOR LIMITED,248,ARCHIDPLY DECOR LIMITED,ADL
NSE_EQ,NSE_EQ|INE045A01017,ADOR WELDING LTD,34,ADOR WELDING LTD,ADOR
NSE_EQ,NSE_EQ|INE737B01033,ADROIT INFOTECH LIMITED,4953,ADROIT INFOTECH LIMITED,ADROITINFO
NSE_EQ,NSE_EQ|INE102I01027,ALLIED DIGITAL SERV. LTD,14813,ALLIED DIGITAL SERV. LTD,ADSL
NSE_EQ,NSE_EQ|INE199C01026,ADVANI HOT.& RES.(I) LTD,14745,ADVANI HOT.& RES.(I) LTD,ADVANIHOTR
NSE_EQ,NSE_EQ|INE837H01020,ADVANCED ENZYME TECH LTD,18039,ADVANCED ENZYME TECH LTD,ADVENZYMES
NSE_EQ,NSE_EQ|INE208C01025,AEGIS LOGISTICS LIMITED,40,AEGIS LOGISTICS LIMITED,AEGISLOG
NSE_EQ,NSE_EQ|INE0INX01018,AEGIS VOPAK TERMINALS LTD,757336,AEGIS VOPAK TERMINALS LTD,AEGISVOPAK
NSE_EQ,NSE_EQ|INE423A07369,SEC RE NCD SR II,25280,SEC RE NCD SR II,AEL120924
NSE_EQ,NSE_EQ|INE423A07377,SEC RE NCD SR V,25292,SEC RE NCD SR V,AEL120924A
NSE_EQ,NSE_EQ|INE423A07385,SEC RE NCD SR VIII,25298,SEC RE NCD SR VIII,AEL120924B
NSE_EQ,NSE_EQ|INE024001021,AEROFLEX INDUSTRIES LTD,18268,AEROFLEX INDUSTRIES LTD,AEROFLEX
NSE_EQ,NSE_EQ|INE0WL801011,AERON COMPOSITE LIMITED,25065,AERON COMPOSITE LIMITED,AERON
NSE_EQ,NSE_EQ|INE0TSF01011,AESTHETIK ENGINEERS LTD,24833,AESTHETIK ENGINEERS LTD,AESTHETIK
NSE_EQ,NSE_EQ|INE0BWX01014,AETHER INDUSTRIES LIMITED,9810,AETHER INDUSTRIES LIMITED,AETHER
NSE_EQ,NSE_EQ|INE101I01011,AFCONS INFRASTRUCTURE LTD,25977,AFCONS INFRASTRUCTURE LTD,AFCONS
NSE_EQ,NSE_EQ|INE00WC01027,AFFLE 3I LIMITED,11343,AFFLE 3I LIMITED,AFFLE
NSE_EQ,NSE_EQ|INE692Z01013,AFFORD ROBO & AUTO LTD,25855,AFFORD ROBO & AUTO LTD,AFFORDABLE
NSE_EQ,NSE_EQ|INE916Y01027,AKME FINTRADE (INDIA) LTD,24159,AKME FINTRADE (INDIA) LTD,AFIL
NSE_EQ,NSE_EQ|INE00ZE01026,ABANS FINANCIAL SRVCS LTD,13288,ABANS FINANCIAL SRVCS LTD,AFSL
NSE_EQ,NSE_EQ|INE204E01012,AGARWAL INDS CORP LTD.,3389,AGARWAL INDS CORP LTD.,AGARIND
NSE_EQ,NSE_EQ|INE943P01029,DR AGARWALS HEALTH CARE L,29452,DR AGARWALS HEALTH CARE L,AGARWALEYE
NSE_EQ,NSE_EQ|INE0MLA01012,AGARWAL FLOAT GLASS I LTD,14263,AGARWAL FLOAT GLASS I LTD,AGARWALFT
NSE_EQ,NSE_EQ|INE0P8X01016,AGARWAL TOUGH GLASS IND L,27312,AGARWAL TOUGH GLASS IND L,AGARWALTUF
NSE_EQ,NSE_EQ|INE415A01038,AGI GREENPAC LIMITED,1412,AGI GREENPAC LIMITED,AGI
NSE_EQ,NSE_EQ|INE976R01025,AGI INFRA LIMITED,24445,AGI INFRA LIMITED,AGIIL
NSE_EQ,NSE_EQ|INE0LF301013,AGNI GREEN POWER LTD,10498,AGNI GREEN POWER LTD,AGNI
NSE_EQ,NSE_EQ|INE449G01018,AGRI-TECH (INDIA) LIMITED,11072,AGRI-TECH (INDIA) LIMITED,AGRITECH
NSE_EQ,NSE_EQ|INE740V01019,AGRO PHOS INDIA LIMITED,9046,AGRO PHOS INDIA LIMITED,AGROPHOS
NSE_EQ,NSE_EQ|INE583L01014,AGS TRANSACT TECH LTD,7935,AGS TRANSACT TECH LTD,AGSTRA
NSE_EQ,NSE_EQ|INE0O6N01012,A G UNIVERSAL LIMITED,15147,A G UNIVERSAL LIMITED,AGUL
NSE_EQ,NSE_EQ|INE136T01014,AHIMSA INDUSTRIES LTD.,10770,AHIMSA INDUSTRIES LTD.,AHIMSA
NSE_EQ,NSE_EQ|INE00PV01013,AHLADA ENGINEERS LIMITED,2004,AHLADA ENGINEERS LIMITED,AHLADA
NSE_EQ,NSE_EQ|INE926K01017,ASIAN HOTELS (EAST) LTD,19438,ASIAN HOTELS (EAST) LTD,AHLEAST
NSE_EQ,NSE_EQ|INE758C01029,AHLUWALIA CONT IND LTD,17833,AHLUWALIA CONT IND LTD,AHLUCONT
NSE_EQ,NSE_EQ|INE212H01026,AIA ENGINEERING LIMITED,13086,AIA ENGINEERING LIMITED,AIAENG
NSE_EQ,NSE_EQ|INE206F01022,AUTHUM INVEST & INFRA LTD,23553,AUTHUM INVEST & INFRA LTD,AIIL
NSE_EQ,NSE_EQ|INE0CAJ01017,ABHISHEK INTEGRATIONS LTD,4654,ABHISHEK INTEGRATIONS LTD,AILIMITED
NSE_EQ,NSE_EQ|INE0RUV01018,AIMTRON ELECTRONICS LTD,23984,AIMTRON ELECTRONICS LTD,AIMTRON
NSE_EQ,NSE_EQ|INE645W01026,AIRAN LIMITED,9897,AIRAN LIMITED,AIRAN
NSE_EQ,NSE_EQ|INE801L01010,AIRO LAM LIMITED,6068,AIRO LAM LIMITED,AIROLAM
NSE_EQ,NSE_EQ|IN9397D01014,AIRTEL RS. 1.25 PPD UP,6435,AIRTEL RS. 1.25 PPD UP,AIRTELPP
NSE_EQ,NSE_EQ|INE635Y01015,ANI INTEGRATED SERV LTD.,482,ANI INTEGRATED SERV LTD.,AISL
NSE_EQ,NSE_EQ|INE031B01049,AJANTA PHARMA LIMITED,8124,AJANTA PHARMA LIMITED,AJANTPHARM
NSE_EQ,NSE_EQ|INE274Y01021,AJAX ENGINEERING LIMITED,29624,AJAX ENGINEERING LIMITED,AJAXENGG
NSE_EQ,NSE_EQ|INE298G01027,AJMERA REALTY & INF I LTD,17307,AJMERA REALTY & INF I LTD,AJMERA
NSE_EQ,NSE_EQ|INE820Y01021,AJOONI BIOTECH LIMITED,3403,AJOONI BIOTECH LIMITED,AJOONI
NSE_EQ,NSE_EQ|INE0PCY01014,AKANKSHA POWER N INFRA L,21121,AKANKSHA POWER N INFRA L,AKANKSHA
NSE_EQ,NSE_EQ|INE737W01013,AKASH INFRA-PROJECTS LTD,13510,AKASH INFRA-PROJECTS LTD,AKASH
NSE_EQ,NSE_EQ|INE00Y801016,AKG EXIM LIMITED,2176,AKG EXIM LIMITED,AKG
NSE_EQ,NSE_EQ|INE642Z01026,AKI INDIA LIMITED,14895,AKI INDIA LIMITED,AKI
NSE_EQ,NSE_EQ|INE0PMR01017,AKIKO GLOBAL SERVICES L,24304,AKIKO GLOBAL SERVICES L,AKIKO
NSE_EQ,NSE_EQ|INE256Z01025,AKSHAR SPINTEX LIMITED,9560,AKSHAR SPINTEX LIMITED,AKSHAR
NSE_EQ,NSE_EQ|INE542B01011,AKSHARCHEM INDIA LIMITED,20178,AKSHARCHEM INDIA LIMITED,AKSHARCHEM
NSE_EQ,NSE_EQ|INE523B01011,AKSH OPTIFIBRE  LTD,8595,AKSH OPTIFIBRE  LTD,AKSHOPTFBR
NSE_EQ,NSE_EQ|INE09XN01023,AKUMS DRUGS AND PHARMA L,24715,AKUMS DRUGS AND PHARMA L,AKUMS
NSE_EQ,NSE_EQ|INE133A01011,AKZO NOBEL INDIA LIMITED,1467,AKZO NOBEL INDIA LIMITED,AKZOINDIA
NSE_EQ,NSE_EQ|INE914E01040,ALANKIT LIMITED,9921,ALANKIT LIMITED,ALANKIT
NSE_EQ,NSE_EQ|INE155C01010,ALBERT DAVID LIMITED,17256,ALBERT DAVID LIMITED,ALBERTDAVD
NSE_EQ,NSE_EQ|INE426A01027,ALEMBIC LIMITED,79,ALEMBIC LIMITED,ALEMBICLTD
NSE_EQ,NSE_EQ|INE062D01024,ALICON CASTALLOY LIMITED,13656,ALICON CASTALLOY LIMITED,ALICON
NSE_EQ,NSE_EQ|INE03Q201024,ALIVUS LIFE SCIENCES LTD,5265,ALIVUS LIFE SCIENCES LTD,ALIVUS
NSE_EQ,NSE_EQ|INE773I01017,ALKALI METALS LTD,16959,ALKALI METALS LTD,ALKALI
NSE_EQ,NSE_EQ|INE540L01014,ALKEM LABORATORIES LTD.,11703,ALKEM LABORATORIES LTD.,ALKEM
NSE_EQ,NSE_EQ|INE150B01039,ALKYL AMINES CHEM. LTD,4487,ALKYL AMINES CHEM. LTD,ALKYLAMINE
NSE_EQ,NSE_EQ|INE418H01029,ALLCARGO LOGISTICS LTD,13501,ALLCARGO LOGISTICS LTD,ALLCARGO
NSE_EQ,NSE_EQ|INE835G01018,ALLDIGI TECH LIMITED,11798,ALLDIGI TECH LIMITED,ALLDIGI
NSE_EQ,NSE_EQ|INE0M2X01012,ALL E TECHNOLOGIES LTD,13203,ALL E TECHNOLOGIES LTD,ALLETEC
NSE_EQ,NSE_EQ|INE326B01035,ALMONDZ GLOBAL SEC LTD,16719,ALMONDZ GLOBAL SEC LTD,ALMONDZ
NSE_EQ,NSE_EQ|INE270A01029,ALOK INDUSTRIES LIMITED,17675,ALOK INDUSTRIES LIMITED,ALOKINDS
NSE_EQ,NSE_EQ|INE385I01010,ALPA LABORATORIES LTD,14848,ALPA LABORATORIES LTD,ALPA
NSE_EQ,NSE_EQ|INE0R4701017,ALPEX SOLAR LIMITED,22688,ALPEX SOLAR LIMITED,ALPEXSOLAR
NSE_EQ,NSE_EQ|INF174KA1IA5,KOTAKMAMC - KOTAKALPHA,7412,KOTAKMAMC - KOTAKALPHA,ALPHA
NSE_EQ,NSE_EQ|INE0L6807138,AAFS MARKET LINK2027SR I,22856,AAFS MARKET LINK2027SR I,ALPHA27
NSE_EQ,NSE_EQ|INF769K01KU7,MIRAEAMC - ALPHAETF,19640,MIRAEAMC - ALPHAETF,ALPHAETF
NSE_EQ,NSE_EQ|INE137C01018,ALPHAGEO (INDIA) LIMITED,14597,ALPHAGEO (INDIA) LIMITED,ALPHAGEO
NSE_EQ,NSE_EQ|INF109KC17V7,ICICIPRAMC - ICICIALPLV,22344,ICICIPRAMC - ICICIALPLV,ALPL30IETF
NSE_EQ,NSE_EQ|INE093B01015,ALPS INDUSTRIES LTD.,7623,ALPS INDUSTRIES LTD.,ALPSINDUS
NSE_EQ,NSE_EQ|INE0STM01017,ALUWIND INFRA-TECH LTD,23474,ALUWIND INFRA-TECH LTD,ALUWIND
NSE_EQ,NSE_EQ|INE00C501018,AMBANI ORGOCHEM LIMITED,4083,AMBANI ORGOCHEM LIMITED,AMBANIORGO
NSE_EQ,NSE_EQ|INE371P01015,AMBER ENTERPRISES (I) LTD,1185,AMBER ENTERPRISES (I) LTD,AMBER
NSE_EQ,NSE_EQ|INE0M3I01029,AMBEY LABORATORIES LTD,24415,AMBEY LABORATORIES LTD,AMBEY
NSE_EQ,NSE_EQ|INE792B01012,AMBICA AGAR & AROMAINDLTD,11496,AMBICA AGAR & AROMAINDLTD,AMBICAAGAR
NSE_EQ,NSE_EQ|INE540G01014,AMBIKA COTTON MILL LTD.,15234,AMBIKA COTTON MILL LTD.,AMBIKCO
NSE_EQ,NSE_EQ|INE079A01024,AMBUJA CEMENTS LTD,1270,AMBUJA CEMENTS LTD,AMBUJACEM
NSE_EQ,NSE_EQ|INE005I01014,AMD INDUSTRIES LIMITED,14398,AMD INDUSTRIES LIMITED,AMDIND
NSE_EQ,NSE_EQ|INE0KT901015,AMEYA PRECISION ENG LTD,10898,AMEYA PRECISION ENG LTD,AMEYA
NSE_EQ,NSE_EQ|INE0MTP01013,AMIABLE LOGISTICS (I) LTD,11939,AMIABLE LOGISTICS (I) LTD,AMIABLE
NSE_EQ,NSE_EQ|INE606A01024,AMJ LAND HOLDINGS LIMITED,2598,AMJ LAND HOLDINGS LIMITED,AMJLAND
NSE_EQ,NSE_EQ|INE749Y01014,A AND M JUMBO BAGS LTD,1353,A AND M JUMBO BAGS LTD,AMJUMBO
NSE_EQ,NSE_EQ|INE275D01022,AMINES & PLASTICIZERS LTD,19867,AMINES & PLASTICIZERS LTD,AMNPLST
NSE_EQ,NSE_EQ|INE098F01031,AMRUTAJAN HEALTH LTD,17547,AMRUTAJAN HEALTH LTD,AMRUTANJAN
NSE_EQ,NSE_EQ|INE463V01026,ANAND RATHI WEALTH LTD,7145,ANAND RATHI WEALTH LTD,ANANDRATHI
NSE_EQ,NSE_EQ|INE242C01024,ANANT RAJ LIMITED,13620,ANANT RAJ LIMITED,ANANTRAJ
NSE_EQ,NSE_EQ|INE435A01051,ANDHRA PAPER LIMITED,166,ANDHRA PAPER LIMITED,ANDHRAPAP
NSE_EQ,NSE_EQ|INE715B01021,ANDHRA SUGARS LTD,136,ANDHRA SUGARS LTD,ANDHRSUGAR
NSE_EQ,NSE_EQ|INE732I01013,ANGEL ONE LIMITED,324,ANGEL ONE LIMITED,ANGELONE
NSE_EQ,NSE_EQ|INE087B01017,ANIK INDUSTRIES LTD,16661,ANIK INDUSTRIES LTD,ANIKINDS
NSE_EQ,NSE_EQ|INE106I01010,ANKIT MET & POW LTD,25878,ANKIT MET & POW LTD,ANKITMETAL
NSE_EQ,NSE_EQ|INE0LR101013,ANLON TECHNOLOGY SOL LTD,13657,ANLON TECHNOLOGY SOL LTD,ANLON
NSE_EQ,NSE_EQ|INE02AR01019,ANMOL INDIA LIMITED,3727,ANMOL INDIA LIMITED,ANMOL
NSE_EQ,NSE_EQ|INE0MGM01017,ANNAPURNA SWADISHT LTD,11198,ANNAPURNA SWADISHT LTD,ANNAPURNA
NSE_EQ,NSE_EQ|INE436A01026,ANSAL PROP & INFRA LTD,19677,ANSAL PROP & INFRA LTD,ANSALAPI
NSE_EQ,NSE_EQ|INE414B01021,ANTARCTICA LTD,5194,ANTARCTICA LTD,ANTGRAPHIC
NSE_EQ,NSE_EQ|INE489G01022,ANUH PHARMA LIMITED,28314,ANUH PHARMA LIMITED,ANUHPHR
NSE_EQ,NSE_EQ|INE294Z01018,THE ANUP ENGINEERING LTD,9014,THE ANUP ENGINEERING LTD,ANUP
NSE_EQ,NSE_EQ|INE930P01018,ANUPAM RASAYAN INDIA LTD,23687,ANUPAM RASAYAN INDIA LTD,ANURAS
NSE_EQ,NSE_EQ|INE0SI601032,ANYA POLYTECH & FERTI LTD,28983,ANYA POLYTECH & FERTI LTD,ANYA
NSE_EQ,NSE_EQ|INE0MIZ23019,ANZEN IND ENE YLD PLU TRU,11945,ANZEN IND ENE YLD PLU TRU,ANZEN
NSE_EQ,NSE_EQ|INF1J2R01056,AONEAMC - AONELIQUID,30472,AONEAMC - AONELIQUID,AONELIQUID
NSE_EQ,NSE_EQ|INF1J2R01064,AONEAMC - AONENIFTY,757096,AONEAMC - AONENIFTY,AONENIFTY
NSE_EQ,NSE_EQ|INF1J2R01015,AONEAMC - AONETOTAL,29975,AONEAMC - AONETOTAL,AONETOTAL
NSE_EQ,NSE_EQ|INE372A01015,APAR INDUSTRIES LTD.,11491,APAR INDUSTRIES LTD.,APARINDS
NSE_EQ,NSE_EQ|INE071F01012,ANJANI PORTLAND CEM LTD,20453,ANJANI PORTLAND CEM LTD,APCL
NSE_EQ,NSE_EQ|INE116A01032,APCOTEX INDUSTRIES LIMITE,154,APCOTEX INDUSTRIES LIMITE,APCOTEXIND
NSE_EQ,NSE_EQ|INE346W01013,APEX FROZEN FOODS LIMITED,21623,APEX FROZEN FOODS LIMITED,APEX
NSE_EQ,NSE_EQ|INE0T4V01015,APEX ECOTECH LIMITED,27291,APEX ECOTECH LIMITED,APEXECO
NSE_EQ,NSE_EQ|INE702C01027,APL APOLLO TUBES LTD,25780,APL APOLLO TUBES LTD,APLAPOLLO
NSE_EQ,NSE_EQ|INE901L01018,ALEMBIC PHARMA LTD,25328,ALEMBIC PHARMA LTD,APLLTD
NSE_EQ,NSE_EQ|INE713T01028,APOLLO MICRO SYSTEMS LTD,1134,APOLLO MICRO SYSTEMS LTD,APOLLO
NSE_EQ,NSE_EQ|INE437A01024,APOLLO HOSPITALS ENTER. L,157,APOLLO HOSPITALS ENTER. L,APOLLOHOSP
NSE_EQ,NSE_EQ|INE126J01016,APOLLO PIPES LIMITED,14361,APOLLO PIPES LIMITED,APOLLOPIPE
NSE_EQ,NSE_EQ|INE438A01022,APOLLO TYRES LTD,163,APOLLO TYRES LTD,APOLLOTYRE
NSE_EQ,NSE_EQ|INE451F01024,APOLLO SINDOORI HOTEL LTD,6302,APOLLO SINDOORI HOTEL LTD,APOLSINHOT
NSE_EQ,NSE_EQ|INE0LQG01010,APRAMEYA ENGINEERING LTD,24641,APRAMEYA ENGINEERING LTD,APRAMEYA
NSE_EQ,NSE_EQ|INE0P0001010,AUSTRALIAN PREM SOLAR I L,21451,AUSTRALIAN PREM SOLAR I L,APS
NSE_EQ,NSE_EQ|INE266F01018,APTECH LIMITED,14074,APTECH LIMITED,APTECHT
NSE_EQ,NSE_EQ|INE852O01025,APTUS VALUE HSG FIN I LTD,5435,APTUS VALUE HSG FIN I LTD,APTUS
NSE_EQ,NSE_EQ|INE08NJ01024,ARABIAN PETROLEUM LIMITED,19253,ARABIAN PETROLEUM LIMITED,ARABIAN
NSE_EQ,NSE_EQ|INE877I01016,ARCHIDPLY IND. LTD,16795,ARCHIDPLY IND. LTD,ARCHIDPLY
NSE_EQ,NSE_EQ|INE731A01020,ARCHIES LTD,5688,ARCHIES LTD,ARCHIES
NSE_EQ,NSE_EQ|INE885A01032,AMARA RAJA ENERGY MOB LTD,100,AMARA RAJA ENERGY MOB LTD,ARE&M
NSE_EQ,NSE_EQ|INE610C01014,RAJDARSHAN INDUSTRIES LTD,181,RAJDARSHAN INDUSTRIES LTD,ARENTERP
NSE_EQ,NSE_EQ|INE0L2Y01011,ARHAM TECHNOLOGIES LTD,13092,ARHAM TECHNOLOGIES LTD,ARHAM
NSE_EQ,NSE_EQ|INE298I01015,ARIES AGRO LTD.,15204,ARIES AGRO LTD.,ARIES
NSE_EQ,NSE_EQ|INE0NCC01015,ARIHANT ACADEMY LIMITED,13340,ARIHANT ACADEMY LIMITED,ARIHANTACA
NSE_EQ,NSE_EQ|INE420B01036,ARIHANT CAPITAL MKTS LTD,3813,ARIHANT CAPITAL MKTS LTD,ARIHANTCAP
NSE_EQ,NSE_EQ|INE643K01018,ARIHANT SUPERSTRUCT LTD,20159,ARIHANT SUPERSTRUCT LTD,ARIHANTSUP
NSE_EQ,NSE_EQ|INE082101010,ARISTO BIO T AND LIFESC L,13931,ARISTO BIO T AND LIFESC L,ARISTO
NSE_EQ,NSE_EQ|INE0QRL01017,ARKADE DEVELOPERS LIMITED,25398,ARKADE DEVELOPERS LIMITED,ARKADE
NSE_EQ,NSE_EQ|INE109C01017,ARMAN FIN SERV LTD,17263,ARMAN FIN SERV LTD,ARMANFIN
NSE_EQ,NSE_EQ|INE210C01013,ARO GRANITE IND. LTD.,14557,ARO GRANITE IND. LTD.,AROGRANITE
NSE_EQ,NSE_EQ|INE570D01018,ARROW GREENTECH LIMITED,9264,ARROW GREENTECH LIMITED,ARROWGREEN
NSE_EQ,NSE_EQ|INE968D01022,ARSHIYA LIMITED,29015,ARSHIYA LIMITED,ARSHIYA
NSE_EQ,NSE_EQ|INE267I01010,ARSS INFRA PROJ. LTD,18206,ARSS INFRA PROJ. LTD,ARSSINFRA
NSE_EQ,NSE_EQ|INE025R01021,ARTEMIS MED SERVICE LTD,16913,ARTEMIS MED SERVICE LTD,ARTEMISMED
NSE_EQ,NSE_EQ|INE738V01013,ART NIRMAN LIMITED,6156,ART NIRMAN LIMITED,ARTNIRMAN
NSE_EQ,NSE_EQ|INE0TTG01017,ARUNAYA ORGANICS LIMITED,756896,ARUNAYA ORGANICS LIMITED,ARUNAYA
NSE_EQ,NSE_EQ|INE006Z01016,ARVEE LABORATORIES I LTD,2814,ARVEE LABORATORIES I LTD,ARVEE
NSE_EQ,NSE_EQ|INE034A01011,ARVIND LIMITED,193,ARVIND LIMITED,ARVIND
NSE_EQ,NSE_EQ|INE955V01021,ARVIND FASHIONS LIMITED,9111,ARVIND FASHIONS LIMITED,ARVINDFASN
NSE_EQ,NSE_EQ|INE0P4T01013,ARVIND PORT AND INFRA LTD,19579,ARVIND PORT AND INFRA LTD,ARVINDPORT
NSE_EQ,NSE_EQ|INE034S01021,ARVIND SMARTSPACES LTD,10457,ARVIND SMARTSPACES LTD,ARVSMART
NSE_EQ,NSE_EQ|INE439A01020,ASAHI INDIA GLASS LIMITED,5378,ASAHI INDIA GLASS LIMITED,ASAHIINDIA
NSE_EQ,NSE_EQ|INE228I01012,ASAHI SONGWON COLOR LTD,25092,ASAHI SONGWON COLOR LTD,ASAHISONG
NSE_EQ,NSE_EQ|INE900C01027,AUTOMOTIVE STAMPINGS & AS,10634,AUTOMOTIVE STAMPINGS & AS,ASAL
NSE_EQ,NSE_EQ|INE073G01016,ASSO ALCOHOLS & BREW LTD,17598,ASSO ALCOHOLS & BREW LTD,ASALCBR
NSE_EQ,NSE_EQ|INE08KD01015,ASCOM LEASIN & INVEST LTD,15030,ASCOM LEASIN & INVEST LTD,ASCOM
NSE_EQ,NSE_EQ|INE0LAA01017,ASHAPURA LOGISTICS LTD,24711,ASHAPURA LOGISTICS LTD,ASHALOG
NSE_EQ,NSE_EQ|INE348A01023,ASHAPURA MINECHEM LTD,203,ASHAPURA MINECHEM LTD,ASHAPURMIN
NSE_EQ,NSE_EQ|INE365D01021,ASHIANA HOUSING LTD,24403,ASHIANA HOUSING LTD,ASHIANA
NSE_EQ,NSE_EQ|INE440A01010,ASHIMA LTD,7895,ASHIMA LTD,ASHIMASYN
NSE_EQ,NSE_EQ|INE442H01029,ASHOKA BUILDCON LTD,20182,ASHOKA BUILDCON LTD,ASHOKA
NSE_EQ,NSE_EQ|INE760Y01011,ASHOKA METCAST LIMITED,16943,ASHOKA METCAST LIMITED,ASHOKAMET
NSE_EQ,NSE_EQ|INE208A01029,ASHOK LEYLAND LTD,212,ASHOK LEYLAND LTD,ASHOKLEY
NSE_EQ,NSE_EQ|INE276G01015,ASIAN ENERGY SERVICES LTD,7030,ASIAN ENERGY SERVICES LTD,ASIANENE
NSE_EQ,NSE_EQ|INE363A01022,ASIAN HOTELS (NORTH) LTD,18425,ASIAN HOTELS (NORTH) LTD,ASIANHOTNR
NSE_EQ,NSE_EQ|INE021A01026,ASIAN PAINTS LIMITED,236,ASIAN PAINTS LIMITED,ASIANPAINT
NSE_EQ,NSE_EQ|INE022I01019,ASIAN GRANITO IND. LTD.,14889,ASIAN GRANITO IND. LTD.,ASIANTILES
NSE_EQ,NSE_EQ|INE491J01022,ASK AUTOMOTIVE LIMITED,20152,ASK AUTOMOTIVE LIMITED,ASKAUTOLTD
NSE_EQ,NSE_EQ|INE617I01024,ASL INDUSTRIES LIMITED,20503,ASL INDUSTRIES LIMITED,ASLIND
NSE_EQ,NSE_EQ|INE855F01042,BARTRONICS INDIA LIMITED,14064,BARTRONICS INDIA LIMITED,ASMS
NSE_EQ,NSE_EQ|INE991I01015,ASPINWALL & CO LTD,17270,ASPINWALL & CO LTD,ASPINWALL
NSE_EQ,NSE_EQ|INE0S7801010,ASPIRE & INNOVATIVE ADV L,23401,ASPIRE & INNOVATIVE ADV L,ASPIRE
NSE_EQ,NSE_EQ|INE563J01010,ASTEC LIFESCIENCES LTD,17728,ASTEC LIFESCIENCES LTD,ASTEC
NSE_EQ,NSE_EQ|INE914M01019,ASTER DM HEALTHCARE LTD.,1508,ASTER DM HEALTHCARE LTD.,ASTERDM
NSE_EQ,NSE_EQ|INE006I01046,ASTRAL LIMITED,14418,ASTRAL LIMITED,ASTRAL
NSE_EQ,NSE_EQ|INE386C01029,ASTRA MICROWAVE LTD,11618,ASTRA MICROWAVE LTD,ASTRAMICRO
NSE_EQ,NSE_EQ|INE203A01020,ASTRAZENECA PHARMA IND LT,5610,ASTRAZENECA PHARMA IND LT,ASTRAZEN
NSE_EQ,NSE_EQ|INE646X01014,ASTRON PAPER BORD MIL LTD,880,ASTRON PAPER BORD MIL LTD,ASTRON
NSE_EQ,NSE_EQ|INE0ALR01029,ATAL REALTECH LIMITED,15649,ATAL REALTECH LIMITED,ATALREAL
NSE_EQ,NSE_EQ|INE09KD01013,ATAM VALVES LIMITED,15404,ATAM VALVES LIMITED,ATAM
NSE_EQ,NSE_EQ|INE0V0Q01019,ATC ENERGIES SYSTEM LTD,756402,ATC ENERGIES SYSTEM LTD,ATCENERGY
NSE_EQ,NSE_EQ|INE399L01023,ADANI TOTAL GAS LIMITED,6066,ADANI TOTAL GAS LIMITED,ATGL
NSE_EQ,NSE_EQ|INE0LEZ01016,ATHER ENERGY LIMITED,757645,ATHER ENERGY LIMITED,ATHERENERG
NSE_EQ,NSE_EQ|INE0NN701020,ALLCARGO TERMINALS LTD,17778,ALLCARGO TERMINALS LTD,ATL
NSE_EQ,NSE_EQ|INE285H01022,ATLANTAA LIMITED,13585,ATLANTAA LIMITED,ATLANTAA
NSE_EQ,NSE_EQ|INE446A01025,ATLAS CYCLE (HARYANA) LTD,7921,ATLAS CYCLE (HARYANA) LTD,ATLASCYCLE
NSE_EQ,NSE_EQ|INE05DH01017,ATMASTCO LIMITED,22785,ATMASTCO LIMITED,ATMASTCO
NSE_EQ,NSE_EQ|INE100A01010,ATUL LTD,263,ATUL LTD,ATUL
NSE_EQ,NSE_EQ|INE951D01028,ATUL AUTO LIMITED,30023,ATUL AUTO LIMITED,ATULAUTO
NSE_EQ,NSE_EQ|INE949L01017,AU SMALL FINANCE BANK LTD,21238,AU SMALL FINANCE BANK LTD,AUBANK
NSE_EQ,NSE_EQ|INE448V01019,AURANGABAD DISTILLERY LTD,18762,AURANGABAD DISTILLERY LTD,AURDIS
NSE_EQ,NSE_EQ|INE132H01018,AURIONPRO SOLN LTD,12022,AURIONPRO SOLN LTD,AURIONPRO
NSE_EQ,NSE_EQ|INE0NUL01018,AURO IMPEX & CHEMICALS L,15869,AURO IMPEX & CHEMICALS L,AUROIMPEX
NSE_EQ,NSE_EQ|INE406A01037,AUROBINDO PHARMA LTD,275,AUROBINDO PHARMA LTD,AUROPHARMA
NSE_EQ,NSE_EQ|INE898S01029,AURUM PROPTECH LIMITED,10310,AURUM PROPTECH LIMITED,AURUM
NSE_EQ,NSE_EQ|INE01YQ01013,ADITYA ULTRA STEEL LTD,25248,ADITYA ULTRA STEEL LTD,AUSL
NSE_EQ,NSE_EQ|INE218C01016,AUSOM ENTERPRISE LIMITED,4037,AUSOM ENTERPRISE LIMITED,AUSOMENT
NSE_EQ,NSE_EQ|INE449A01011,AUTOMOTIVE AXLES LIMITED,278,AUTOMOTIVE AXLES LIMITED,AUTOAXLES
NSE_EQ,NSE_EQ|INF204KC1337,NIPPONAMC - NETFAUTO,7880,NIPPONAMC - NETFAUTO,AUTOBEES
NSE_EQ,NSE_EQ|INF109KC10V2,ICICIPRAMC - ICICIAUTO,7844,ICICIPRAMC - ICICIAUTO,AUTOIETF
NSE_EQ,NSE_EQ|INE718H01014,AUTOLINE INDUSTRIES LTD,14106,AUTOLINE INDUSTRIES LTD,AUTOIND
NSE_EQ,NSE_EQ|INE349W01017,AVADH SUG & ENERGY LTD,21406,AVADH SUG & ENERGY LTD,AVADHSUGAR
NSE_EQ,NSE_EQ|INE0LCL01028,AVALON TECHNOLOGIES LTD,15058,AVALON TECHNOLOGIES LTD,AVALON
NSE_EQ,NSE_EQ|INE005B01027,AVANTEL LIMITED,24610,AVANTEL LIMITED,AVANTEL
NSE_EQ,NSE_EQ|INE871C01038,AVANTI FEEDS LIMITED,7936,AVANTI FEEDS LIMITED,AVANTIFEED
NSE_EQ,NSE_EQ|INE680Z01018,AVG LOGISTICS LIMITED,15589,AVG LOGISTICS LIMITED,AVG
NSE_EQ,NSE_EQ|INE0TFB01017,AVI ANSH TEXTILE LIMITED,25520,AVI ANSH TEXTILE LIMITED,AVIANSH
NSE_EQ,NSE_EQ|INE679V01027,ADITYA VISION LIMITED,25984,ADITYA VISION LIMITED,AVL
NSE_EQ,NSE_EQ|INE323B01024,AVONMORE CAP&MGT SERV LTD,13566,AVONMORE CAP&MGT SERV LTD,AVONMORE
NSE_EQ,NSE_EQ|INE0R9401019,AVP INFRACON LIMITED,23159,AVP INFRACON LIMITED,AVPINFRA
NSE_EQ,NSE_EQ|INE652Z01017,AVRO INDIA LIMITED,8827,AVRO INDIA LIMITED,AVROIND
NSE_EQ,NSE_EQ|INE522V01011,AVSL INDUSTRIES LIMITED,18693,AVSL INDUSTRIES LIMITED,AVSL
NSE_EQ,NSE_EQ|INE488D01021,AVT NATURAL PRODUCTS LTD,14008,AVT NATURAL PRODUCTS LTD,AVTNPL
NSE_EQ,NSE_EQ|INE108V01019,AWFIS SPACE SOLUTIONS LTD,23864,AWFIS SPACE SOLUTIONS LTD,AWFIS
NSE_EQ,NSE_EQ|INE01BK01022,ANTONY WASTE HDG CELL LTD,1797,ANTONY WASTE HDG CELL LTD,AWHCL
NSE_EQ,NSE_EQ|INE699H01024,AWL AGRI BUSINESS LIMITED,8110,AWL AGRI BUSINESS LIMITED,AWL
NSE_EQ,NSE_EQ|INE238A01034,AXIS BANK LIMITED,5900,AXIS BANK LIMITED,AXISBANK
NSE_EQ,NSE_EQ|INF846K01X63,AXISAMC - AXISBNKETF,1044,AXISAMC - AXISBNKETF,AXISBNKETF
NSE_EQ,NSE_EQ|INF846K01Z04,AXISAMC - AXISBPSETF,3530,AXISAMC - AXISBPSETF,AXISBPSETF
NSE_EQ,NSE_EQ|INE555B01013,AXISCADES TECH LTD,9440,AXISCADES TECH LTD,AXISCADES
NSE_EQ,NSE_EQ|INF846K016C7,AXISAMC - AXISCETF,5732,AXISAMC - AXISCETF,AXISCETF
NSE_EQ,NSE_EQ|INF846K01W80,AXIS MF - AXIS GOLD ETF,20532,AXIS MF - AXIS GOLD ETF,AXISGOLD
NSE_EQ,NSE_EQ|INF846K01Z12,AXISAMC - AXISHCETF,3608,AXISAMC - AXISHCETF,AXISHCETF
NSE_EQ,NSE_EQ|INF846K011K1,AXISAMC - AXISILVER,11193,AXISAMC - AXISILVER,AXISILVER
NSE_EQ,NSE_EQ|INF846K01W98,AXISAMC - AXISNIFTY,21252,AXISAMC - AXISNIFTY,AXISNIFTY
NSE_EQ,NSE_EQ|INF846K01Y96,AXISAMC - AXISTECETF,3010,AXISAMC - AXISTECETF,AXISTECETF
NSE_EQ,NSE_EQ|INF846KA1119,AXISAMC - AXISVALUE,30155,AXISAMC - AXISVALUE,AXISVALUE
NSE_EQ,NSE_EQ|INE02EZ01022,AXITA COTTON LIMITED,9902,AXITA COTTON LIMITED,AXITA
NSE_EQ,NSE_EQ|INF846K010Q0,AXISAMC - AXSENSEX,14742,AXISAMC - AXSENSEX,AXSENSEX
NSE_EQ,NSE_EQ|INE193B01039,AYM SYNTEX LIMITED,10285,AYM SYNTEX LIMITED,AYMSYNTEX
NSE_EQ,NSE_EQ|INE02IJ01035,AZAD ENGINEERING LIMITED,20905,AZAD ENGINEERING LIMITED,AZAD
NSE_EQ,NSE_EQ|INE0QW501012,BABA FOOD PROCESSING,20141,BABA FOOD PROCESSING,BABAFP
NSE_EQ,NSE_EQ|INE878I01022,BAFNA PHARMACEUTICALS LTD,17735,BAFNA PHARMACEUTICALS LTD,BAFNAPH
NSE_EQ,NSE_EQ|INE116D01028,B.A.G FILMS AND MEDIA LTD,14075,B.A.G FILMS AND MEDIA LTD,BAGFILMS
NSE_EQ,NSE_EQ|INE029Q01017,BAHETI RECYCLING IND LTD,12989,BAHETI RECYCLING IND LTD,BAHETI
NSE_EQ,NSE_EQ|INE020D01022,BAID FINSERV LIMITED,13794,BAID FINSERV LIMITED,BAIDFIN
NSE_EQ,NSE_EQ|INE917I01010,BAJAJ AUTO LIMITED,16669,BAJAJ AUTO LIMITED,BAJAJ-AUTO
NSE_EQ,NSE_EQ|INE933K01021,BAJAJ CONSUMER CARE LTD,19531,BAJAJ CONSUMER CARE LTD,BAJAJCON
NSE_EQ,NSE_EQ|INE193E01025,BAJAJ ELECT.LTD,15034,BAJAJ ELECT.LTD,BAJAJELEC
NSE_EQ,NSE_EQ|INE918I01026,BAJAJ FINSERV LTD.,16675,BAJAJ FINSERV LTD.,BAJAJFINSV
NSE_EQ,NSE_EQ|INE411U01027,BAJAJ HEALTHCARE LIMITED,6863,BAJAJ HEALTHCARE LIMITED,BAJAJHCARE
NSE_EQ,NSE_EQ|INE377Y01014,BAJAJ HOUSING FINANCE LTD,25270,BAJAJ HOUSING FINANCE LTD,BAJAJHFL
NSE_EQ,NSE_EQ|INE306A01021,BAJAJ HINDUSTHAN SUGAR LT,308,BAJAJ HINDUSTHAN SUGAR LT,BAJAJHIND
NSE_EQ,NSE_EQ|INE118A01012,BAJAJ HOLDINGS & INVS LTD,305,BAJAJ HOLDINGS & INVS LTD,BAJAJHLDNG
NSE_EQ,NSE_EQ|INE0O9T01021,INDEF MANUFACTURING LTD,29678,INDEF MANUFACTURING LTD,BAJAJINDEF
NSE_EQ,NSE_EQ|INE0KQN01018,BAJEL PROJECTS LIMITED,20531,BAJEL PROJECTS LIMITED,BAJEL
NSE_EQ,NSE_EQ|INE296A01032,BAJAJ FINANCE LIMITED,317,BAJAJ FINANCE LIMITED,BAJFINANCE
NSE_EQ,NSE_EQ|INE0S2G01011,SHREE TIRUPATI BALAJEE L,25203,SHREE TIRUPATI BALAJEE L,BALAJEE
NSE_EQ,NSE_EQ|INE0PQ601019,BALAJI PHOSPHATES LIMITED,30033,BALAJI PHOSPHATES LIMITED,BALAJIPHOS
NSE_EQ,NSE_EQ|INE794B01026,BALAJI TELEFILMS LTD.,9162,BALAJI TELEFILMS LTD.,BALAJITELE
NSE_EQ,NSE_EQ|INE050E01027,BALAJI AMINES LIMITED,14501,BALAJI AMINES LIMITED,BALAMINES
NSE_EQ,NSE_EQ|INE618N01022,BALAXI PHARMA LTD,11309,BALAXI PHARMA LTD,BALAXI
NSE_EQ,NSE_EQ|INE0U0201016,SOLVE PLASTIC PRODUCTS L,24882,SOLVE PLASTIC PRODUCTS L,BALCO
NSE_EQ,NSE_EQ|INE875R01011,BALKRISHNA PAPER MILLS L,10181,BALKRISHNA PAPER MILLS L,BALKRISHNA
NSE_EQ,NSE_EQ|INE787D01026,BALKRISHNA IND. LTD,335,BALKRISHNA IND. LTD,BALKRISIND
NSE_EQ,NSE_EQ|INE164A01016,BALMER LAWRIE & CO LTD,338,BALMER LAWRIE & CO LTD,BALMLAWRIE
NSE_EQ,NSE_EQ|INE083D01012,BAL PHARMA LTD.,13441,BAL PHARMA LTD.,BALPHARMA
NSE_EQ,NSE_EQ|INE119A01028,BALRAMPUR CHINI MILLS LTD,341,BALRAMPUR CHINI MILLS LTD,BALRAMCHIN
NSE_EQ,NSE_EQ|INE011E01029,BALU FORGE INDUSTRIES LTD,23607,BALU FORGE INDUSTRIES LTD,BALUFORGE
NSE_EQ,NSE_EQ|INE655B01011,BANARAS BEADS LTD,347,BANARAS BEADS LTD,BANARBEADS
NSE_EQ,NSE_EQ|INE459A01010,BANNARI AMMAN SUGARS LTD,350,BANNARI AMMAN SUGARS LTD,BANARISUG
NSE_EQ,NSE_EQ|INE213C01025,BANCO PRODUCTS (I) LTD,13880,BANCO PRODUCTS (I) LTD,BANCOINDIA
NSE_EQ,NSE_EQ|INE545U01014,BANDHAN BANK LIMITED,2263,BANDHAN BANK LIMITED,BANDHANBNK
NSE_EQ,NSE_EQ|INE863I01016,BANG OVERSEAS LTD.,15303,BANG OVERSEAS LTD.,BANG
NSE_EQ,NSE_EQ|INE862Y01015,BANKA BIOLOO LIMITED,822,BANKA BIOLOO LIMITED,BANKA
NSE_EQ,NSE_EQ|INE028A01039,BANK OF BARODA,4668,BANK OF BARODA,BANKBARODA
NSE_EQ,NSE_EQ|INF204KB15I9,NIP IND ETF BANK BEES,11439,NIP IND ETF BANK BEES,BANKBEES
NSE_EQ,NSE_EQ|INF0QA701714,BFAM - BANKBETF,21986,BFAM - BANKBETF,BANKBETF
NSE_EQ,NSE_EQ|INF769K01KR3,MIRAEAMC - BANKETF,17419,MIRAEAMC - BANKETF,BANKETF
NSE_EQ,NSE_EQ|INF740KA1RX3,DSPAMC - DSPBANKETF,13644,DSPAMC - DSPBANKETF,BANKETFADD
NSE_EQ,NSE_EQ|INF109KC15I8,ICICIPRAMC - IPRU5008,11037,ICICIPRAMC - IPRU5008,BANKIETF
NSE_EQ,NSE_EQ|INE084A01016,BANK OF INDIA,4745,BANK OF INDIA,BANKINDIA
NSE_EQ,NSE_EQ|INF174K01F59,KOTAKMAMC-KOTAKBKETF,5851,KOTAKMAMC-KOTAKBKETF,BANKNIFTY1
NSE_EQ,NSE_EQ|INF769K01LZ4,MIRAEAMC - BANKPSU,25725,MIRAEAMC - BANKPSU,BANKPSU
NSE_EQ,NSE_EQ|INE0B9K01025,BANSAL WIRE INDUSTRIES L,24386,BANSAL WIRE INDUSTRIES L,BANSALWIRE
NSE_EQ,NSE_EQ|INE629D01020,BANSWARA SYNTEX LIMITED,14511,BANSWARA SYNTEX LIMITED,BANSWRAS
NSE_EQ,NSE_EQ|INE382M01027,BARBEQUE NATION HOSP. LTD,3127,BARBEQUE NATION HOSP. LTD,BARBEQUE
NSE_EQ,NSE_EQ|INE0QX401014,BARFLEX POLYFILMS LIMITED,29176,BARFLEX POLYFILMS LIMITED,BARFLEX
NSE_EQ,NSE_EQ|INE373A01013,BASF INDIA LTD,368,BASF INDIA LTD,BASF
NSE_EQ,NSE_EQ|INE0OCC01013,BASILIC FLY STUDIO LTD,18445,BASILIC FLY STUDIO LTD,BASILIC
NSE_EQ,NSE_EQ|INE186H01022,BANNARI AM SPIN MILL LTD.,12034,BANNARI AM SPIN MILL LTD.,BASML
NSE_EQ,NSE_EQ|INE176A01028,BATA INDIA LTD,371,BATA INDIA LTD,BATAINDIA
NSE_EQ,NSE_EQ|INE0JFJ01011,BAWEJA STUDIOS LIMITED,22571,BAWEJA STUDIOS LIMITED,BAWEJA
NSE_EQ,NSE_EQ|INE462A01022,BAYER CROPSCIENCE LTD,17927,BAYER CROPSCIENCE LTD,BAYERCROP
NSE_EQ,NSE_EQ|INF754K01OB1,EDELAMC - BBETF0432,7196,EDELAMC - BBETF0432,BBETF0432
NSE_EQ,NSE_EQ|INE464A01036,BHARAT BIJLEE LTD,13761,BHARAT BIJLEE LTD,BBL
NSE_EQ,NSE_EQ|INF251K01TL6,BARODABNP - BBNPNBETF,24117,BARODABNP - BBNPNBETF,BBNPNBETF
NSE_EQ,NSE_EQ|INF251K01SU9,BARODABNP - BBNPPGOLD,20547,BARODABNP - BBNPPGOLD,BBNPPGOLD
NSE_EQ,NSE_EQ|INE676A01027,BLACK BOX LIMITED,3435,BLACK BOX LIMITED,BBOX
NSE_EQ,NSE_EQ|INE050A01025,BOMBAY BURMAH TRADING COR,380,BOMBAY BURMAH TRADING COR,BBTC
NSE_EQ,NSE_EQ|INE01EE01011,B&B TRIPLEWALL CONT LTD,12153,B&B TRIPLEWALL CONT LTD,BBTCL
NSE_EQ,NSE_EQ|INE412G01024,BCL INDUSTRIES LIMITED,2513,BCL INDUSTRIES LIMITED,BCLIND
NSE_EQ,NSE_EQ|INE977Y01011,BRAND CONCEPTS LIMITED,7780,BRAND CONCEPTS LIMITED,BCONCEPTS
NSE_EQ,NSE_EQ|INE171Z01026,BHARAT DYNAMICS LIMITED,2144,BHARAT DYNAMICS LIMITED,BDL
NSE_EQ,NSE_EQ|INE766Q01014,BDR BUILDCON LIMITED,4294,BDR BUILDCON LIMITED,BDR
NSE_EQ,NSE_EQ|INE639X01027,BEACON TRUSTEESHIP LTD,23922,BEACON TRUSTEESHIP LTD,BEACON
NSE_EQ,NSE_EQ|INE520H01022,BEARDSELL LIMITED,17933,BEARDSELL LIMITED,BEARDSELL
NSE_EQ,NSE_EQ|INE495P01012,MRS BECTORS FOOD SPE LTD,1628,MRS BECTORS FOOD SPE LTD,BECTORFOOD
NSE_EQ,NSE_EQ|INE844K01012,BEDMUTHA INDUST LTD,20196,BEDMUTHA INDUST LTD,BEDMUTHA
NSE_EQ,NSE_EQ|INE263A01024,BHARAT ELECTRONICS LTD,383,BHARAT ELECTRONICS LTD,BEL
NSE_EQ,NSE_EQ|INE894V01022,BELRISE INDUSTRIES LTD,757102,BELRISE INDUSTRIES LTD,BELRISE
NSE_EQ,NSE_EQ|INE258A01016,BEML LIMITED,395,BEML LIMITED,BEML
NSE_EQ,NSE_EQ|INE922A01025,BHANSALI ENG. POLYMERS LT,419,BHANSALI ENG. POLYMERS LT,BEPL
NSE_EQ,NSE_EQ|INE463A01038,BERGER PAINTS (I) LTD,404,BERGER PAINTS (I) LTD,BERGEPAINT
NSE_EQ,NSE_EQ|INE052T01013,BEST AGROLIFE LIMITED,2311,BEST AGROLIFE LIMITED,BESTAGRO
NSE_EQ,NSE_EQ|INE351Y01019,BETA DRUGS LIMITED,81,BETA DRUGS LIMITED,BETA
NSE_EQ,NSE_EQ|INE0HQI01014,BEW ENGINEERING LIMITED,5667,BEW ENGINEERING LIMITED,BEWLTD
NSE_EQ,NSE_EQ|INE878K01010,BF INVESTMENT LIMITED,21113,BF INVESTMENT LIMITED,BFINVEST
NSE_EQ,NSE_EQ|INF769K01HI8,MIRAEAMC - MAFSETF,5220,MIRAEAMC - MAFSETF,BFSI
NSE_EQ,NSE_EQ|INE243D01012,BF UTILITIES LIMITED,14567,BF UTILITIES LIMITED,BFUTILITIE
NSE_EQ,NSE_EQ|INE224M01013,BHARATIYA GLOBAL INFO LTD,11371,BHARATIYA GLOBAL INFO LTD,BGLOBAL
NSE_EQ,NSE_EQ|INE661I01014,BGR ENERGY SYSTEMS LTD,15193,BGR ENERGY SYSTEMS LTD,BGRENERGY
NSE_EQ,NSE_EQ|INE414D01027,BHAGIRADHA CHEM & INDS L,6164,BHAGIRADHA CHEM & INDS L,BHAGCHEM
NSE_EQ,NSE_EQ|INE354C01027,BHAGERIA INDUSTRIES LTD,13400,BHAGERIA INDUSTRIES LTD,BHAGERIA
NSE_EQ,NSE_EQ|INE458B01036,BHAGYANAGAR INDIA LIMITED,20776,BHAGYANAGAR INDIA LIMITED,BHAGYANGR
NSE_EQ,NSE_EQ|INE992S01012,BHALCHANDRAM CLOTHING LTD,9985,BHALCHANDRAM CLOTHING LTD,BHALCHANDR
NSE_EQ,NSE_EQ|INE474E01029,BHANDARI HOSIERY EXP LTD,19556,BHANDARI HOSIERY EXP LTD,BHANDARI
NSE_EQ,NSE_EQ|INE465A01025,BHARAT FORGE LTD,422,BHARAT FORGE LTD,BHARATFORG
NSE_EQ,NSE_EQ|INE561C01019,BHARAT GEARS LTD.,426,BHARAT GEARS LTD.,BHARATGEAR
NSE_EQ,NSE_EQ|INE838B01013,BHARAT RASAYAN LTD,3834,BHARAT RASAYAN LTD,BHARATRAS
NSE_EQ,NSE_EQ|INE415D01024,BHARAT SEATS LIMITED,30247,BHARAT SEATS LIMITED,BHARATSE
NSE_EQ,NSE_EQ|INE316L01019,BHARAT WIRE ROPES LTD.,16123,BHARAT WIRE ROPES LTD.,BHARATWIRE
NSE_EQ,NSE_EQ|INE397D01024,BHARTI AIRTEL LIMITED,10604,BHARTI AIRTEL LIMITED,BHARTIARTL
NSE_EQ,NSE_EQ|INE343G01021,BHARTI HEXACOM LIMITED,23489,BHARTI HEXACOM LIMITED,BHARTIHEXA
NSE_EQ,NSE_EQ|INE257A01026,BHEL,438,BHEL,BHEL
NSE_EQ,NSE_EQ|INE412U01025,BIGBLOC CONSTRUCTION LTD,18431,BIGBLOC CONSTRUCTION LTD,BIGBLOC
NSE_EQ,NSE_EQ|INE00E101023,BIKAJI FOODS INTERN LTD,11966,BIKAJI FOODS INTERN LTD,BIKAJI
NSE_EQ,NSE_EQ|INE0SQH01013,BIKEWO GREEN TECH LIMITED,25524,BIKEWO GREEN TECH LIMITED,BIKEWO
NSE_EQ,NSE_EQ|INE828A01016,BHARTIYA INETRNATIONAL LT,7853,BHARTIYA INETRNATIONAL LT,BIL
NSE_EQ,NSE_EQ|INE071A01013,BINANI INDUSTRIES LTD,13622,BINANI INDUSTRIES LTD,BINANIIND
NSE_EQ,NSE_EQ|INE376G01013,BIOCON LIMITED.,11373,BIOCON LIMITED.,BIOCON
NSE_EQ,NSE_EQ|INE829A01014,BIOFIL CHEM & PHARMA LTD,4136,BIOFIL CHEM & PHARMA LTD,BIOFILCHEM
NSE_EQ,NSE_EQ|INE0PC901019,GRILL SPLENDOUR SER LTD,23559,GRILL SPLENDOUR SER LTD,BIRDYS
NSE_EQ,NSE_EQ|INE0FDU25010,BROOKFIELD INDIA RET,2203,BROOKFIELD INDIA RET,BIRET
NSE_EQ,NSE_EQ|INE800A01015,BIRLA CABLE LIMITED,477,BIRLA CABLE LIMITED,BIRLACABLE
NSE_EQ,NSE_EQ|INE340A01012,BIRLA CORPORATION LTD,480,BIRLA CORPORATION LTD,BIRLACORPN
NSE_EQ,NSE_EQ|INE865C01022,ADITYA BIRLA MONEY LTD,15239,ADITYA BIRLA MONEY LTD,BIRLAMONEY
NSE_EQ,NSE_EQ|INE557A01011,BIRLANU LIMITED,1455,BIRLANU LIMITED,BIRLANU
NSE_EQ,NSE_EQ|INE0UIZ01018,ZINKA LOGISTICS SOL LTD,27144,ZINKA LOGISTICS SOL LTD,BLACKBUCK
NSE_EQ,NSE_EQ|INE0N7W01012,BEML LAND ASSETS LIMITED,15067,BEML LAND ASSETS LIMITED,BLAL
NSE_EQ,NSE_EQ|INE791A01024,BLB LIMITED,8132,BLB LIMITED,BLBLIMITED
NSE_EQ,NSE_EQ|INE416D01022,BLISS GVS PHARMA LTD,19265,BLISS GVS PHARMA LTD,BLISSGVS
NSE_EQ,NSE_EQ|INE350H01032,B.L.KASHYAP & SON LTD,13290,B.L.KASHYAP & SON LTD,BLKASHYAP
NSE_EQ,NSE_EQ|INE153T01027,BLS INTL SERVS LTD,17279,BLS INTL SERVS LTD,BLS
NSE_EQ,NSE_EQ|INE0NLT01010,BLS E-SERVICES LIMITED,22566,BLS E-SERVICES LIMITED,BLSE
NSE_EQ,NSE_EQ|INE657B01025,BLUE CHIP INDIA LIMITED,8650,BLUE CHIP INDIA LIMITED,BLUECHIP
NSE_EQ,NSE_EQ|INE472B01011,BLUE COAST HOTELS LIMITED,8552,BLUE COAST HOTELS LIMITED,BLUECOAST
NSE_EQ,NSE_EQ|INE233B01017,BLUE DART EXPRESS LTD,495,BLUE DART EXPRESS LTD,BLUEDART
NSE_EQ,NSE_EQ|INE0KBH01020,BLUE JET HEALTHCARE LTD,19686,BLUE JET HEALTHCARE LTD,BLUEJET
NSE_EQ,NSE_EQ|INE0SAK01011,BLUE PEBBLE LIMITED,23410,BLUE PEBBLE LIMITED,BLUEPEBBLE
NSE_EQ,NSE_EQ|INE472A01039,BLUE STAR LIMITED,8311,BLUE STAR LIMITED,BLUESTARCO
NSE_EQ,NSE_EQ|INE0X3M01010,BLUE WATER LOGISTICS LTD,758185,BLUE WATER LOGISTICS LTD,BLUEWATER
NSE_EQ,NSE_EQ|INE0U4101014,BLUSPRING ENTERPRISES LTD,757522,BLUSPRING ENTERPRISES LTD,BLUSPRING
NSE_EQ,NSE_EQ|INE0I3Y01014,BOMBAY METRICS S C LTD,6052,BOMBAY METRICS S C LTD,BMETRICS
NSE_EQ,NSE_EQ|INE338D01028,BODAL CHEMICALS LTD,25017,BODAL CHEMICALS LTD,BODALCHEM
NSE_EQ,NSE_EQ|INE802W01023,BOHRA INDUSTRIES LIMITED,11641,BOHRA INDUSTRIES LIMITED,BOHRAIND
NSE_EQ,NSE_EQ|INE032A01023,BOMBAY DYEING & MFG. CO L,513,BOMBAY DYEING & MFG. CO L,BOMDYEING
NSE_EQ,NSE_EQ|INE16SF01016,BORANA WEAVES LIMITED,757919,BORANA WEAVES LIMITED,BORANA
NSE_EQ,NSE_EQ|INE02PY01013,BOROSIL LIMITED,19401,BOROSIL LIMITED,BOROLTD
NSE_EQ,NSE_EQ|INE666D01022,BOROSIL RENEWABLES LTD,3149,BOROSIL RENEWABLES LTD,BORORENEW
NSE_EQ,NSE_EQ|INE02L001032,BOROSIL SCIENTIFIC LTD,24014,BOROSIL SCIENTIFIC LTD,BOROSCI
NSE_EQ,NSE_EQ|INE323A01026,BOSCH LIMITED,2181,BOSCH LIMITED,BOSCHLTD
NSE_EQ,NSE_EQ|INE0QNI01012,BOSS PACKAGING SOLU LTD,25119,BOSS PACKAGING SOLU LTD,BOSS
NSE_EQ,NSE_EQ|INE029A01011,BHARAT PETROLEUM CORP  LT,526,BHARAT PETROLEUM CORP  LT,BPCL
NSE_EQ,NSE_EQ|INF955L01IW0,BARODAPAMC - BPF01D1D,18164,BARODAPAMC - BPF01D1D,BPF01D1D
NSE_EQ,NSE_EQ|INF955L01IX8,BARODAPAMC - BPF01D1R,18165,BARODAPAMC - BPF01D1R,BPF01D1R
NSE_EQ,NSE_EQ|INF955L01IT6,BARODAPAMC - BPF01D2G,18166,BARODAPAMC - BPF01D2G,BPF01D2G
NSE_EQ,NSE_EQ|INF955L01IU4,BARODAPAMC - BPF01D3D,18167,BARODAPAMC - BPF01D3D,BPF01D3D
NSE_EQ,NSE_EQ|INF955L01IV2,BARODAPAMC - BPF01D3R,18168,BARODAPAMC - BPF01D3R,BPF01D3R
NSE_EQ,NSE_EQ|INF955L01IO7,BARODAPAMC - BPF01GPG,18169,BARODAPAMC - BPF01GPG,BPF01GPG
NSE_EQ,NSE_EQ|INF955L01IR0,BARODAPAMC - BPF01MDD,18170,BARODAPAMC - BPF01MDD,BPF01MDD
NSE_EQ,NSE_EQ|INF955L01IS8,BARODAPAMC - BPF01MDR,18171,BARODAPAMC - BPF01MDR,BPF01MDR
NSE_EQ,NSE_EQ|INF955L01IP4,BARODAPAMC - BPF01QDD,18172,BARODAPAMC - BPF01QDD,BPF01QDD
NSE_EQ,NSE_EQ|INF955L01IQ2,BARODAPAMC - BPF01QDR,18173,BARODAPAMC - BPF01QDR,BPF01QDR
NSE_EQ,NSE_EQ|INF955L01JK3,BARODAPAMC - BPF02D1R,18005,BARODAPAMC - BPF02D1R,BPF02D1R
NSE_EQ,NSE_EQ|INF955L01JF3,BARODAPAMC BPF02D2G,18006,BARODAPAMC BPF02D2G,BPF02D2G
NSE_EQ,NSE_EQ|INF955L01JI7,BARODAPAMC - BPF02D3D,18007,BARODAPAMC - BPF02D3D,BPF02D3D
NSE_EQ,NSE_EQ|INF955L01JJ5,BARODAPAMC - BPF02D3R,18008,BARODAPAMC - BPF02D3R,BPF02D3R
NSE_EQ,NSE_EQ|INF955L01JG1,BARODAPAMC - BPF02D4D,18009,BARODAPAMC - BPF02D4D,BPF02D4D
NSE_EQ,NSE_EQ|INF955L01JH9,BARODAPAMC - BPF02D4R,18010,BARODAPAMC - BPF02D4R,BPF02D4R
NSE_EQ,NSE_EQ|INF955L01JL1,BARODAPAMC - BPF02D5R,18062,BARODAPAMC - BPF02D5R,BPF02D5R
NSE_EQ,NSE_EQ|INF955L01JD8,BARODAPAMC BPF02IDR,18063,BARODAPAMC BPF02IDR,BPF02IDR
NSE_EQ,NSE_EQ|INF955L01IY6,BARODAPAMC BPF02IGG,18064,BARODAPAMC BPF02IGG,BPF02IGG
NSE_EQ,NSE_EQ|INF955L01JB2,BARODAPAMC BPF02IMD,18065,BARODAPAMC BPF02IMD,BPF02IMD
NSE_EQ,NSE_EQ|INF955L01JC0,BARODAPAMC BPF02IMR,18066,BARODAPAMC BPF02IMR,BPF02IMR
NSE_EQ,NSE_EQ|INF955L01IZ3,BARODAPAMC BPF02IQD,18067,BARODAPAMC BPF02IQD,BPF02IQD
NSE_EQ,NSE_EQ|INF955L01JA4,BARODAPAMC BPF02IQR,18093,BARODAPAMC BPF02IQR,BPF02IQR
NSE_EQ,NSE_EQ|INF955L01JE6,BARODAPAMC BPF02IWR,18094,BARODAPAMC BPF02IWR,BPF02IWR
NSE_EQ,NSE_EQ|INF955L01JN7,BARODAPAMC - BPF02RDR,18095,BARODAPAMC - BPF02RDR,BPF02RDR
NSE_EQ,NSE_EQ|INF955L01JM9,BARODAPAMC - BPF02RGG,18160,BARODAPAMC - BPF02RGG,BPF02RGG
NSE_EQ,NSE_EQ|INF955L01JP2,BARODAPAMC - BPF02RMD,18161,BARODAPAMC - BPF02RMD,BPF02RMD
NSE_EQ,NSE_EQ|INF955L01JQ0,BARODAPAMC - BPF02RMR,18162,BARODAPAMC - BPF02RMR,BPF02RMR
NSE_EQ,NSE_EQ|INF955L01JO5,BARODAPAMC - BPF02RWR,18163,BARODAPAMC - BPF02RWR,BPF02RWR
NSE_EQ,NSE_EQ|INE110A01019,BPL LTD,530,BPL LTD,BPL
NSE_EQ,NSE_EQ|INE0R4Z01018,BRACE PORT LOGISTICS LTD,24905,BRACE PORT LOGISTICS LTD,BRACEPORT
NSE_EQ,NSE_EQ|INE791I01019,BRIGADE ENTER. LTD,15184,BRIGADE ENTER. LTD,BRIGADE
NSE_EQ,NSE_EQ|INE216A01030,BRITANNIA INDUSTRIES LTD,547,BRITANNIA INDUSTRIES LTD,BRITANNIA
NSE_EQ,NSE_EQ|INE727S01012,BHARAT ROAD NETWORK LTD,21687,BHARAT ROAD NETWORK LTD,BRNL
NSE_EQ,NSE_EQ|INE650L01011,BROOKS LAB LIMITED,25140,BROOKS LAB LIMITED,BROOKS
NSE_EQ,NSE_EQ|INE118H01025,BSE LIMITED,19585,BSE LIMITED,BSE
NSE_EQ,NSE_EQ|INF109KC1V59,ICICIPRAMC - ICICI500,3001,ICICIPRAMC - ICICI500,BSE500IETF
NSE_EQ,NSE_EQ|INE032Z01020,BOMBAY SUPER HYBRID SEEDS,809,BOMBAY SUPER HYBRID SEEDS,BSHSL
NSE_EQ,NSE_EQ|INE594B01012,BSL LTD,8653,BSL LTD,BSL
NSE_EQ,NSE_EQ|INF209KB18D3,ADITYBIRLA SL GOLD ETF-GR,23804,ADITYBIRLA SL GOLD ETF-GR,BSLGOLDETF
NSE_EQ,NSE_EQ|INF209K01YQ3,ADITYABIRLA - BSLIFQPIDG,29556,ADITYABIRLA - BSLIFQPIDG,BSLIFQPIDG
NSE_EQ,NSE_EQ|INF209K01HR6,ABSL IIF- QP - SI-IPDP,22844,ABSL IIF- QP - SI-IPDP,BSLIQPIIDP
NSE_EQ,NSE_EQ|INF209K01HO3,ABSL IIF- QP - SI-RPDP,22850,ABSL IIF- QP - SI-RPDP,BSLIQPIRDP
NSE_EQ,NSE_EQ|INF209K01HN5,ABSL IIF- QP - SI-RPG,22853,ABSL IIF- QP - SI-RPG,BSLIQPIRG
NSE_EQ,NSE_EQ|INF209KB19D1,ADITYBIRLA SL NIF ETF-GR,24781,ADITYBIRLA SL NIF ETF-GR,BSLNIFTY
NSE_EQ,NSE_EQ|INF209KB10E8,BIRLASLAMC - BSLSENETFG,5957,BIRLASLAMC - BSLSENETFG,BSLSENETFG
NSE_EQ,NSE_EQ|INE836A01035,BIRLASOFT LIMITED,6994,BIRLASOFT LIMITED,BSOFT
NSE_EQ,NSE_EQ|INE0EEJ01023,BODHI TREE MULTIMEDIA LTD,14150,BODHI TREE MULTIMEDIA LTD,BTML
NSE_EQ,NSE_EQ|INE0SZ301012,BULKCORP INTERNATIONAL L,24701,BULKCORP INTERNATIONAL L,BULKCORP
NSE_EQ,NSE_EQ|INE295F01017,BTRFLY GANDHI APPL LTD,2716,BTRFLY GANDHI APPL LTD,BUTTERFLY
NSE_EQ,NSE_EQ|INE139I01011,BARAK VALLEY CEM. LTD.,15073,BARAK VALLEY CEM. LTD.,BVCL
NSE_EQ,NSE_EQ|INE319B01014,THE BYKE HOSPITALITY LTD,7930,THE BYKE HOSPITALITY LTD,BYKE
NSE_EQ,NSE_EQ|INE0U7V01015,C2C ADVANCED SYSTEMS LTD,27277,C2C ADVANCED SYSTEMS LTD,C2C
NSE_EQ,NSE_EQ|INE090Y01013,CADSYS (INDIA) LIMITED,21824,CADSYS (INDIA) LIMITED,CADSYS
NSE_EQ,NSE_EQ|INE741K07561,SEC RE NCD SR II,18462,SEC RE NCD SR II,CAGL25
NSE_EQ,NSE_EQ|INE741K07488,SEC RE NCD SR. IV,12456,SEC RE NCD SR. IV,CAGL25A
NSE_EQ,NSE_EQ|INE741K07538,SEC RE NCD SR IV,18473,SEC RE NCD SR IV,CAGL26
NSE_EQ,NSE_EQ|INE741K07553,SEC RE NCD SR VI,18485,SEC RE NCD SR VI,CAGL27
NSE_EQ,NSE_EQ|INE741K07504,SEC RE NCD SR. VI,12471,SEC RE NCD SR. VI,CAGL27A
NSE_EQ,NSE_EQ|INE741K07546,SEC RE NCD SR VIII,18498,SEC RE NCD SR VIII,CAGL28
NSE_EQ,NSE_EQ|INE526B01014,CALIFORNIA SOFTWARE CO LT,8400,CALIFORNIA SOFTWARE CO LT,CALSOFT
NSE_EQ,NSE_EQ|IN9526B01012,CALSOFT RS.2.50 PPD UP,29958,CALSOFT RS.2.50 PPD UP,CALSOFTPP
NSE_EQ,NSE_EQ|INE052I01032,CAMLIN FINE SCIENCES LTD,6216,CAMLIN FINE SCIENCES LTD,CAMLINFINE
NSE_EQ,NSE_EQ|INE278Y01022,CAMPUS ACTIVEWEAR LIMITED,9362,CAMPUS ACTIVEWEAR LIMITED,CAMPUS
NSE_EQ,NSE_EQ|INE596I01012,COMPUTER AGE MNGT SER LTD,342,COMPUTER AGE MNGT SER LTD,CAMS
NSE_EQ,NSE_EQ|INE0QG301017,CANARYS AUTOMATIONS LTD,19368,CANARYS AUTOMATIONS LTD,CANARYS
NSE_EQ,NSE_EQ|INE476A01022,CANARA BANK,10794,CANARA BANK,CANBK
NSE_EQ,NSE_EQ|INE477A01020,CAN FIN HOMES LTD,583,CAN FIN HOMES LTD,CANFINHOME
NSE_EQ,NSE_EQ|INE068L01024,CANTABIL RETAIL LTD,20160,CANTABIL RETAIL LTD,CANTABIL
NSE_EQ,NSE_EQ|INE264T01014,CAPACITE INFRAPROJECT LTD,21749,CAPACITE INFRAPROJECT LTD,CAPACITE
NSE_EQ,NSE_EQ|INE0Z8Z23013,CAPITAL INFRA TRUST,29157,CAPITAL INFRA TRUST,CAPINVIT
NSE_EQ,NSE_EQ|INE646H01017,CAPITAL SMALL FIN BANK L,22675,CAPITAL SMALL FIN BANK L,CAPITALSFB
NSE_EQ,NSE_EQ|INE475E01026,CAPLIN POINT LAB LTD.,3906,CAPLIN POINT LAB LTD.,CAPLIPOINT
NSE_EQ,NSE_EQ|INE707C01018,CAPITAL TRUST LIMITED,19451,CAPITAL TRUST LIMITED,CAPTRUST
NSE_EQ,NSE_EQ|INE120A01034,CARBORUNDUM UNIVERSAL LTD,595,CARBORUNDUM UNIVERSAL LTD,CARBORUNIV
NSE_EQ,NSE_EQ|INE752H01013,CARE RATINGS LIMITED,29113,CARE RATINGS LIMITED,CARERATING
NSE_EQ,NSE_EQ|INE0V7W01012,CARRARO INDIA LIMITED,28879,CARRARO INDIA LIMITED,CARRARO
NSE_EQ,NSE_EQ|INE290S01011,CARTRADE TECH LIMITED,5407,CARTRADE TECH LIMITED,CARTRADE
NSE_EQ,NSE_EQ|INE482D01024,CARYSIL LIMITED,1879,CARYSIL LIMITED,CARYSIL
NSE_EQ,NSE_EQ|INF109K1A021,ICICIPRAMC - CASHIETF,30139,ICICIPRAMC - CASHIETF,CASHIETF
NSE_EQ,NSE_EQ|INE172A01027,CASTROL INDIA LIMITED,1250,CASTROL INDIA LIMITED,CASTROLIND
NSE_EQ,NSE_EQ|INE518X01015,NET AVENUE TECHNOLOGIES L,20406,NET AVENUE TECHNOLOGIES L,CBAZAAR
NSE_EQ,NSE_EQ|INE429I01024,CONS. CONST. CONSORT LTD,14992,CONS. CONST. CONSORT LTD,CCCL
NSE_EQ,NSE_EQ|INE652F01027,COUNTRY CLUB HOSP HOL LTD,6385,COUNTRY CLUB HOSP HOL LTD,CCHHL
NSE_EQ,NSE_EQ|INE421D01022,CCL PRODUCTS (I) LTD,11452,CCL PRODUCTS (I) LTD,CCL
NSE_EQ,NSE_EQ|INE736A01011,CENTRAL DEPO SER (I) LTD,21174,CENTRAL DEPO SER (I) LTD,CDSL
NSE_EQ,NSE_EQ|INE482A01020,CEAT LIMITED,15254,CEAT LIMITED,CEATLTD
NSE_EQ,NSE_EQ|INE0AG901020,CEIGALL INDIA LIMITED,24742,CEIGALL INDIA LIMITED,CEIGALL
NSE_EQ,NSE_EQ|INE185H01016,CELEBRITY FASHIONS LTD,13162,CELEBRITY FASHIONS LTD,CELEBRITY
NSE_EQ,NSE_EQ|INE0OMO01025,CELLECOR GADGETS LIMITED,18811,CELLECOR GADGETS LIMITED,CELLECOR
NSE_EQ,NSE_EQ|INE0LMW01024,CELLO WORLD LIMITED,19795,CELLO WORLD LIMITED,CELLO
NSE_EQ,NSE_EQ|INE0O0001013,CELL POINT (INDIA) LTD,16950,CELL POINT (INDIA) LTD,CELLPOINT
NSE_EQ,NSE_EQ|INE485A01015,CENTURY ENKA LTD,619,CENTURY ENKA LTD,CENTENKA
NSE_EQ,NSE_EQ|INE281A01026,CENTURY EXTRUSIONS LTD,11511,CENTURY EXTRUSIONS LTD,CENTEXT
NSE_EQ,NSE_EQ|INE483A01010,CENTRAL BANK OF INDIA,14894,CENTRAL BANK OF INDIA,CENTRALBK
NSE_EQ,NSE_EQ|INE660C01027,CENTRUM CAPITAL LIMITED,2454,CENTRUM CAPITAL LIMITED,CENTRUM
NSE_EQ,NSE_EQ|INE320B01020,CENTUM ELECTRONICS LTD,14982,CENTUM ELECTRONICS LTD,CENTUM
NSE_EQ,NSE_EQ|INE348B01021,CENTURY PLYBOARDS (I) LTD,13305,CENTURY PLYBOARDS (I) LTD,CENTURYPLY
NSE_EQ,NSE_EQ|INE739E01017,CERA SANITARYWARE LTD,15039,CERA SANITARYWARE LTD,CERA
NSE_EQ,NSE_EQ|INE345B01019,CEREBRA INT TECH LTD,29016,CEREBRA INT TECH LTD,CEREBRAINT
NSE_EQ,NSE_EQ|INE486A01021,CESC LTD,628,CESC LTD,CESC
NSE_EQ,NSE_EQ|INE037Z01029,CONCORD ENVIRO SYSTEMS L,28764,CONCORD ENVIRO SYSTEMS L,CEWATER
NSE_EQ,NSE_EQ|INE180C01042,CAPRI GLOBAL CAPITAL LTD,20329,CAPRI GLOBAL CAPITAL LTD,CGCL
NSE_EQ,NSE_EQ|INE067A01029,CG POWER AND IND SOL LTD,760,CG POWER AND IND SOL LTD,CGPOWER
NSE_EQ,NSE_EQ|INE0R7401011,CREATIVE GRAPHICS S IND L,23468,CREATIVE GRAPHICS S IND L,CGRAPHICS
NSE_EQ,NSE_EQ|INE427F01016,CHALET HOTELS LIMITED,8546,CHALET HOTELS LIMITED,CHALET
NSE_EQ,NSE_EQ|INE085A01013,CHAMBAL FERTILIZERS LTD,637,CHAMBAL FERTILIZERS LTD,CHAMBLFERT
NSE_EQ,NSE_EQ|INE11HG01018,CHAMUNDA ELECTRICAL LTD,29544,CHAMUNDA ELECTRICAL LTD,CHAMUNDA
NSE_EQ,NSE_EQ|INE0B2N01016,CHANDAN HEALTHCARE LTD,29633,CHANDAN HEALTHCARE LTD,CHANDAN
NSE_EQ,NSE_EQ|INE0PT101017,CHAVDA INFRA LIMITED,18654,CHAVDA INFRA LIMITED,CHAVDA
NSE_EQ,NSE_EQ|INE995D01025,CHEMBOND CHEMICALS LTD,14620,CHEMBOND CHEMICALS LTD,CHEMBOND
NSE_EQ,NSE_EQ|INE03YM01018,CHEMCON SPECIAL CHEM LTD,270,CHEMCON SPECIAL CHEM LTD,CHEMCON
NSE_EQ,NSE_EQ|INE783X01023,CHEMFAB ALKALIS LIMITED,2799,CHEMFAB ALKALIS LIMITED,CHEMFAB
NSE_EQ,NSE_EQ|INE488A01050,CHEMPLAST SANMAR LIMITED,5449,CHEMPLAST SANMAR LIMITED,CHEMPLASTS
NSE_EQ,NSE_EQ|INE178A01016,CHENNAI PETROLEUM CORP LT,2049,CHENNAI PETROLEUM CORP LT,CHENNPETRO
NSE_EQ,NSE_EQ|INE0U1T01012,CHETANA EDUCATION LIMITED,24625,CHETANA EDUCATION LIMITED,CHETANA
NSE_EQ,NSE_EQ|INE974B01016,CHEVIOT COMPANY LIMITED,9879,CHEVIOT COMPANY LIMITED,CHEVIOT
NSE_EQ,NSE_EQ|INE102B01014,CHOICE INTERNATIONAL LTD,8866,CHOICE INTERNATIONAL LTD,CHOICEIN
NSE_EQ,NSE_EQ|INE121A01024,CHOLAMANDALAM IN & FIN CO,19257,CHOLAMANDALAM IN & FIN CO,CHOLAFIN
NSE_EQ,NSE_EQ|INE149A01033,CHOLAMANDALAM FIN HOL LTD,21740,CHOLAMANDALAM FIN HOL LTD,CHOLAHLDNG
NSE_EQ,NSE_EQ|INE536H01010,CIE AUTOMOTIVE INDIA LTD,14937,CIE AUTOMOTIVE INDIA LTD,CIEINDIA
NSE_EQ,NSE_EQ|INE121A07RS9,SEC RE NCD SR 4,22553,SEC RE NCD SR 4,CIF27
NSE_EQ,NSE_EQ|INE121A07RU5,SEC RE NCD SR 6,22558,SEC RE NCD SR 6,CIF29
NSE_EQ,NSE_EQ|INE121A07RR1,SEC RE NCD SR 2,22545,SEC RE NCD SR 2,CIFC26
NSE_EQ,NSE_EQ|INE121A07RD1,SEC RE NCD SR 4,17952,SEC RE NCD SR 4,CIFC26A
NSE_EQ,NSE_EQ|INE121A07RI0,SEC RE NCD SR 6,17964,SEC RE NCD SR 6,CIFC28
NSE_EQ,NSE_EQ|INE121A07RL4,SEC RE NCD SR 2,20433,SEC RE NCD SR 2,CIFCZC25
NSE_EQ,NSE_EQ|INE121A07RK6,SEC RE NCD SR 4,20437,SEC RE NCD SR 4,CIFCZC26
NSE_EQ,NSE_EQ|INE121A07QZ6,SEC RE NCD SR.IV,15372,SEC RE NCD SR.IV,CIFCZC26A
NSE_EQ,NSE_EQ|INE121A07RN0,SEC RE NCD SR 6,20445,SEC RE NCD SR 6,CIFCZC28
NSE_EQ,NSE_EQ|INE121A07QX1,SEC RE NCD SR.VI,15376,SEC RE NCD SR.VI,CIFCZC28A
NSE_EQ,NSE_EQ|INE345H01024,CAPITAL INDIA FINANCE LTD,756015,CAPITAL INDIA FINANCE LTD,CIFL
NSE_EQ,NSE_EQ|INE675C01017,CIGNITI TECHNOLOGIES LTD,5142,CIGNITI TECHNOLOGIES LTD,CIGNITITEC
NSE_EQ,NSE_EQ|INE704H01022,CINELINE INDIA LIMITED,27164,CINELINE INDIA LIMITED,CINELINE
NSE_EQ,NSE_EQ|INE039B01026,CINEVISTA LIMITED,8024,CINEVISTA LIMITED,CINEVISTA
NSE_EQ,NSE_EQ|INE059A01026,CIPLA LTD,694,CIPLA LTD,CIPLA
NSE_EQ,NSE_EQ|INE915D07P73,CITI NIFTY 50 INDEX 2026,25459,CITI NIFTY 50 INDEX 2026,CITI26
NSE_EQ,NSE_EQ|INE915D08CX8,CITI TBILL LINK2026SR814,24246,CITI TBILL LINK2026SR814,CITI2626
NSE_EQ,NSE_EQ|INE915D08CY6,CITI 3 M FBIL TBILL 26,27043,CITI 3 M FBIL TBILL 26,CITI26A
NSE_EQ,NSE_EQ|INE915D08CZ3,3M TBILL LKD 27 SR 817,29637,3M TBILL LKD 27 SR 817,CITI27
NSE_EQ,NSE_EQ|INE227W01023,CLEAN SCIENCE & TECH LTD,5049,CLEAN SCIENCE & TECH LTD,CLEAN
NSE_EQ,NSE_EQ|INE201M01029,CL EDUCATE LIMITED,20223,CL EDUCATE LIMITED,CLEDUCATE
NSE_EQ,NSE_EQ|INE0JOO01021,VARANIUM CLOUD LIMITED,28653,VARANIUM CLOUD LIMITED,CLOUD
NSE_EQ,NSE_EQ|INE419D01026,CHAMAN LAL SETIA EXP LTD,3482,CHAMAN LAL SETIA EXP LTD,CLSEL
NSE_EQ,NSE_EQ|INE00NH01017,CROP LIFE SCIENCE LIMITED,18260,CROP LIFE SCIENCE LIMITED,CLSL
NSE_EQ,NSE_EQ|INE981B01011,CMI LIMITED,19676,CMI LIMITED,CMICABLES
NSE_EQ,NSE_EQ|INE06PV01010,CHAMAN METALLICS LIMITED,13731,CHAMAN METALLICS LIMITED,CMNL
NSE_EQ,NSE_EQ|INE075Z01011,CYBER MEDIA RES & SER LTD,11447,CYBER MEDIA RES & SER LTD,CMRSL
NSE_EQ,NSE_EQ|INE925R01014,CMS INFO SYSTEMS LIMITED,7603,CMS INFO SYSTEMS LIMITED,CMSINFO
NSE_EQ,NSE_EQ|INE522F01014,COAL INDIA LTD,20374,COAL INDIA LTD,COALINDIA
NSE_EQ,NSE_EQ|INE377E01024,COASTAL CORPORATION LTD,6006,COASTAL CORPORATION LTD,COASTCORP
NSE_EQ,NSE_EQ|INE704P01025,COCHIN SHIPYARD LIMITED,21508,COCHIN SHIPYARD LIMITED,COCHINSHIP
NSE_EQ,NSE_EQ|INE335K01011,COFFEE DAY ENTERPRISE LTD,11165,COFFEE DAY ENTERPRISE LTD,COFFEEDAY
NSE_EQ,NSE_EQ|INE591G01025,COFORGE LIMITED,11543,COFORGE LIMITED,COFORGE
NSE_EQ,NSE_EQ|INE03QK01018,COHANCE LIFESCIENCES LTD,17945,COHANCE LIFESCIENCES LTD,COHANCE
NSE_EQ,NSE_EQ|INE259A01022,COLGATE PALMOLIVE LTD.,15141,COLGATE PALMOLIVE LTD.,COLPAL
NSE_EQ,NSE_EQ|INE597Z01014,COMMITTED CARGO CARE LTD,19516,COMMITTED CARGO CARE LTD,COMMITTED
NSE_EQ,NSE_EQ|INF109KC19O8,ICICIPRAMC - ICICICOMMO,13198,ICICIPRAMC - ICICICOMMO,COMMOIETF
NSE_EQ,NSE_EQ|INE070C01037,COMPUAGE INFOCOM LTD,19670,COMPUAGE INFOCOM LTD,COMPINFO
NSE_EQ,NSE_EQ|INE453B01029,COMPUCOM SOFTWARE LTD,31138,COMPUCOM SOFTWARE LTD,COMPUSOFT
NSE_EQ,NSE_EQ|INE073V01015,COMMERCIAL SYN BAGS LTD,21578,COMMERCIAL SYN BAGS LTD,COMSYN
NSE_EQ,NSE_EQ|INE111A01025,CONTAINER CORP OF IND LTD,4749,CONTAINER CORP OF IND LTD,CONCOR
NSE_EQ,NSE_EQ|INE338H01029,CONCORD BIOTECH LIMITED,18060,CONCORD BIOTECH LIMITED,CONCORDBIO
NSE_EQ,NSE_EQ|INE552D01024,CONFIDENCE PETRO IND LTD.,10238,CONFIDENCE PETRO IND LTD.,CONFIPET
NSE_EQ,NSE_EQ|INF174KA1JE5,KOTAKMAMC - KOTAKCONS,10512,KOTAKMAMC - KOTAKCONS,CONS
NSE_EQ,NSE_EQ|INE025A01027,CONSO. FIN. & HOLD. LTD.,11731,CONSO. FIN. & HOLD. LTD.,CONSOFINVT
NSE_EQ,NSE_EQ|INF204KA1LD7,NIP IND ETF CONSUMPTION,2435,NIP IND ETF CONSUMPTION,CONSUMBEES
NSE_EQ,NSE_EQ|INF769K01NS5,MIRAEAMC - CONSUMER,28969,MIRAEAMC - CONSUMER,CONSUMER
NSE_EQ,NSE_EQ|INF109KC1V42,ICICIPRAMC - ICICICONSU,6446,ICICIPRAMC - ICICICONSU,CONSUMIETF
NSE_EQ,NSE_EQ|INE340Z01019,CONTINENTAL SEED CHEM LTD,2531,CONTINENTAL SEED CHEM LTD,CONTI
NSE_EQ,NSE_EQ|INE663B01015,CONTROL PRINT LIMITED,17477,CONTROL PRINT LIMITED,CONTROLPR
NSE_EQ,NSE_EQ|INE0HS001010,COOL CAPS INDUSTRIES LTD,8560,COOL CAPS INDUSTRIES LTD,COOLCAPS
NSE_EQ,NSE_EQ|INE558D01021,CORAL INDIA FIN & HOUS LT,4007,CORAL INDIA FIN & HOUS LT,CORALFINAC
NSE_EQ,NSE_EQ|INE792I01017,CORDS CABLE INDUS LTD.,15271,CORDS CABLE INDUS LTD.,CORDSCABLE
NSE_EQ,NSE_EQ|INE169A01031,COROMANDEL INTERNTL. LTD,739,COROMANDEL INTERNTL. LTD,COROMANDEL
NSE_EQ,NSE_EQ|INE757A01017,COSMO FIRST LIMITED,742,COSMO FIRST LIMITED,COSMOFIRST
NSE_EQ,NSE_EQ|INE695B01025,COUNTRY CONDO S LIMITED,16989,COUNTRY CONDO S LIMITED,COUNCODOS
NSE_EQ,NSE_EQ|INE521J01018,CP CAPITAL LIMITED,20086,CP CAPITAL LIMITED,CPCAP
NSE_EQ,NSE_EQ|INE0QBU01012,C P S SHAPERS LIMITED,18380,C P S SHAPERS LIMITED,CPS
NSE_EQ,NSE_EQ|INF457M01133,CPSE ETF,2328,CPSE ETF,CPSEETF
NSE_EQ,NSE_EQ|INE00LO01017,CRAFTSMAN AUTOMATION LTD,2854,CRAFTSMAN AUTOMATION LTD,CRAFTSMAN
NSE_EQ,NSE_EQ|INE0OFK01019,CRAYONS ADVERTISING LTD,16442,CRAYONS ADVERTISING LTD,CRAYONS
NSE_EQ,NSE_EQ|INE985W01018,CREATIVE NEWTECH LIMITED,11155,CREATIVE NEWTECH LIMITED,CREATIVE
NSE_EQ,NSE_EQ|INE230B01021,CREATIVE EYE LIMITED,9388,CREATIVE EYE LIMITED,CREATIVEYE
NSE_EQ,NSE_EQ|INE741K01010,CREDITACCESS GRAMEEN LTD,4421,CREDITACCESS GRAMEEN LTD,CREDITACC
NSE_EQ,NSE_EQ|INE559D01011,CREST VENTURES LIMITED,13900,CREST VENTURES LIMITED,CREST
NSE_EQ,NSE_EQ|INE007A01025,CRISIL LTD,757,CRISIL LTD,CRISIL
NSE_EQ,NSE_EQ|INE299U01018,CROMPT GREA CON ELEC LTD,17094,CROMPT GREA CON ELEC LTD,CROMPTON
NSE_EQ,NSE_EQ|INE491V01019,CROWN LIFTERS LIMITED,8083,CROWN LIFTERS LIMITED,CROWN
NSE_EQ,NSE_EQ|INE679A01013,CSB BANK LIMITED,14966,CSB BANK LIMITED,CSBBANK
NSE_EQ,NSE_EQ|INE718F01018,CSL FINANCE LIMITED,10350,CSL FINANCE LIMITED,CSLFINANCE
NSE_EQ,NSE_EQ|INE627H01017,CAMBRIDGE TECH ENTER LTD,14222,CAMBRIDGE TECH ENTER LTD,CTE
NSE_EQ,NSE_EQ|INE491A01021,CITY UNION BANK LTD,5701,CITY UNION BANK LTD,CUB
NSE_EQ,NSE_EQ|INE0NR623014,CUBE HIGHWAYS TRUST,15078,CUBE HIGHWAYS TRUST,CUBEINVIT
NSE_EQ,NSE_EQ|INE144D01012,CUBEX TUBINGS LTD,4064,CUBEX TUBINGS LTD,CUBEXTUB
NSE_EQ,NSE_EQ|INE298A01020,CUMMINS INDIA LTD,1901,CUMMINS INDIA LTD,CUMMINSIND
NSE_EQ,NSE_EQ|INE509F01029,CUPID LIMITED,18520,CUPID LIMITED,CUPID
NSE_EQ,NSE_EQ|INE117B01020,CURA TECHNOLOGIES LIMITED,30191,CURA TECHNOLOGIES LIMITED,CURAA
NSE_EQ,NSE_EQ|INE278G01037,CYBER MEDIA (INDIA) LTD.,11842,CYBER MEDIA (INDIA) LTD.,CYBERMEDIA
NSE_EQ,NSE_EQ|INE214A01019,CYBERTECH SYSTEMS & SOFTW,6054,CYBERTECH SYSTEMS & SOFTW,CYBERTECH
NSE_EQ,NSE_EQ|INE136B01020,CYIENT LIMITED,5748,CYIENT LIMITED,CYIENT
NSE_EQ,NSE_EQ|INE055S01018,CYIENT DLM LIMITED,17187,CYIENT DLM LIMITED,CYIENTDLM
NSE_EQ,NSE_EQ|INE016A01026,DABUR INDIA LTD,772,DABUR INDIA LTD,DABUR
NSE_EQ,NSE_EQ|INE00R701025,DALMIA BHARAT LIMITED,8075,DALMIA BHARAT LIMITED,DALBHARAT
NSE_EQ,NSE_EQ|INE495A01022,DALMIA BHARAT SUG IN LTD,781,DALMIA BHARAT SUG IN LTD,DALMIASUG
NSE_EQ,NSE_EQ|INE284H01025,DAM CAPITAL ADVISORS LTD,28662,DAM CAPITAL ADVISORS LTD,DAMCAPITAL
NSE_EQ,NSE_EQ|INE497D01022,DAMODAR INDUSTRIES LTD,17541,DAMODAR INDUSTRIES LTD,DAMODARIND
NSE_EQ,NSE_EQ|INE688Y01022,DANGEE DUMS LIMITED,1116,DANGEE DUMS LIMITED,DANGEE
NSE_EQ,NSE_EQ|INE0YU901016,DANISH POWER LIMITED,25927,DANISH POWER LIMITED,DANISH
NSE_EQ,NSE_EQ|INE365B01017,DATAMATICS GLOBAL SER LTD,11423,DATAMATICS GLOBAL SER LTD,DATAMATICS
NSE_EQ,NSE_EQ|INE0IX101010,DATA PATTERNS INDIA LTD,7358,DATA PATTERNS INDIA LTD,DATAPATTNS
NSE_EQ,NSE_EQ|INE179G01029,DAVANGERE SUGAR COMPANY L,21794,DAVANGERE SUGAR COMPANY L,DAVANGERE
NSE_EQ,NSE_EQ|INE950I01011,D.B.CORP LTD,17881,D.B.CORP LTD,DBCORP
NSE_EQ,NSE_EQ|INE0OPA01019,DEEPAK BUILDERS & ENG I L,25892,DEEPAK BUILDERS & ENG I L,DBEIL
NSE_EQ,NSE_EQ|INE917M01012,DILIP BUILDCON LIMITED,18086,DILIP BUILDCON LIMITED,DBL
NSE_EQ,NSE_EQ|INE0I3401014,DHAMPUR BIO ORGANICS LTD,10895,DHAMPUR BIO ORGANICS LTD,DBOL
NSE_EQ,NSE_EQ|INE879I01012,VALOR ESTATE LIMITED,18124,VALOR ESTATE LIMITED,DBREALTY
NSE_EQ,NSE_EQ|INE921B01025,DB (INT) STOCK BROKERS,31107,DB (INT) STOCK BROKERS,DBSTOCKBRO
NSE_EQ,NSE_EQ|INE385W01011,DISHMAN CARBO AMCIS LTD,21704,DISHMAN CARBO AMCIS LTD,DCAL
NSE_EQ,NSE_EQ|INE503A01015,DCB BANK LIMITED,13725,DCB BANK LIMITED,DCBBANK
NSE_EQ,NSE_EQ|INE04Q901010,DAR CREDIT & CAPITAL LTD,757107,DAR CREDIT & CAPITAL LTD,DCCL
NSE_EQ,NSE_EQ|INE0S8401018,DCG CABLES & WIRES LTD,23520,DCG CABLES & WIRES LTD,DCG
NSE_EQ,NSE_EQ|INE0A1101019,DC INFOTECH AND COMUN LTD,11566,DC INFOTECH AND COMUN LTD,DCI
NSE_EQ,NSE_EQ|INE498A01018,DCM LTD,805,DCM LTD,DCM
NSE_EQ,NSE_EQ|INE891B01012,DCM FINANCIAL SERVICES LT,8704,DCM FINANCIAL SERVICES LT,DCMFINSERV
NSE_EQ,NSE_EQ|INE08KP01019,DCM NOUVELLE LIMITED,11039,DCM NOUVELLE LIMITED,DCMNVL
NSE_EQ,NSE_EQ|INE499A01024,DCM SHRIRAM LIMITED,811,DCM SHRIRAM LIMITED,DCMSHRIRAM
NSE_EQ,NSE_EQ|INE843D01027,DCM SHRIRAM IND LTD,7325,DCM SHRIRAM IND LTD,DCMSRIND
NSE_EQ,NSE_EQ|INE500A01029,DCW LTD,817,DCW LTD,DCW
NSE_EQ,NSE_EQ|INE0KL801015,DCX SYSTEMS LIMITED,11895,DCX SYSTEMS LIMITED,DCXINDIA
NSE_EQ,NSE_EQ|INE0HR601026,DDEV PLASTIKS IND LTD,29098,DDEV PLASTIKS IND LTD,DDEVPLSTIK
NSE_EQ,NSE_EQ|INE583C01021,DECCAN CEMENTS LIMITED,14838,DECCAN CEMENTS LIMITED,DECCANCE
NSE_EQ,NSE_EQ|INE0S7C01019,DECCAN TRANSCON LEASING L,25421,DECCAN TRANSCON LEASING L,DECCANTRAN
NSE_EQ,NSE_EQ|INE841L01016,DEE DEVELOPMENT ENG LTD,24154,DEE DEVELOPMENT ENG LTD,DEEDEV
NSE_EQ,NSE_EQ|INE586O01011,DEEM ROLL TECH LIMITED,22799,DEEM ROLL TECH LIMITED,DEEM
NSE_EQ,NSE_EQ|INE501A01019,DEEPAK FERTILIZERS & PETR,827,DEEPAK FERTILIZERS & PETR,DEEPAKFERT
NSE_EQ,NSE_EQ|INE288B01029,DEEPAK NITRITE LTD,19943,DEEPAK NITRITE LTD,DEEPAKNTR
NSE_EQ,NSE_EQ|INE0FHS01024,DEEP INDUSTRIES LIMITED,3292,DEEP INDUSTRIES LIMITED,DEEPINDS
NSE_EQ,NSE_EQ|INE0SK801018,DELAPLEX LIMITED,22527,DELAPLEX LIMITED,DELAPLEX
NSE_EQ,NSE_EQ|INE148O01028,DELHIVERY LIMITED,9599,DELHIVERY LIMITED,DELHIVERY
NSE_EQ,NSE_EQ|INE726L01019,DELPHI WORLD MONEY LTD,24391,DELPHI WORLD MONEY LTD,DELPHIFX
NSE_EQ,NSE_EQ|INE124G01033,DELTA CORP LIMITED,15044,DELTA CORP LIMITED,DELTACORP
NSE_EQ,NSE_EQ|INE393A01011,DELTA MANUFACTURING LTD,7909,DELTA MANUFACTURING LTD,DELTAMAGNT
NSE_EQ,NSE_EQ|INE0XRN01019,DELTA AUTOCORP LIMITED,29095,DELTA AUTOCORP LIMITED,DELTIC
NSE_EQ,NSE_EQ|INE947J01015,DEN NETWORKS LTD,17722,DEN NETWORKS LTD,DEN
NSE_EQ,NSE_EQ|INE0JWV01011,DE NEERS TOOLS LIMITED,15449,DE NEERS TOOLS LIMITED,DENEERS
NSE_EQ,NSE_EQ|INE244A01016,DE NORA INDIA LIMITED,4279,DE NORA INDIA LIMITED,DENORA
NSE_EQ,NSE_EQ|INE0R4L01018,DENTA WATER N INFRA SOL L,29256,DENTA WATER N INFRA SOL L,DENTA
NSE_EQ,NSE_EQ|INE0N5801013,VASA DENTICITY LIMITED,16454,VASA DENTICITY LIMITED,DENTALKART
NSE_EQ,NSE_EQ|INE0IGO01011,DESTINY LOGISTICS & I LTD,6092,DESTINY LOGISTICS & I LTD,DESTINY
NSE_EQ,NSE_EQ|INE060X01026,DEV INFO TECHNOLOGY LTD,8146,DEV INFO TECHNOLOGY LTD,DEVIT
NSE_EQ,NSE_EQ|INE872J01023,DEVYANI INTERNATIONAL LTD,5373,DEVYANI INTERNATIONAL LTD,DEVYANI
NSE_EQ,NSE_EQ|INE03JI01017,DIGICONTENT LIMITED,10346,DIGICONTENT LIMITED,DGCONTENT
NSE_EQ,NSE_EQ|INE041A01016,DHAMPUR SUGAR MILLS LTD.,857,DHAMPUR SUGAR MILLS LTD.,DHAMPURSUG
NSE_EQ,NSE_EQ|INE680A01011,DHANLAXMI BANK LIMITED,11359,DHANLAXMI BANK LIMITED,DHANBANK
NSE_EQ,NSE_EQ|INE274G01010,DHANI SERVICES LIMITED,15384,DHANI SERVICES LIMITED,DHANI
NSE_EQ,NSE_EQ|INE0V9V01010,DHANLAXMI CROP SCIENCE L,27723,DHANLAXMI CROP SCIENCE L,DHANLAXMI
NSE_EQ,NSE_EQ|INE435G01025,DHANUKA AGRITECH LTD,24409,DHANUKA AGRITECH LTD,DHANUKA
NSE_EQ,NSE_EQ|INE0YRN01017,DHARIWALCORP LIMITED,24750,DHARIWALCORP LIMITED,DHARIWAL
NSE_EQ,NSE_EQ|INE00OQ01016,DHARMAJ CROP GUARD LTD,13014,DHARMAJ CROP GUARD LTD,DHARMAJ
NSE_EQ,NSE_EQ|INE506Z01015,DHRUV CONSULTANCY SER LTD,6860,DHRUV CONSULTANCY SER LTD,DHRUV
NSE_EQ,NSE_EQ|INE0OGG01015,DOCMODE HEALTH TECH LTD,22537,DOCMODE HEALTH TECH LTD,DHTL
NSE_EQ,NSE_EQ|INE320L01011,DHUNSERI INVESTMENTS LTD,22233,DHUNSERI INVESTMENTS LTD,DHUNINV
NSE_EQ,NSE_EQ|INE989C01038,DIAMOND POWER INFRA LTD,18543,DIAMOND POWER INFRA LTD,DIACABS
NSE_EQ,NSE_EQ|INE591D01014,DIAMINES & CHEMICALS LTD,18644,DIAMINES & CHEMICALS LTD,DIAMINESQ
NSE_EQ,NSE_EQ|INE393P01035,PRATAAP SNACKS LIMITED,21840,PRATAAP SNACKS LIMITED,DIAMONDYD
NSE_EQ,NSE_EQ|INE303A01010,DIC INDIA LIMITED,703,DIC INDIA LIMITED,DICIND
NSE_EQ,NSE_EQ|INE184O01015,DIFFUSION ENGINEERS LTD,25672,DIFFUSION ENGINEERS LTD,DIFFNKG
NSE_EQ,NSE_EQ|INE0PSC01024,DIGIDRIVE DISTRIBUTORS L,21247,DIGIDRIVE DISTRIBUTORS L,DIGIDRIVE
NSE_EQ,NSE_EQ|INE0QJ901011,DIGIKORE STUDIOS LIMITED,19138,DIGIKORE STUDIOS LIMITED,DIGIKORE
NSE_EQ,NSE_EQ|INE927C01020,DIGISPICE TECHNOLOGIES LT,16683,DIGISPICE TECHNOLOGIES LT,DIGISPICE
NSE_EQ,NSE_EQ|INE0U4701011,DIGITIDE SOLUTIONS LTD,757517,DIGITIDE SOLUTIONS LTD,DIGITIDE
NSE_EQ,NSE_EQ|INE731U01028,DIGJAM LTD,6136,DIGJAM LTD,DIGJAMLMTD
NSE_EQ,NSE_EQ|INE411Y01011,DEBOCK INDUSTRIES LIMITED,8665,DEBOCK INDUSTRIES LIMITED,DIL
NSE_EQ,NSE_EQ|INE836F01026,DISH TV INDIA LTD.,14540,DISH TV INDIA LTD.,DISHTV
NSE_EQ,NSE_EQ|INE753U01022,DIVGI TORQTRANSFER SYST L,14479,DIVGI TORQTRANSFER SYST L,DIVGIITTS
NSE_EQ,NSE_EQ|INE0NA501011,DIVINE HIRA JEWELLERS LTD,30262,DIVINE HIRA JEWELLERS LTD,DIVINEHIRA
NSE_EQ,NSE_EQ|INE361B01024,DIVI S LABORATORIES LTD,10940,DIVI S LABORATORIES LTD,DIVISLAB
NSE_EQ,NSE_EQ|INF204KA1MS3,NIP IND ETF DIV OPP,2636,NIP IND ETF DIV OPP,DIVOPPBEES
NSE_EQ,NSE_EQ|INE0QYI01019,DIVYADHAN RECYCLING IND L,25677,DIVYADHAN RECYCLING IND L,DIVYADHAN
NSE_EQ,NSE_EQ|INE935N01020,DIXON TECHNO (INDIA) LTD,21690,DIXON TECHNO (INDIA) LTD,DIXON
NSE_EQ,NSE_EQ|INE0B1K01014,DJ MEDIAPRINT & LOG LTD,12749,DJ MEDIAPRINT & LOG LTD,DJML
NSE_EQ,NSE_EQ|INE0GN101014,D K ENTERPRISES GLOBAL L,6249,D K ENTERPRISES GLOBAL L,DKEGL
NSE_EQ,NSE_EQ|INE271C01023,DLF LIMITED,14732,DLF LIMITED,DLF
NSE_EQ,NSE_EQ|INE250K01012,D-LINK INDIA LTD,17851,D-LINK INDIA LTD,DLINKINDIA
NSE_EQ,NSE_EQ|INE192R01011,AVENUE SUPERMARTS LIMITED,19913,AVENUE SUPERMARTS LIMITED,DMART
NSE_EQ,NSE_EQ|INE505A01010,DMCC SPECIALITY CHEMICALS,6973,DMCC SPECIALITY CHEMICALS,DMCC
NSE_EQ,NSE_EQ|INE016M01021,DILIGENT MEDIA CORP LTD.,641,DILIGENT MEDIA CORP LTD.,DNAMEDIA
NSE_EQ,NSE_EQ|INE021O01019,DODLA DAIRY LIMITED,4822,DODLA DAIRY LIMITED,DODLA
NSE_EQ,NSE_EQ|INE966A01022,DOLAT ALGOTECH LIMITED,12124,DOLAT ALGOTECH LIMITED,DOLATALGO
NSE_EQ,NSE_EQ|INE325C01035,DOLLAR INDUSTRIES LIMITED,20560,DOLLAR INDUSTRIES LIMITED,DOLLAR
NSE_EQ,NSE_EQ|INE0JHH01011,DOLLEX AGROTECH LIMITED,13323,DOLLEX AGROTECH LIMITED,DOLLEX
NSE_EQ,NSE_EQ|INE920A01037,DOLPHIN OFF ENT (IND) L,18139,DOLPHIN OFF ENT (IND) L,DOLPHIN
NSE_EQ,NSE_EQ|INE321T01012,DOMS INDUSTRIES LIMITED,20551,DOMS INDUSTRIES LIMITED,DOMS
NSE_EQ,NSE_EQ|INE668D01028,DONEAR IND. LIMITED,13839,DONEAR IND. LIMITED,DONEAR
NSE_EQ,NSE_EQ|INE266Y01019,D. P. ABHUSHAN LIMITED,936,D. P. ABHUSHAN LIMITED,DPABHUSHAN
NSE_EQ,NSE_EQ|INE0SCO01019,DIVINE POWER ENERGY LTD,24289,DIVINE POWER ENERGY LTD,DPEL
NSE_EQ,NSE_EQ|INE360C01024,DPSC LIMITED,15419,DPSC LIMITED,DPSCLTD
NSE_EQ,NSE_EQ|INE864X01013,D P WIRES LIMITED,16900,D P WIRES LIMITED,DPWIRES
NSE_EQ,NSE_EQ|INE03RS01027,DRC SYSTEMS INDIA LIMITED,2651,DRC SYSTEMS INDIA LIMITED,DRCSYSTEMS
NSE_EQ,NSE_EQ|INE0JS101016,DREAMFOLKS SERVICES LTD,10859,DREAMFOLKS SERVICES LTD,DREAMFOLKS
NSE_EQ,NSE_EQ|INE506A01018,DREDGING CORP OF INDIA,11271,DREDGING CORP OF INDIA,DREDGECORP
NSE_EQ,NSE_EQ|INE704V01015,DHANUKA REALTY LIMITED,18770,DHANUKA REALTY LIMITED,DRL
NSE_EQ,NSE_EQ|INE0P7201019,DRONE DESTINATION LIMITED,17383,DRONE DESTINATION LIMITED,DRONE
NSE_EQ,NSE_EQ|INE089A01031,DR. REDDY S LABORATORIES,881,DR. REDDY S LABORATORIES,DRREDDY
NSE_EQ,NSE_EQ|INE0QZM01018,DRS CARGO MOVERS LIMITED,23488,DRS CARGO MOVERS LIMITED,DRSCARGO
NSE_EQ,NSE_EQ|INE02CV01017,DRS DILIP ROADLINES LTD.,6686,DRS DILIP ROADLINES LTD.,DRSDILIP
NSE_EQ,NSE_EQ|INE417B01040,DYNACONS SYS & SOLN LTD,25690,DYNACONS SYS & SOLN LTD,DSSL
NSE_EQ,NSE_EQ|INE341R01014,DHUNSERI TEA & IND. LTD.,6227,DHUNSERI TEA & IND. LTD.,DTIL
NSE_EQ,NSE_EQ|INE0JRD01019,DIENSTEN TECH LIMITED,24313,DIENSTEN TECH LIMITED,DTL
NSE_EQ,NSE_EQ|INE0LZO01015,DUCOL ORGS AND COLOURS LT,13766,DUCOL ORGS AND COLOURS LT,DUCOL
NSE_EQ,NSE_EQ|INE741L01018,DUCON INFRATECHNOLOGIES L,28952,DUCON INFRATECHNOLOGIES L,DUCON
NSE_EQ,NSE_EQ|INE0HPK01020,DUDIGITAL GLOBAL LIMITED,5457,DUDIGITAL GLOBAL LIMITED,DUGLOBAL
NSE_EQ,NSE_EQ|INE0OUW01013,DURLAX TOP SURFACE LTD,24164,DURLAX TOP SURFACE LTD,DURLAX
NSE_EQ,NSE_EQ|INE477B01010,DHUNSERI VENTURES LIMITED,15214,DHUNSERI VENTURES LIMITED,DVL
NSE_EQ,NSE_EQ|INE366A01041,DWARIKESH SUGAR IND LTD,11667,DWARIKESH SUGAR IND LTD,DWARKESH
NSE_EQ,NSE_EQ|INE600Y01019,DYNAMIC CABLES LIMITED,10417,DYNAMIC CABLES LIMITED,DYCL
NSE_EQ,NSE_EQ|INE221B01012,DYNAMATIC TECHNOLOGIES,4525,DYNAMATIC TECHNOLOGIES,DYNAMATECH
NSE_EQ,NSE_EQ|INE0DZ701010,DYNAMIC SRVCS & SEC LTD,6082,DYNAMIC SRVCS & SEC LTD,DYNAMIC
NSE_EQ,NSE_EQ|INE256H01015,DYNEMIC PRODUCTS LIMITED,21314,DYNEMIC PRODUCTS LIMITED,DYNPRO
NSE_EQ,NSE_EQ|INE255Z01019,E2E NETWORKS LIMITED,8937,E2E NETWORKS LIMITED,E2E
NSE_EQ,NSE_EQ|INE07O001026,EASY TRIP PLANNERS LTD,2792,EASY TRIP PLANNERS LTD,EASEMYTRIP
NSE_EQ,NSE_EQ|INF754K01TE4,EDELAMC - EBANKNIFTY,25258,EDELAMC - EBANKNIFTY,EBANKNIFTY
NSE_EQ,NSE_EQ|INF754K01KO2,EDELAMC - EBBETF0430,16253,EDELAMC - EBBETF0430,EBBETF0430
NSE_EQ,NSE_EQ|INF754K01LE1,EDELAMC - EBBETF0431,22239,EDELAMC - EBBETF0431,EBBETF0431
NSE_EQ,NSE_EQ|INF754K01QX0,EDELAMC - EBBETF0433,13139,EDELAMC - EBBETF0433,EBBETF0433
NSE_EQ,NSE_EQ|INF754K01TX4,EDELAMC - ECAPINSURE,29019,EDELAMC - ECAPINSURE,ECAPINSURE
NSE_EQ,NSE_EQ|INE738I01010,ECLERX SERVICES LTD,15179,ECLERX SERVICES LTD,ECLERX
NSE_EQ,NSE_EQ|INE06HJ01020,ECOS (INDIA) MOB & HOSP L,25060,ECOS (INDIA) MOB & HOSP L,ECOSMOBLTY
NSE_EQ,NSE_EQ|INE532F01054,EDELWEISS FIN SERV LTD,15119,EDELWEISS FIN SERV LTD,EDELWEISS
NSE_EQ,NSE_EQ|INE216H01027,EDUCOMP SOLUTIONS LTD,21747,EDUCOMP SOLUTIONS LTD,EDUCOMP
NSE_EQ,NSE_EQ|INE0KFF01017,E FACTOR EXPERIENCES LTD,19278,E FACTOR EXPERIENCES LTD,EFACTOR
NSE_EQ,NSE_EQ|INE0U9101019,EFFWA INFRA & RESEARCH L,24435,EFFWA INFRA & RESEARCH L,EFFWA
NSE_EQ,NSE_EQ|INE0Q1W01012,ELECTRO FORCE (INDIA) LTD,20902,ELECTRO FORCE (INDIA) LTD,EFORCE
NSE_EQ,NSE_EQ|INF754K01SE6,EDELAMC - EGOLD,19933,EDELAMC - EGOLD,EGOLD
NSE_EQ,NSE_EQ|INE066A01021,EICHER MOTORS LTD,910,EICHER MOTORS LTD,EICHERMOT
NSE_EQ,NSE_EQ|INE126A01031,EID PARRY INDIA LTD,916,EID PARRY INDIA LTD,EIDPARRY
NSE_EQ,NSE_EQ|INE0LLY01014,ENVIRO INFRA ENGINEERS L,27213,ENVIRO INFRA ENGINEERS L,EIEL
NSE_EQ,NSE_EQ|INE546V01010,EURO (I) FRESH FOODS LTD,6040,EURO (I) FRESH FOODS LTD,EIFFL
NSE_EQ,NSE_EQ|INE276C01014,EIH ASSOCIATED HOTELS LTD,15399,EIH ASSOCIATED HOTELS LTD,EIHAHOTELS
NSE_EQ,NSE_EQ|INE230A01023,EIH LIMITED,919,EIH LIMITED,EIHOTEL
NSE_EQ,NSE_EQ|INE158B01016,EIMCO ELECON (INDIA) LTD,4040,EIMCO ELECON (INDIA) LTD,EIMCOELECO
NSE_EQ,NSE_EQ|INE184H01027,EVEREST KANTO CYLINDERLTD,13091,EVEREST KANTO CYLINDERLTD,EKC
NSE_EQ,NSE_EQ|INE668G01021,ELDECO HSG & IND LTD.,8953,ELDECO HSG & IND LTD.,ELDEHSG
NSE_EQ,NSE_EQ|INE205B01031,ELECON ENG. CO. LTD,13643,ELECON ENG. CO. LTD,ELECON
NSE_EQ,NSE_EQ|INE086A13016,ELECTCAST WARRANTS,18116,ELECTCAST WARRANTS,ELECTCAST
NSE_EQ,NSE_EQ|INE822G01016,ELECTROTHERM (I) LTD.,4469,ELECTROTHERM (I) LTD.,ELECTHERM
NSE_EQ,NSE_EQ|INE285A01027,ELGI EQUIPMENTS LTD,937,ELGI EQUIPMENTS LTD,ELGIEQUIP
NSE_EQ,NSE_EQ|INE819L01012,ELGI RUBBER CO. LTD,24928,ELGI RUBBER CO. LTD,ELGIRUBCO
NSE_EQ,NSE_EQ|INE0R9101015,ELEGANZ INTERIORS LIMITED,29595,ELEGANZ INTERIORS LIMITED,ELGNZ
NSE_EQ,NSE_EQ|INE050401020,ELIN ELECTRONICS LIMITED,13432,ELIN ELECTRONICS LIMITED,ELIN
NSE_EQ,NSE_EQ|INE548C01032,EMAMI LIMITED,13517,EMAMI LIMITED,EMAMILTD
NSE_EQ,NSE_EQ|INE830C01026,EMAMI PAPER MILLS LIMITED,10074,EMAMI PAPER MILLS LIMITED,EMAMIPAP
NSE_EQ,NSE_EQ|INE778K01012,EMAMI REALTY LIMITED,19281,EMAMI REALTY LIMITED,EMAMIREAL
NSE_EQ,NSE_EQ|INE0ZOL01023,EMA PARTNERS INDIA LTD,29229,EMA PARTNERS INDIA LTD,EMAPARTNER
NSE_EQ,NSE_EQ|INE041025011,EMBASSY OFFICE PARKS REIT,9383,EMBASSY OFFICE PARKS REIT,EMBASSY
NSE_EQ,NSE_EQ|INE069I01010,EMBASSY DEVELOPMENTS LTD,14450,EMBASSY DEVELOPMENTS LTD,EMBDL
NSE_EQ,NSE_EQ|INE168P01015,EMCURE PHARMACEUTICALS L,24398,EMCURE PHARMACEUTICALS L,EMCURE
NSE_EQ,NSE_EQ|INE02YR01019,ELECTRONICS MART IND LTD,11530,ELECTRONICS MART IND LTD,EMIL
NSE_EQ,NSE_EQ|INE296H01011,EMKAY GLOBAL FIN SERV LTD,13424,EMKAY GLOBAL FIN SERV LTD,EMKAY
NSE_EQ,NSE_EQ|INE332S01011,EMKAY TAP & CUT. TOOL LTD,10254,EMKAY TAP & CUT. TOOL LTD,EMKAYTOOLS
NSE_EQ,NSE_EQ|INE753K01015,EMMBI INDUSTRIES LIMITED,18142,EMMBI INDUSTRIES LIMITED,EMMBI
NSE_EQ,NSE_EQ|INE0S1L01013,ENERGY MISSION MACH IND L,23745,ENERGY MISSION MACH IND L,EMMIL
NSE_EQ,NSE_EQ|INE0OV601013,EMS LIMITED,18593,EMS LIMITED,EMSLIMITED
NSE_EQ,NSE_EQ|INE01QM01018,EMUDHRA LIMITED,9756,EMUDHRA LIMITED,EMUDHRA
NSE_EQ,NSE_EQ|INF754K01TF1,EDELAMC - EMULTIMQ,25996,EDELAMC - EMULTIMQ,EMULTIMQ
NSE_EQ,NSE_EQ|INE913H01037,ENDURANCE TECHNO. LTD.,18822,ENDURANCE TECHNO. LTD.,ENDURANCE
NSE_EQ,NSE_EQ|INE306C01019,ENERGY DEVE. CO.LTD,15049,ENERGY DEVE. CO.LTD,ENERGYDEV
NSE_EQ,NSE_EQ|INE0S3X01014,ENFUSE SOLUTIONS LIMITED,23224,ENFUSE SOLUTIONS LIMITED,ENFUSE
NSE_EQ,NSE_EQ|INE510A01028,ENGINEERS INDIA LTD,4907,ENGINEERS INDIA LTD,ENGINERSIN
NSE_EQ,NSE_EQ|INE265F01028,ENTERTAIN NET. IND. LTD.,13192,ENTERTAIN NET. IND. LTD.,ENIL
NSE_EQ,NSE_EQ|INE0R9I01021,ENSER COMMUNICATIONS LTD,23233,ENSER COMMUNICATIONS LTD,ENSER
NSE_EQ,NSE_EQ|INE010601016,ENTERO HEALTHCARE SOLU L,22717,ENTERO HEALTHCARE SOLU L,ENTERO
NSE_EQ,NSE_EQ|INE0SUH01015,ENVIROTECH SYSTEMS LTD,25412,ENVIROTECH SYSTEMS LTD,ENVIRO
NSE_EQ,NSE_EQ|INE0G5901015,EPACK DURABLE LIMITED,22463,EPACK DURABLE LIMITED,EPACK
NSE_EQ,NSE_EQ|INE071N01016,EPIGRAL LIMITED,5382,EPIGRAL LIMITED,EPIGRAL
NSE_EQ,NSE_EQ|INE255A01020,EPL LIMITED,981,EPL LIMITED,EPL
NSE_EQ,NSE_EQ|INF769K01OA1,MIRAEAMC - EQUAL200,30121,MIRAEAMC - EQUAL200,EQUAL200
NSE_EQ,NSE_EQ|INF769K01OO2,MIRAEAMC - EQUAL50,757142,MIRAEAMC - EQUAL50,EQUAL50
NSE_EQ,NSE_EQ|INF740KA1QK2,DSPAMC - DSPNEWETF,6606,DSPAMC - DSPNEWETF,EQUAL50ADD
NSE_EQ,NSE_EQ|INE217G01035,EQUIPPP SOC IMP TECH LTD,3553,EQUIPPP SOC IMP TECH LTD,EQUIPPP
NSE_EQ,NSE_EQ|INE063P01018,EQUITAS SMALL FIN BNK LTD,913,EQUITAS SMALL FIN BNK LTD,EQUITASBNK
NSE_EQ,NSE_EQ|INE406M01024,ERIS LIFESCIENCES LIMITED,21154,ERIS LIFESCIENCES LIMITED,ERIS
NSE_EQ,NSE_EQ|INE416L01017,EROS INTL MEDIA LTD,25880,EROS INTL MEDIA LTD,EROSMEDIA
NSE_EQ,NSE_EQ|INE284A01012,ESAB INDIA LTD,955,ESAB INDIA LTD,ESABINDIA
NSE_EQ,NSE_EQ|INE818W01011,ESAF SMALL FINANCE BANK L,19878,ESAF SMALL FINANCE BANK L,ESAFSFB
NSE_EQ,NSE_EQ|INE0RQZ01017,ESCONET TECHNOLOGIES LTD,22767,ESCONET TECHNOLOGIES LTD,ESCONET
NSE_EQ,NSE_EQ|INE042A01014,ESCORTS KUBOTA LIMITED,958,ESCORTS KUBOTA LIMITED,ESCORTS
NSE_EQ,NSE_EQ|INE0ITO01014,ESSEN SPECIALITY FILMS L,17084,ESSEN SPECIALITY FILMS L,ESFL
NSE_EQ,NSE_EQ|INF769K01GS9,MIRAEAMC - MAESGETF,1200,MIRAEAMC - MAESGETF,ESG
NSE_EQ,NSE_EQ|INF754K01SF3,EDELAMC - ESILVER,20257,EDELAMC - ESILVER,ESILVER
NSE_EQ,NSE_EQ|INE0SBP01018,ESPRIT STONES LIMITED,24678,ESPRIT STONES LIMITED,ESPRIT
NSE_EQ,NSE_EQ|INE122M01019,ESSAR SHIPPING LTD,25638,ESSAR SHIPPING LTD,ESSARSHPNG
NSE_EQ,NSE_EQ|INE418N01035,INTEGRA ESSENTIA LIMITED,30323,INTEGRA ESSENTIA LIMITED,ESSENTIA
NSE_EQ,NSE_EQ|INE778B01029,ESTER INDUSTRIES LTD,24265,ESTER INDUSTRIES LTD,ESTER
NSE_EQ,NSE_EQ|INE758T01015,ETERNAL LIMITED,5097,ETERNAL LIMITED,ETERNAL
NSE_EQ,NSE_EQ|INE04TZ01018,ETHOS LIMITED,9750,ETHOS LIMITED,ETHOSLTD
NSE_EQ,NSE_EQ|INE0RHD01013,EMERALD TYRE MANUF LTD,27629,EMERALD TYRE MANUF LTD,ETML
NSE_EQ,NSE_EQ|INE0KCE01017,EUREKA FORBES LIMITED,25162,EUREKA FORBES LIMITED,EUREKAFORB
NSE_EQ,NSE_EQ|INE505V01016,EURO PANEL PRODUCTS LTD,7331,EURO PANEL PRODUCTS LTD,EUROBOND
NSE_EQ,NSE_EQ|INE022C01012,EUROTEX INDUSTRIES LTD,999,EUROTEX INDUSTRIES LTD,EUROTEXIND
NSE_EQ,NSE_EQ|INE128A01029,EVEREADY INDS. IND.  LTD.,11782,EVEREADY INDS. IND.  LTD.,EVEREADY
NSE_EQ,NSE_EQ|INE295A01018,EVEREST INDUSTRIES LTD,6017,EVEREST INDUSTRIES LTD,EVERESTIND
NSE_EQ,NSE_EQ|INF109K1A153,ICICIPRAMC - EVIETF,755881,ICICIPRAMC - EVIETF,EVIETF
NSE_EQ,NSE_EQ|INF769K01LQ3,MIRAEAMC - EVINDIA,24461,MIRAEAMC - EVINDIA,EVINDIA
NSE_EQ,NSE_EQ|INE688J01023,EXCEL REALTY N INFRA LTD,17376,EXCEL REALTY N INFRA LTD,EXCEL
NSE_EQ,NSE_EQ|INE369A01029,EXCEL INDUSTRIES LTD,11471,EXCEL INDUSTRIES LTD,EXCELINDUS
NSE_EQ,NSE_EQ|INE0Y4801011,EXCELLENT WIRES N PACK L,25324,EXCELLENT WIRES N PACK L,EXCELLENT
NSE_EQ,NSE_EQ|INE777F01014,EXICOM TELE SYSTEMS LTD,22947,EXICOM TELE SYSTEMS LTD,EXICOM
NSE_EQ,NSE_EQ|INE302A01020,EXIDE INDUSTRIES LTD,676,EXIDE INDUSTRIES LTD,EXIDEIND
NSE_EQ,NSE_EQ|INE201K01015,EXPLEO SOLUTIONS LIMITED,17486,EXPLEO SOLUTIONS LIMITED,EXPLEOSOL
NSE_EQ,NSE_EQ|INE0GFE01026,EXXARO TILES LIMITED,5353,EXXARO TILES LIMITED,EXXARO
NSE_EQ,NSE_EQ|INF582M01IW0,UNIONAMC - F13DG,14946,UNIONAMC - F13DG,F13DG
NSE_EQ,NSE_EQ|INF582M01IY6,UNIONAMC - F13RG,14948,UNIONAMC - F13RG,F13RG
NSE_EQ,NSE_EQ|INF582M01IZ3,UNIONAMC - F13RP,14949,UNIONAMC - F13RP,F13RP
NSE_EQ,NSE_EQ|INE188A01015,FACT LTD,1008,FACT LTD,FACT
NSE_EQ,NSE_EQ|INE0DNW01011,FAIRCHEM ORGANICS LIMITED,1614,FAIRCHEM ORGANICS LIMITED,FAIRCHEMOR
NSE_EQ,NSE_EQ|INE0PQK01013,FALCON TECHNOPROJ IND LTD,24150,FALCON TECHNOPROJ IND LTD,FALCONTECH
NSE_EQ,NSE_EQ|INE963C01033,FAZE THREE LIMITED,12000,FAZE THREE LIMITED,FAZE3Q
NSE_EQ,NSE_EQ|INE045J01026,FINEOTEX CHEMICAL LIMITED,6198,FINEOTEX CHEMICAL LIMITED,FCL
NSE_EQ,NSE_EQ|INE220J01025,FUTURE CONSUMER LIMITED,30041,FUTURE CONSUMER LIMITED,FCONSUMER
NSE_EQ,NSE_EQ|INE512B01022,FCS SOFTWARE SOLN. LTD.,11999,FCS SOFTWARE SOLN. LTD.,FCSSOFT
NSE_EQ,NSE_EQ|INE258B01022,FDC LIMITED,4898,FDC LIMITED,FDC
NSE_EQ,NSE_EQ|INE171A01029,FEDERAL BANK LTD,1023,FEDERAL BANK LTD,FEDERALBNK
NSE_EQ,NSE_EQ|INE007N01010,FEDBANK FINANCIAL SER L,20322,FEDBANK FINANCIAL SER L,FEDFINA
NSE_EQ,NSE_EQ|INE623B01027,FUTURE ENTERPRISES LTD,13812,FUTURE ENTERPRISES LTD,FEL
NSE_EQ,NSE_EQ|IN9623B01058,FUTURE ENTERPRISES LTD,30491,FUTURE ENTERPRISES LTD,FELDVR
NSE_EQ,NSE_EQ|INE901X01013,FELIX INDUSTRIES LTD.,576,FELIX INDUSTRIES LTD.,FELIX
NSE_EQ,NSE_EQ|INE296C01020,FIBERWEB INDIA LIMITED,8159,FIBERWEB INDIA LIMITED,FIBERWEB
NSE_EQ,NSE_EQ|INF090I01VW5,FRANTEMAMC - FICRF3DP,18178,FRANTEMAMC - FICRF3DP,FICRF3DP
NSE_EQ,NSE_EQ|INF090I01VX3,FRANTEMAMC - FICRF3GP,18179,FRANTEMAMC - FICRF3GP,FICRF3GP
NSE_EQ,NSE_EQ|INF090I01VY1,FRANTEMAMC - FICRFD3DPD,18180,FRANTEMAMC - FICRFD3DPD,FICRFD3DPD
NSE_EQ,NSE_EQ|INF090I01VZ8,FRANTEMAMC - FICRFD3GPD,18181,FRANTEMAMC - FICRFD3GPD,FICRFD3GPD
NSE_EQ,NSE_EQ|INE0LQQ01019,FIDEL SOFTECH LIMITED,9861,FIDEL SOFTECH LIMITED,FIDEL
NSE_EQ,NSE_EQ|INE737H01014,FIEM INDUSTRIES LIMITED,13710,FIEM INDUSTRIES LIMITED,FIEMIND
NSE_EQ,NSE_EQ|INE816B01035,FILATEX INDIA LTD,24532,FILATEX INDIA LTD,FILATEX
NSE_EQ,NSE_EQ|INE185E01021,FILATEX FASHIONS LIMITED,23651,FILATEX FASHIONS LIMITED,FILATFASH
NSE_EQ,NSE_EQ|INE235A01022,FINOLEX CABLES LTD,1038,FINOLEX CABLES LTD,FINCABLES
NSE_EQ,NSE_EQ|INE686Y01026,FINE ORGANIC IND. LTD.,3744,FINE ORGANIC IND. LTD.,FINEORG
NSE_EQ,NSE_EQ|INF109KC17L8,ICICIPRAMC-ICICIFIN,12578,ICICIPRAMC-ICICIFIN,FINIETF
NSE_EQ,NSE_EQ|INE02NC01014,FINO PAYMENTS BANK LTD,6579,FINO PAYMENTS BANK LTD,FINOPB
NSE_EQ,NSE_EQ|INE183A01024,FINOLEX INDUSTRIES LTD,1041,FINOLEX INDUSTRIES LTD,FINPIPE
NSE_EQ,NSE_EQ|INE02RE01045,BRAINBEES SOLUTIONS LTD,24814,BRAINBEES SOLUTIONS LTD,FIRSTCRY
NSE_EQ,NSE_EQ|INF090I01VN4,FRANTEMAMC - FISTIP3GP,18182,FRANTEMAMC - FISTIP3GP,FISTIP3GP
NSE_EQ,NSE_EQ|INF090I01VP9,FRANTEMAMC - FISTIP3MDP,18183,FRANTEMAMC - FISTIP3MDP,FISTIP3MDP
NSE_EQ,NSE_EQ|INF090I01VO2,FRANTEMAMC - FISTIP3QDP,18196,FRANTEMAMC - FISTIP3QDP,FISTIP3QDP
NSE_EQ,NSE_EQ|INF090I01VQ7,FRANTEMAMC - FISTIP3WDP,18197,FRANTEMAMC - FISTIP3WDP,FISTIP3WDP
NSE_EQ,NSE_EQ|INF090I01VS3,FRANTEMAMC - FISTIPD3GP,18198,FRANTEMAMC - FISTIPD3GP,FISTIPD3GP
NSE_EQ,NSE_EQ|INF090I01VU9,FRANTEMAMC - FISTIPD3MD,18199,FRANTEMAMC - FISTIPD3MD,FISTIPD3MD
NSE_EQ,NSE_EQ|INF090I01VT1,FRANTEMAMC - FISTIPD3QD,18200,FRANTEMAMC - FISTIPD3QD,FISTIPD3QD
NSE_EQ,NSE_EQ|INF090I01VV7,FRANTEMAMC - FISTIPD3WD,18201,FRANTEMAMC - FISTIPD3WD,FISTIPD3WD
NSE_EQ,NSE_EQ|INF090I01VR5,FRANTEMAMC - FISTIPIP3G,18388,FRANTEMAMC - FISTIPIP3G,FISTIPIP3G
NSE_EQ,NSE_EQ|INE128S01021,FIVE-STAR BUS FIN LTD,12032,FIVE-STAR BUS FIN LTD,FIVESTAR
NSE_EQ,NSE_EQ|INE00Y201027,FLAIR WRITING INDUST LTD,20372,FLAIR WRITING INDUST LTD,FLAIR
NSE_EQ,NSE_EQ|INE060J01017,FLEXITUFF VENTURES INT L,25516,FLEXITUFF VENTURES INT L,FLEXITUFF
NSE_EQ,NSE_EQ|INE452O01016,FUT LIFESTYLE FASH LTD,14868,FUT LIFESTYLE FASH LTD,FLFL
NSE_EQ,NSE_EQ|INE09N301011,GUJARAT FLUOROCHEM LTD,13750,GUJARAT FLUOROCHEM LTD,FLUOROCHEM
NSE_EQ,NSE_EQ|INF109KC19V3,ICICIPRAMC - ICICIFMCG,5306,ICICIPRAMC - ICICIFMCG,FMCGIETF
NSE_EQ,NSE_EQ|INE529A01010,FEDERAL-MOGUL GOETZE (IND,1190,FEDERAL-MOGUL GOETZE (IND,FMGOETZE
NSE_EQ,NSE_EQ|INE360L01017,FUTURE MKT NETWORKS LTD,21021,FUTURE MKT NETWORKS LTD,FMNL
NSE_EQ,NSE_EQ|INE0I7D01019,FOCE INDIA LIMITED,7385,FOCE INDIA LIMITED,FOCE
NSE_EQ,NSE_EQ|INE593W01028,FOCUS LIGHTG & FIXTRS LTD,6839,FOCUS LIGHTG & FIXTRS LTD,FOCUS
NSE_EQ,NSE_EQ|INE0Q4701019,FONEBOX RETAIL LIMITED,22517,FONEBOX RETAIL LIMITED,FONEBOX
NSE_EQ,NSE_EQ|INE976E01023,FOODS & INNS LIMITED,6673,FOODS & INNS LIMITED,FOODSIN
NSE_EQ,NSE_EQ|INE0U2501017,FORCAS STUDIO LIMITED,24914,FORCAS STUDIO LIMITED,FORCAS
NSE_EQ,NSE_EQ|INE451A01017,FORCE MOTORS LIMITED,11573,FORCE MOTORS LIMITED,FORCEMOT
NSE_EQ,NSE_EQ|INE0YKW01013,FORGE AUTO INTERNATION L,25664,FORGE AUTO INTERNATION L,FORGEAUTO
NSE_EQ,NSE_EQ|INE061F01013,FORTIS HEALTHCARE LTD,14592,FORTIS HEALTHCARE LTD,FORTIS
NSE_EQ,NSE_EQ|INE519A01011,FOSECO INDIA LTD,1073,FOSECO INDIA LTD,FOSECOIND
NSE_EQ,NSE_EQ|INE0SFW01015,FRESHARA AGRO EXPORTS LTD,25868,FRESHARA AGRO EXPORTS LTD,FRESHARA
NSE_EQ,NSE_EQ|INE385O01018,FROG CELLSAT LIMITED,11504,FROG CELLSAT LIMITED,FROG
NSE_EQ,NSE_EQ|INE935Q01015,FUTURE SUPP CHAIN SOL LTD,14628,FUTURE SUPP CHAIN SOL LTD,FSC
NSE_EQ,NSE_EQ|INE684F01012,FIRSTSOURCE SOLU. LTD.,14304,FIRSTSOURCE SOLU. LTD.,FSL
NSE_EQ,NSE_EQ|INE139R01012,FUSION FINANCE LIMITED,11932,FUSION FINANCE LIMITED,FUSION
NSE_EQ,NSE_EQ|IN9139R01028,FUSION RS.5 PPD UP,756833,FUSION RS.5 PPD UP,FUSIONPP
NSE_EQ,NSE_EQ|DUMMYSAN002,G1NSETEST,12842,G1NSETEST,G1NSETEST
NSE_EQ,NSE_EQ|INE524A01029,GABRIEL INDIA LTD,1085,GABRIEL INDIA LTD,GABRIEL
NSE_EQ,NSE_EQ|INE036B01030,GUJARAT AMBUJA EXPORTS LT,8828,GUJARAT AMBUJA EXPORTS LT,GAEL
NSE_EQ,NSE_EQ|INE129A01019,GAIL (INDIA) LTD,4717,GAIL (INDIA) LTD,GAIL
NSE_EQ,NSE_EQ|INE0QTE01018,GAJANAND INTERNATIONAL L,25244,GAJANAND INTERNATIONAL L,GAJANAND
NSE_EQ,NSE_EQ|INE0RE001014,GALA PRECISION ENG LTD,25134,GALA PRECISION ENG LTD,GALAPREC
NSE_EQ,NSE_EQ|INE600K01018,GALAXY SURFACTANTS LTD,1315,GALAXY SURFACTANTS LTD,GALAXYSURF
NSE_EQ,NSE_EQ|INE297H01019,GALLANTT ISPAT LIMITED,13337,GALLANTT ISPAT LIMITED,GALLANTT
NSE_EQ,NSE_EQ|INE717W01049,GANDHAR OIL REFINE IND L,20303,GANDHAR OIL REFINE IND L,GANDHAR
NSE_EQ,NSE_EQ|INE524B01027,GANDHI SPL. TUBES LTD,14116,GANDHI SPL. TUBES LTD,GANDHITUBE
NSE_EQ,NSE_EQ|INE845D01014,GANESHA ECOSPHERE LIMITED,6944,GANESHA ECOSPHERE LIMITED,GANECOS
NSE_EQ,NSE_EQ|INE388A01029,GANESH BENZOPLAST LIMITED,5614,GANESH BENZOPLAST LIMITED,GANESHBE
NSE_EQ,NSE_EQ|INE460C01014,GANESH HOUSING CORP LTD,14339,GANESH HOUSING CORP LTD,GANESHHOUC
NSE_EQ,NSE_EQ|INE0TVT01024,GANESH INFRAWORLD LIMITED,27351,GANESH INFRAWORLD LIMITED,GANESHIN
NSE_EQ,NSE_EQ|INE0ZI101018,GANGA BATH FITTINGS LTD,757528,GANGA BATH FITTINGS LTD,GANGABATH
NSE_EQ,NSE_EQ|INE691Z01023,GANGA FORGING LIMITED,4957,GANGA FORGING LIMITED,GANGAFORGE
NSE_EQ,NSE_EQ|INE335W01016,GANGES SECURITIES LIMITED,21399,GANGES SECURITIES LIMITED,GANGESSECU
NSE_EQ,NSE_EQ|INE670B01028,GANGOTRI TEXTILES LTD.,20886,GANGOTRI TEXTILES LTD.,GANGOTRI
NSE_EQ,NSE_EQ|INE276A01018,GARWARE TECH FIBRES LTD,1100,GARWARE TECH FIBRES LTD,GARFIBRES
NSE_EQ,NSE_EQ|INE0JVO01026,GARUDA CONSTRUCT N ENG L,25800,GARUDA CONSTRUCT N ENG L,GARUDA
NSE_EQ,NSE_EQ|INE224E01028,GACM TECHNOLOGIES LIMITED,18018,GACM TECHNOLOGIES LIMITED,GATECH
NSE_EQ,NSE_EQ|INE224E01036,GACM TECHNOLOGIES LIMITED,17,GACM TECHNOLOGIES LIMITED,GATECHDVR
NSE_EQ,NSE_EQ|INE079J01017,GATEWAY DISTRIPARKS LTD,8510,GATEWAY DISTRIPARKS LTD,GATEWAY
NSE_EQ,NSE_EQ|INE287Z01012,GAYATRI HIGHWAYS LIMITED,3699,GAYATRI HIGHWAYS LIMITED,GAYAHWS
NSE_EQ,NSE_EQ|INE336H01023,GAYATRI PROJECTS LTD,19675,GAYATRI PROJECTS LTD,GAYAPROJ
NSE_EQ,NSE_EQ|INE12E301017,GRAND CONTINENT HOTELS L,30289,GRAND CONTINENT HOTELS L,GCHOTELS
NSE_EQ,NSE_EQ|INE916G01016,GEECEE VENTURES LIMITED,13658,GEECEE VENTURES LIMITED,GEECEE
NSE_EQ,NSE_EQ|INE669X01024,GEEKAY WIRES LIMITED,17922,GEEKAY WIRES LIMITED,GEEKAYWIRE
NSE_EQ,NSE_EQ|INE854S01022,GENERIC ENG CONS PROJ LTD,2191,GENERIC ENG CONS PROJ LTD,GENCON
NSE_EQ,NSE_EQ|INE727B01026,GENESYS INTL CORPN LTD,10905,GENESYS INTL CORPN LTD,GENESYS
NSE_EQ,NSE_EQ|INE06H201014,GENSOL ENGINEERING LTD,17012,GENSOL ENGINEERING LTD,GENSOL
NSE_EQ,NSE_EQ|INE949P01018,GENUS P&B LIMITED,6600,GENUS P&B LIMITED,GENUSPAPER
NSE_EQ,NSE_EQ|INE955D01029,GENUS POWER INFRASTRU LTD,11905,GENUS POWER INFRASTRU LTD,GENUSPOWER
NSE_EQ,NSE_EQ|INE007B01023,GEOJIT FINANCIAL SER L,11896,GEOJIT FINANCIAL SER L,GEOJITFSL
NSE_EQ,NSE_EQ|INE878A01011,GE POWER INDIA LIMITED,7862,GE POWER INDIA LIMITED,GEPIL
NSE_EQ,NSE_EQ|INE017A01032,THE GE SHPG.LTD,13776,THE GE SHPG.LTD,GESHIP
NSE_EQ,NSE_EQ|INE02KN07055,TBILL LKD RESET 26 SR C2,25624,TBILL LKD RESET 26 SR C2,GFL26
NSE_EQ,NSE_EQ|INE02KN07030,GFL 6M OIS LINK 2027 SRB,23151,GFL 6M OIS LINK 2027 SRB,GFL27
NSE_EQ,NSE_EQ|INE538A01037,GFL LIMITED,1289,GFL LIMITED,GFLLIMITED
NSE_EQ,NSE_EQ|INE534A01028,GRAND FOUNDRY LTD,11079,GRAND FOUNDRY LTD,GFSTEELS
NSE_EQ,NSE_EQ|INE0R8C01018,GANESH GREEN BHARAT LTD,24442,GANESH GREEN BHARAT LTD,GGBL
NSE_EQ,NSE_EQ|INE539A01019,GHCL LIMITED,1127,GHCL LIMITED,GHCL
NSE_EQ,NSE_EQ|INE0PA801013,GHCL TEXTILES LIMITED,16696,GHCL TEXTILES LIMITED,GHCLTEXTIL
NSE_EQ,NSE_EQ|INE289B01019,GIC HOUSING FINANCE LTD,1139,GIC HOUSING FINANCE LTD,GICHSGFIN
NSE_EQ,NSE_EQ|INE947T01014,GLOBE INTL CARRIERS LTD,18815,GLOBE INTL CARRIERS LTD,GICL
NSE_EQ,NSE_EQ|INE481Y01014,GENERAL INS CORP OF INDIA,277,GENERAL INS CORP OF INDIA,GICRE
NSE_EQ,NSE_EQ|INE047B01011,GILLANDERS ARBUTHNOT LTD,17839,GILLANDERS ARBUTHNOT LTD,GILLANDERS
NSE_EQ,NSE_EQ|INE322A01010,GILLETTE INDIA LTD,1576,GILLETTE INDIA LTD,GILLETTE
NSE_EQ,NSE_EQ|INF204KC1030,RELCAPAMC - NETFGILT5Y,3172,RELCAPAMC - NETFGILT5Y,GILT5YBEES
NSE_EQ,NSE_EQ|INE424C01010,GINNIFILAMENTS LTD.,9294,GINNIFILAMENTS LTD.,GINNIFILA
NSE_EQ,NSE_EQ|INE162A01010,GUJ IND POW CO. LTD,1145,GUJ IND POW CO. LTD,GIPCL
NSE_EQ,NSE_EQ|INE614Z01017,GIRIRAJ CIVIL DEVP LTD,2366,GIRIRAJ CIVIL DEVP LTD,GIRIRAJ
NSE_EQ,NSE_EQ|INE528A01020,GKW LIMITED,17357,GKW LIMITED,GKWLIMITED
NSE_EQ,NSE_EQ|INE068V01023,GLAND PHARMA LIMITED,1186,GLAND PHARMA LIMITED,GLAND
NSE_EQ,NSE_EQ|INE159A01016,GLAXOSMITHKLINE PHARMA LT,1153,GLAXOSMITHKLINE PHARMA LT,GLAXO
NSE_EQ,NSE_EQ|INE935A01035,GLENMARK PHARMACEUTICALS,7406,GLENMARK PHARMACEUTICALS,GLENMARK
NSE_EQ,NSE_EQ|INE540A01017,GUJARAT LEASE FINANCING L,8412,GUJARAT LEASE FINANCING L,GLFL
NSE_EQ,NSE_EQ|INE291W01037,GLOBAL EDUCATION LIMITED,1415,GLOBAL EDUCATION LIMITED,GLOBAL
NSE_EQ,NSE_EQ|INE0URU01010,GLOBALE TESSILE LIMITED,24934,GLOBALE TESSILE LIMITED,GLOBALE
NSE_EQ,NSE_EQ|INE0PS501019,GLOBAL PET INDUSTRIES LTD,17167,GLOBAL PET INDUSTRIES LTD,GLOBALPET
NSE_EQ,NSE_EQ|INE792H01019,GLOBAL VEC HELICORP LTD,13735,GLOBAL VEC HELICORP LTD,GLOBALVECT
NSE_EQ,NSE_EQ|INE581X01021,GLOBE TEXTILES (I) LTD.,400,GLOBE TEXTILES (I) LTD.,GLOBE
NSE_EQ,NSE_EQ|INE615I01010,GLOBUS SPIRITS LTD,17424,GLOBUS SPIRITS LTD,GLOBUSSPR
NSE_EQ,NSE_EQ|INE350Z01018,GLOSTER LIMITED,23590,GLOSTER LIMITED,GLOSTERLTD
NSE_EQ,NSE_EQ|INE075D01018,G M BREWERIES LTD,1168,G M BREWERIES LTD,GMBREW
NSE_EQ,NSE_EQ|INE131A01031,GUJARAT MINERAL DEV CORP,5204,GUJARAT MINERAL DEV CORP,GMDCLTD
NSE_EQ,NSE_EQ|INE541A01023,GMM PFAUDLER LIMITED,1570,GMM PFAUDLER LIMITED,GMMPFAUDLR
NSE_EQ,NSE_EQ|INE776C01039,GMR AIRPORTS LIMITED,13528,GMR AIRPORTS LIMITED,GMRAIRPORT
NSE_EQ,NSE_EQ|INE0CU601026,GMR POW AND URBAN INFRA L,8529,GMR POW AND URBAN INFRA L,GMRP&UI
NSE_EQ,NSE_EQ|INE934S01014,GNA AXLES LIMITED,18571,GNA AXLES LIMITED,GNA
NSE_EQ,NSE_EQ|INE113A01013,GUJ NAR VAL FER & CHEM L,1174,GUJ NAR VAL FER & CHEM L,GNFC
NSE_EQ,NSE_EQ|INE426D01013,GOA CARBON LIMITED,14687,GOA CARBON LIMITED,GOACARBON
NSE_EQ,NSE_EQ|INE077F01035,GOCL CORPORATION LIMITED,3963,GOCL CORPORATION LIMITED,GOCLCORP
NSE_EQ,NSE_EQ|INE0BJS01011,GO FASHION INDIA LTD,6964,GO FASHION INDIA LTD,GOCOLORS
NSE_EQ,NSE_EQ|INE497S01012,GODAVARI BIOREFINERIES L,25941,GODAVARI BIOREFINERIES L,GODAVARIB
NSE_EQ,NSE_EQ|INE260B01028,GODFREY PHILLIPS INDIA LT,1181,GODFREY PHILLIPS INDIA LT,GODFRYPHLP
NSE_EQ,NSE_EQ|INE925Y01036,GODHA CABCON INSULAT LTD,1607,GODHA CABCON INSULAT LTD,GODHA
NSE_EQ,NSE_EQ|INE03JT01014,GO DIGIT GENERAL INS LTD,23799,GO DIGIT GENERAL INS LTD,GODIGIT
NSE_EQ,NSE_EQ|INE850D01014,GODREJ AGROVET LIMITED,144,GODREJ AGROVET LIMITED,GODREJAGRO
NSE_EQ,NSE_EQ|INE102D01028,GODREJ CONSUMER PRODUCTS,10099,GODREJ CONSUMER PRODUCTS,GODREJCP
NSE_EQ,NSE_EQ|INE233A01035,GODREJ INDUSTRIES LTD,10925,GODREJ INDUSTRIES LTD,GODREJIND
NSE_EQ,NSE_EQ|INE484J01027,GODREJ PROPERTIES LTD,17875,GODREJ PROPERTIES LTD,GODREJPROP
NSE_EQ,NSE_EQ|INE516K01024,GOENKA DIAMOND&JEWELS LTD,5010,GOENKA DIAMOND&JEWELS LTD,GOENKA
NSE_EQ,NSE_EQ|INE887G01027,GOKALDAS EXPORTS LTD.,11778,GOKALDAS EXPORTS LTD.,GOKEX
NSE_EQ,NSE_EQ|INE020J01029,GOKUL REFOILS & SOLV LTD,16705,GOKUL REFOILS & SOLV LTD,GOKUL
NSE_EQ,NSE_EQ|INE314T01025,GOKUL AGRO RESOURCES LTD,14480,GOKUL AGRO RESOURCES LTD,GOKULAGRO
NSE_EQ,NSE_EQ|INF174KA1HJ8,KOTAK GOLD ETF,14858,KOTAK GOLD ETF,GOLD1
NSE_EQ,NSE_EQ|INF579M01BB5,360ONEAMC - GOLD360,30105,360ONEAMC - GOLD360,GOLD360
NSE_EQ,NSE_EQ|INF204KB17I5,NIP IND ETF GOLD BEES,14428,NIP IND ETF GOLD BEES,GOLDBEES
NSE_EQ,NSE_EQ|INF0R8F01042,ZERODHAAMC - GOLDCASE,22901,ZERODHAAMC - GOLDCASE,GOLDCASE
NSE_EQ,NSE_EQ|INE973A01010,GOLDEN TOBACCO LIMITED,11619,GOLDEN TOBACCO LIMITED,GOLDENTOBC
NSE_EQ,NSE_EQ|INF769K01JP9,MIRAEAMC - MAGOLDETF,14286,MIRAEAMC - MAGOLDETF,GOLDETF
NSE_EQ,NSE_EQ|INF740KA1SW3,DSPAMC - DSPGOLDETF,15356,DSPAMC - DSPGOLDETF,GOLDETFADD
NSE_EQ,NSE_EQ|INE025B01025,GOLDIAM INTERNATIONAL LTD,11971,GOLDIAM INTERNATIONAL LTD,GOLDIAM
NSE_EQ,NSE_EQ|INF109KC1NT3,ICICI PRUDENTIAL GOLD ETF,19679,ICICI PRUDENTIAL GOLD ETF,GOLDIETF
NSE_EQ,NSE_EQ|INE06MH01016,GOLDKART JEWELS LIMITED,13701,GOLDKART JEWELS LIMITED,GOLDKART
NSE_EQ,NSE_EQ|INF789F1AUX7,UTI GOLD ETF,14535,UTI GOLD ETF,GOLDSHARE
NSE_EQ,NSE_EQ|INE405Y01021,GOLDSTAR POWER LIMITED,3,GOLDSTAR POWER LIMITED,GOLDSTAR
NSE_EQ,NSE_EQ|INE805A01014,AION-TECH SOLUTIONS LTD,9874,AION-TECH SOLUTIONS LTD,GOLDTECH
NSE_EQ,NSE_EQ|INE127I01024,GOODLUCK INDIA LIMITED,6125,GOODLUCK INDIA LIMITED,GOODLUCK
NSE_EQ,NSE_EQ|INE0L9R01028,GOPAL SNACKS LIMITED,23066,GOPAL SNACKS LIMITED,GOPAL
NSE_EQ,NSE_EQ|INE705X01026,GOYAL ALUMINIUMS LIMITED,11787,GOYAL ALUMINIUMS LIMITED,GOYALALUM
NSE_EQ,NSE_EQ|INE0QFE01017,GOYAL SALT LIMITED,19356,GOYAL SALT LIMITED,GOYALSALT
NSE_EQ,NSE_EQ|INE0S7E01015,GP ECO SOLUTIONS INDIA L,24108,GP ECO SOLUTIONS INDIA L,GPECO
NSE_EQ,NSE_EQ|INE177H01039,GODAWARI POW & ISP LTD,13409,GODAWARI POW & ISP LTD,GPIL
NSE_EQ,NSE_EQ|INE517F01014,GUJARAT PIPAVAV PORT LTD,19731,GUJARAT PIPAVAV PORT LTD,GPPL
NSE_EQ,NSE_EQ|INE486R01017,GPT HEALTHCARE LIMITED,22846,GPT HEALTHCARE LIMITED,GPTHEALTH
NSE_EQ,NSE_EQ|INE390G01014,GPT INFRAPROJECTS LTD,17685,GPT INFRAPROJECTS LTD,GPTINFRA
NSE_EQ,NSE_EQ|INE101D01020,GRANULES INDIA LIMITED,11872,GRANULES INDIA LIMITED,GRANULES
NSE_EQ,NSE_EQ|INE0POU01017,GRAPHISADS LIMITED,20454,GRAPHISADS LIMITED,GRAPHISAD
NSE_EQ,NSE_EQ|INE371A01025,GRAPHITE INDIA LTD,592,GRAPHITE INDIA LTD,GRAPHITE
NSE_EQ,NSE_EQ|INE047A01021,GRASIM INDUSTRIES LTD,1232,GRASIM INDUSTRIES LTD,GRASIM
NSE_EQ,NSE_EQ|INE024L01027,GRAVITA INDIA LIMITED,20534,GRAVITA INDIA LIMITED,GRAVITA
NSE_EQ,NSE_EQ|INE0LVM01018,GAYATRI RUBB AND CHEM LTD,14052,GAYATRI RUBB AND CHEM LTD,GRCL
NSE_EQ,NSE_EQ|INE224A01026,GREAVES COTTON LTD.,1235,GREAVES COTTON LTD.,GREAVESCOT
NSE_EQ,NSE_EQ|INE0O7P01015,GREENCHEF APPLIANCES LTD,17092,GREENCHEF APPLIANCES LTD,GREENCHEF
NSE_EQ,NSE_EQ|INE544R01021,GREENLAM INDUSTRIES LTD.,6848,GREENLAM INDUSTRIES LTD.,GREENLAM
NSE_EQ,NSE_EQ|INE08ZM01014,GREENPANEL INDUSTRIES LTD,13810,GREENPANEL INDUSTRIES LTD,GREENPANEL
NSE_EQ,NSE_EQ|INE461C01038,GREENPLY INDUSTRIES LTD,3987,GREENPLY INDUSTRIES LTD,GREENPLY
NSE_EQ,NSE_EQ|INE999K01014,ORIENT GREEN POWER CO LTD,20110,ORIENT GREEN POWER CO LTD,GREENPOWER
NSE_EQ,NSE_EQ|INE985P01012,GRETEX INDUSTRIES LTD.,18742,GRETEX INDUSTRIES LTD.,GRETEX
NSE_EQ,NSE_EQ|INE536A01023,GRINDWELL NORTON LIMITED,13560,GRINDWELL NORTON LIMITED,GRINDWELL
NSE_EQ,NSE_EQ|INE201P01022,G R INFRAPROJECTS LIMITED,5054,G R INFRAPROJECTS LIMITED,GRINFRA
NSE_EQ,NSE_EQ|INE192H01020,GRM OVERSEAS LIMITED,10871,GRM OVERSEAS LIMITED,GRMOVER
NSE_EQ,NSE_EQ|INE646C01018,THE GROB TEA COMPANY LTD,17774,THE GROB TEA COMPANY LTD,GROBTEA
NSE_EQ,NSE_EQ|INF666M01IO8,GROWWAMC - GROWWDEFNC,25758,GROWWAMC - GROWWDEFNC,GROWWDEFNC
NSE_EQ,NSE_EQ|INF666M01IH2,GROWWAMC - GROWWEV,24798,GROWWAMC - GROWWEV,GROWWEV
NSE_EQ,NSE_EQ|INF666M01IW1,GROWWAMC - GROWWGOLD,25872,GROWWAMC - GROWWGOLD,GROWWGOLD
NSE_EQ,NSE_EQ|INF666M01IP5,GROWWAMC - GROWWLIQID,25447,GROWWAMC - GROWWLIQID,GROWWLIQID
NSE_EQ,NSE_EQ|INF666M01KJ4,GROWWAMC - GROWWMOM50,756086,GROWWAMC - GROWWMOM50,GROWWMOM50
NSE_EQ,NSE_EQ|INF666M01JV1,GROWWAMC - GROWWN200,29872,GROWWAMC - GROWWN200,GROWWN200
NSE_EQ,NSE_EQ|INF666M01JJ6,GROWWAMC - GROWWRAIL,29527,GROWWAMC - GROWWRAIL,GROWWRAIL
NSE_EQ,NSE_EQ|INF666M01LA1,GROWWAMC - GROWWSLVR,756827,GROWWAMC - GROWWSLVR,GROWWSLVR
NSE_EQ,NSE_EQ|INE137I01015,GRP LIMITED,6543,GRP LIMITED,GRPLTD
NSE_EQ,NSE_EQ|INE382Z01011,GARDEN REACH SHIP&ENG LTD,5475,GARDEN REACH SHIP&ENG LTD,GRSE
NSE_EQ,NSE_EQ|INE291A01017,GARWARE HI-TECH FILMS LTD,7982,GARWARE HI-TECH FILMS LTD,GRWRHITECH
NSE_EQ,NSE_EQ|IN000126C010,GOI STRIPS C 020126,4332,GOI STRIPS C 020126,GS020126C
NSE_EQ,NSE_EQ|IN000725C019,GOI STRIPS C 020725,4175,GOI STRIPS C 020725,GS020725C
NSE_EQ,NSE_EQ|IN000626C019,GOI STRIPS C 070626,4387,GOI STRIPS C 070626,GS070626C
NSE_EQ,NSE_EQ|IN001225C019,GOI STRIPS C 071225,4250,GOI STRIPS C 071225,GS071225C
NSE_EQ,NSE_EQ|IN000326C016,GOI STRIPS C 090326,4364,GOI STRIPS C 090326,GS090326C
NSE_EQ,NSE_EQ|IN000925C015,GOI STRIPS C 090925,4183,GOI STRIPS C 090925,GS090925C
NSE_EQ,NSE_EQ|IN000226C018,GOI STRIPS C 100226,4341,GOI STRIPS C 100226,GS100226C
NSE_EQ,NSE_EQ|IN000426C022,GOI STRIPS C 100426,4381,GOI STRIPS C 100426,GS100426C
NSE_EQ,NSE_EQ|IN000526C011,GOI STRIPS C 100526,4384,GOI STRIPS C 100526,GS100526C
NSE_EQ,NSE_EQ|IN000825C017,GOI STRIPS C 100825,4178,GOI STRIPS C 100825,GS100825C
NSE_EQ,NSE_EQ|IN001025C021,GOI STRIPS C 101025,4215,GOI STRIPS C 101025,GS101025C
NSE_EQ,NSE_EQ|IN001125C011,GOI STRIPS C 101125,4246,GOI STRIPS C 101125,GS101125C
NSE_EQ,NSE_EQ|IN000626C043,GOI STRIPS C 120626,4389,GOI STRIPS C 120626,GS120626C
NSE_EQ,NSE_EQ|IN001225C043,GOI STRIPS C 121225,4254,GOI STRIPS C 121225,GS121225C
NSE_EQ,NSE_EQ|IN000326C024,GOI STRIPS C 150326,4366,GOI STRIPS C 150326,GS150326C
NSE_EQ,NSE_EQ|IN000626C050,GOI STRIPS C 150626,4393,GOI STRIPS C 150626,GS150626C
NSE_EQ,NSE_EQ|IN000925C023,GOI STRIPS C 150925,4202,GOI STRIPS C 150925,GS150925C
NSE_EQ,NSE_EQ|IN001225C050,GOI STRIPS C 151225,4314,GOI STRIPS C 151225,GS151225C
NSE_EQ,NSE_EQ|IN001226C058,GOI STRIPS C 151226,4409,GOI STRIPS C 151226,GS151226C
NSE_EQ,NSE_EQ|IN001225C035,GOI STRIPS C 171225,4323,GOI STRIPS C 171225,GS171225C
NSE_EQ,NSE_EQ|IN000326C032,GOI STRIPS C 200326,4368,GOI STRIPS C 200326,GS200326C
NSE_EQ,NSE_EQ|IN000925C031,GOI STRIPS C 200925,4205,GOI STRIPS C 200925,GS200925C
NSE_EQ,NSE_EQ|IN000226C026,GOI STRIPS C 220226,4343,GOI STRIPS C 220226,GS220226C
NSE_EQ,NSE_EQ|IN000230C028,GOI STRIPS C 220230,4423,GOI STRIPS C 220230,GS220230C
NSE_EQ,NSE_EQ|IN000231C026,GOI STRIPS C 220231,4429,GOI STRIPS C 220231,GS220231C
NSE_EQ,NSE_EQ|IN000236C017,GOI STRIPS C 220236,4432,GOI STRIPS C 220236,GS220236C
NSE_EQ,NSE_EQ|IN000240C019,GOI STRIPS C 220240,4520,GOI STRIPS C 220240,GS220240C
NSE_EQ,NSE_EQ|IN000250C018,GOI STRIPS C 220250,4552,GOI STRIPS C 220250,GS220250C
NSE_EQ,NSE_EQ|IN000261C015,GOI STRIPS C 220261,4555,GOI STRIPS C 220261,GS220261C
NSE_EQ,NSE_EQ|IN000261P017,GOI STRIPS P 220261,4395,GOI STRIPS P 220261,GS220261P
NSE_EQ,NSE_EQ|IN000825C025,GOI STRIPS C 220825,4180,GOI STRIPS C 220825,GS220825C
NSE_EQ,NSE_EQ|IN000830C025,GOI STRIPS C 220830,4427,GOI STRIPS C 220830,GS220830C
NSE_EQ,NSE_EQ|IN000831C023,GOI STRIPS C 220831,4431,GOI STRIPS C 220831,GS220831C
NSE_EQ,NSE_EQ|IN000836C014,GOI STRIPS C 220836,4494,GOI STRIPS C 220836,GS220836C
NSE_EQ,NSE_EQ|IN000840C016,GOI STRIPS C 220840,4546,GOI STRIPS C 220840,GS220840C
NSE_EQ,NSE_EQ|IN000850C015,GOI STRIPS C 220850,4553,GOI STRIPS C 220850,GS220850C
NSE_EQ,NSE_EQ|IN000625C060,GOI STRIPS C 230625,4161,GOI STRIPS C 230625,GS230625C
NSE_EQ,NSE_EQ|IN001225C068,GOI STRIPS C 231225,4325,GOI STRIPS C 231225,GS231225C
NSE_EQ,NSE_EQ|IN000426C014,GOI STRIPS C 260426,4382,GOI STRIPS C 260426,GS260426C
NSE_EQ,NSE_EQ|IN001025C013,GOI STRIPS C 261025,4222,GOI STRIPS C 261025,GS261025C
NSE_EQ,NSE_EQ|IN000625C029,GOI STRIPS C 300625,4174,GOI STRIPS C 300625,GS300625C
NSE_EQ,NSE_EQ|IN001225C027,GOI STRIPS C 311225,4330,GOI STRIPS C 311225,GS311225C
NSE_EQ,NSE_EQ|INF209KC1142,BIRLASLAMC - GSEC10ABSL,24847,BIRLASLAMC - GSEC10ABSL,GSEC10ABSL
NSE_EQ,NSE_EQ|INF109KC18O0,ICICIPRAMC - ICICI10GS,13143,ICICIPRAMC - ICICI10GS,GSEC10IETF
NSE_EQ,NSE_EQ|INF769K01KF8,MIRAEAMC - MAGS813ETF,14938,MIRAEAMC - MAGS813ETF,GSEC10YEAR
NSE_EQ,NSE_EQ|INF109KC14A8,ICICIPRAMC - ICICI5GSEC,8342,ICICIPRAMC - ICICI5GSEC,GSEC5IETF
NSE_EQ,NSE_EQ|INE026A01025,GUJ STATE FERT & CHEM LTD,1247,GUJ STATE FERT & CHEM LTD,GSFC
NSE_EQ,NSE_EQ|INE0JSX01015,GLOBAL SURFACES LIMITED,14599,GLOBAL SURFACES LIMITED,GSLSU
NSE_EQ,NSE_EQ|INE0SQY01018,GSM FOILS LIMITED,23891,GSM FOILS LIMITED,GSMFOILS
NSE_EQ,NSE_EQ|INE246F01010,GUJARAT STATE PETRO LTD,13197,GUJARAT STATE PETRO LTD,GSPL
NSE_EQ,NSE_EQ|INE871H01011,GSS INFOTECH LIMITED,15347,GSS INFOTECH LIMITED,GSS
NSE_EQ,NSE_EQ|INE00WS01056,GLOBESECURE TECHNO LTD,9768,GLOBESECURE TECHNO LTD,GSTL
NSE_EQ,NSE_EQ|INE586X01012,G-TEC JAINX EDUCATION LTD,1135,G-TEC JAINX EDUCATION LTD,GTECJAINX
NSE_EQ,NSE_EQ|INE043A01012,GTL LTD,1162,GTL LTD,GTL
NSE_EQ,NSE_EQ|INE221H01019,GTL INFRA.LTD,13745,GTL INFRA.LTD,GTLINFRA
NSE_EQ,NSE_EQ|INE869I01013,GTPL HATHWAY LIMITED,21195,GTPL HATHWAY LIMITED,GTPL
NSE_EQ,NSE_EQ|INE742B01025,GUFIC BIOSCIENCES LTD.,11606,GUFIC BIOSCIENCES LTD.,GUFICBIO
NSE_EQ,NSE_EQ|INE186A01019,GUJARAT ALKALIES & CHEM,1267,GUJARAT ALKALIES & CHEM,GUJALKALI
NSE_EQ,NSE_EQ|INE826C01016,GUJ. APOLLO IND. LTD.,14677,GUJ. APOLLO IND. LTD.,GUJAPOLLO
NSE_EQ,NSE_EQ|INE844O01030,GUJARAT GAS LIMITED,10599,GUJARAT GAS LIMITED,GUJGASLTD
NSE_EQ,NSE_EQ|INE610B01024,GUJARAT RAFFIA INDUST LTD,10097,GUJARAT RAFFIA INDUST LTD,GUJRAFFIA
NSE_EQ,NSE_EQ|INE942C01045,GUJARAT THEMIS BIOSYN LTD,29731,GUJARAT THEMIS BIOSYN LTD,GUJTHEM
NSE_EQ,NSE_EQ|INE635Q01029,GULF OIL LUB. IND. LTD.,4391,GULF OIL LUB. IND. LTD.,GULFOILLUB
NSE_EQ,NSE_EQ|INE586G01017,GP PETROLEUMS LIMITED,11581,GP PETROLEUMS LIMITED,GULFPETRO
NSE_EQ,NSE_EQ|INE255D01024,GULSHAN POLYOLS LIMITED,6286,GULSHAN POLYOLS LIMITED,GULPOLY
NSE_EQ,NSE_EQ|INE251H01024,GVK POW. & INFRA LTD.,13229,GVK POW. & INFRA LTD.,GVKPIL
NSE_EQ,NSE_EQ|INE382T01030,GVP INFOTECH LIMITED,10865,GVP INFOTECH LIMITED,GVPTECH
NSE_EQ,NSE_EQ|INE200A01026,GE VERNOVA T&D INDIA LTD,16783,GE VERNOVA T&D INDIA LTD,GVT&D
NSE_EQ,NSE_EQ|INF179KC1CV7,HDFCAMC - H1158D46DD,10499,HDFCAMC - H1158D46DD,H1158D46DD
NSE_EQ,NSE_EQ|INF179KC1CU9,HDFCAMC - H1158D46DG,10500,HDFCAMC - H1158D46DG,H1158D46DG
NSE_EQ,NSE_EQ|INF179KC1CW5,HDFCAMC - H1158D46DQ,10501,HDFCAMC - H1158D46DQ,H1158D46DQ
NSE_EQ,NSE_EQ|INF179KC1CY1,HDFCAMC - H1158D46RD,10503,HDFCAMC - H1158D46RD,H1158D46RD
NSE_EQ,NSE_EQ|INF179KC1CX3,HDFCAMC - H1158D46RG,10505,HDFCAMC - H1158D46RG,H1158D46RG
NSE_EQ,NSE_EQ|INF179KC1CZ8,HDFCAMC - H1158D46RQ,10507,HDFCAMC - H1158D46RQ,H1158D46RQ
NSE_EQ,NSE_EQ|INF179KC1CD5,HDFCAMC - H1861D46DD,8442,HDFCAMC - H1861D46DD,H1861D46DD
NSE_EQ,NSE_EQ|INF179KC1CC7,HDFCAMC - H1861D46DG,8445,HDFCAMC - H1861D46DG,H1861D46DG
NSE_EQ,NSE_EQ|INF179KC1CE3,HDFCAMC - H1861D46DQ,8446,HDFCAMC - H1861D46DQ,H1861D46DQ
NSE_EQ,NSE_EQ|INF179KC1CG8,HDFCAMC - H1861D46RD,8450,HDFCAMC - H1861D46RD,H1861D46RD
NSE_EQ,NSE_EQ|INF179KC1CF0,HDFCAMC - H1861D46RG,8455,HDFCAMC - H1861D46RG,H1861D46RG
NSE_EQ,NSE_EQ|INF179KC1CH6,HDFCAMC - H1861D46RQ,8465,HDFCAMC - H1861D46RQ,H1861D46RQ
NSE_EQ,NSE_EQ|INF179KC1CR5,HDFCAMC - H187646RG,8761,HDFCAMC - H187646RG,H187646RG
NSE_EQ,NSE_EQ|INF179KC1CP9,HDFCAMC - H1876D46DD,8770,HDFCAMC - H1876D46DD,H1876D46DD
NSE_EQ,NSE_EQ|INF179KC1CO2,HDFCAMC - H1876D46DG,8773,HDFCAMC - H1876D46DG,H1876D46DG
NSE_EQ,NSE_EQ|INF179KC1CQ7,HDFCAMC - H1876D46DQ,8774,HDFCAMC - H1876D46DQ,H1876D46DQ
NSE_EQ,NSE_EQ|INF179KC1CS3,HDFCAMC - H1876D46RD,8776,HDFCAMC - H1876D46RD,H1876D46RD
NSE_EQ,NSE_EQ|INF179KC1CT1,HDFCAMC - H1876D46RQ,8777,HDFCAMC - H1876D46RQ,H1876D46RQ
NSE_EQ,NSE_EQ|INE066F01020,HINDUSTAN AERONAUTICS LTD,2303,HINDUSTAN AERONAUTICS LTD,HAL
NSE_EQ,NSE_EQ|INE419U01012,HAPPIEST MINDS TECHNO LTD,48,HAPPIEST MINDS TECHNO LTD,HAPPSTMNDS
NSE_EQ,NSE_EQ|INE330T01021,HAPPY FORGINGS LIMITED,20854,HAPPY FORGINGS LIMITED,HAPPYFORGE
NSE_EQ,NSE_EQ|INE626Z01029,HARDWYN INDIA LIMITED,8964,HARDWYN INDIA LIMITED,HARDWYN
NSE_EQ,NSE_EQ|INE00EV01017,HARIOM PIPE INDUSTRIES L,8968,HARIOM PIPE INDUSTRIES L,HARIOMPIPE
NSE_EQ,NSE_EQ|INE544A01019,HARRISON MALAYALAM LTD,1313,HARRISON MALAYALAM LTD,HARRMALAYA
NSE_EQ,NSE_EQ|INE0JUS01029,HARSHA ENGINEERS INT LTD,11162,HARSHA ENGINEERS INT LTD,HARSHA
NSE_EQ,NSE_EQ|INE982F01036,HATHWAY CABLE & DATACOM,18154,HATHWAY CABLE & DATACOM,HATHWAY
NSE_EQ,NSE_EQ|INE473B01035,HATSUN AGRO PRODUCT LTD.,3892,HATSUN AGRO PRODUCT LTD.,HATSUN
NSE_EQ,NSE_EQ|INE176B01034,HAVELLS INDIA LIMITED,9819,HAVELLS INDIA LIMITED,HAVELLS
NSE_EQ,NSE_EQ|INE293B01029,SRI HAVISHA HOSP & INFR L,7457,SRI HAVISHA HOSP & INFR L,HAVISHA
NSE_EQ,NSE_EQ|INE292B01021,HBL ENGINEERING LTD,13966,HBL ENGINEERING LTD,HBLENGINE
NSE_EQ,NSE_EQ|INE550B01022,HB STOCKHOLDINGS LIMITED,4116,HB STOCKHOLDINGS LIMITED,HBSL
NSE_EQ,NSE_EQ|INE549A01026,HINDUSTAN CONSTRUCTION CO,1375,HINDUSTAN CONSTRUCTION CO,HCC
NSE_EQ,NSE_EQ|INE075I01017,HEALTHCARE GLOB. ENT. LTD,15555,HEALTHCARE GLOB. ENT. LTD,HCG
NSE_EQ,NSE_EQ|INE236A01020,HCL INFOSYSTEMS-DEPO SETT,5735,HCL INFOSYSTEMS-DEPO SETT,HCL-INSYS
NSE_EQ,NSE_EQ|INE860A01027,HCL TECHNOLOGIES LTD,7229,HCL TECHNOLOGIES LTD,HCLTECH
NSE_EQ,NSE_EQ|INF179K01G20,HDFCAMC - HDAIF1BDDR,29732,HDFCAMC - HDAIF1BDDR,HDAIF1BDDR
NSE_EQ,NSE_EQ|INF179KC1EO8,HDFCAMC - HDFC1204DD,13539,HDFCAMC - HDFC1204DD,HDFC1204DD
NSE_EQ,NSE_EQ|INF179KC1EN0,HDFCAMC - HDFC1204DG,13540,HDFCAMC - HDFC1204DG,HDFC1204DG
NSE_EQ,NSE_EQ|INF179KC1EP5,HDFCAMC - HDFC1204DQ,13543,HDFCAMC - HDFC1204DQ,HDFC1204DQ
NSE_EQ,NSE_EQ|INF179KC1ER1,HDFCAMC - HDFC1204RD,13547,HDFCAMC - HDFC1204RD,HDFC1204RD
NSE_EQ,NSE_EQ|INF179KC1EQ3,HDFCAMC - HDFC1204RG,13548,HDFCAMC - HDFC1204RG,HDFC1204RG
NSE_EQ,NSE_EQ|INF179KC1ES9,HDFCAMC - HDFC1204RQ,13556,HDFCAMC - HDFC1204RQ,HDFC1204RQ
NSE_EQ,NSE_EQ|INF179KC1DP7,HDFCAMC - HDFC1359DD,11559,HDFCAMC - HDFC1359DD,HDFC1359DD
NSE_EQ,NSE_EQ|INF179KC1DO0,HDFCAMC - HDFC1359DG,11560,HDFCAMC - HDFC1359DG,HDFC1359DG
NSE_EQ,NSE_EQ|INF179KC1DQ5,HDFCAMC - HDFC1359DQ,11561,HDFCAMC - HDFC1359DQ,HDFC1359DQ
NSE_EQ,NSE_EQ|INF179KC1DS1,HDFCAMC - HDFC1359RD,11562,HDFCAMC - HDFC1359RD,HDFC1359RD
NSE_EQ,NSE_EQ|INF179KC1DR3,HDFCAMC - HDFC1359RG,11563,HDFCAMC - HDFC1359RG,HDFC1359RG
NSE_EQ,NSE_EQ|INF179KC1DT9,HDFCAMC - HDFC1359RQ,11565,HDFCAMC - HDFC1359RQ,HDFC1359RQ
NSE_EQ,NSE_EQ|INF179KC1DD3,HDFCAMC - HDFC1406DD,10838,HDFCAMC - HDFC1406DD,HDFC1406DD
NSE_EQ,NSE_EQ|INF179KC1DC5,HDFCAMC - HDFC1406DG,10839,HDFCAMC - HDFC1406DG,HDFC1406DG
NSE_EQ,NSE_EQ|INF179KC1DE1,HDFCAMC - HDFC1406DQ,10840,HDFCAMC - HDFC1406DQ,HDFC1406DQ
NSE_EQ,NSE_EQ|INF179KC1DG6,HDFCAMC - HDFC1406RD,10841,HDFCAMC - HDFC1406RD,HDFC1406RD
NSE_EQ,NSE_EQ|INF179KC1DF8,HDFCAMC - HDFC1406RG,10842,HDFCAMC - HDFC1406RG,HDFC1406RG
NSE_EQ,NSE_EQ|INF179KC1DH4,HDFCAMC - HDFC1406RQ,10843,HDFCAMC - HDFC1406RQ,HDFC1406RQ
NSE_EQ,NSE_EQ|INF179KC1FK3,HDFCAMC - HDFC2638DG,14335,HDFCAMC - HDFC2638DG,HDFC2638DG
NSE_EQ,NSE_EQ|INF179KC1FM9,HDFCAMC - HDFC2638DQ,14336,HDFCAMC - HDFC2638DQ,HDFC2638DQ
NSE_EQ,NSE_EQ|INF179KC1FO5,HDFCAMC - HDFC2638RD,14330,HDFCAMC - HDFC2638RD,HDFC2638RD
NSE_EQ,NSE_EQ|INF179KC1FN7,HDFCAMC - HDFC2638RG,14327,HDFCAMC - HDFC2638RG,HDFC2638RG
NSE_EQ,NSE_EQ|INF179KC1FP2,HDFCAMC - HDFC2638RQ,14332,HDFCAMC - HDFC2638RQ,HDFC2638RQ
NSE_EQ,NSE_EQ|INE127D01025,HDFC AMC LIMITED,4244,HDFC AMC LIMITED,HDFCAMC
NSE_EQ,NSE_EQ|INE040A01034,HDFC BANK LTD,1333,HDFC BANK LTD,HDFCBANK
NSE_EQ,NSE_EQ|INF179KC1EZ4,HDFCAMC - HDFCBSE500,14230,HDFCAMC - HDFCBSE500,HDFCBSE500
NSE_EQ,NSE_EQ|INF179KC1981,HDFC GOLD ETF,19543,HDFC GOLD ETF,HDFCGOLD
NSE_EQ,NSE_EQ|INF179KC1DJ0,HDFCAMC - HDFCGROWTH,11241,HDFCAMC - HDFCGROWTH,HDFCGROWTH
NSE_EQ,NSE_EQ|INE795G01014,HDFC LIFE INS CO LTD,467,HDFC LIFE INS CO LTD,HDFCLIFE
NSE_EQ,NSE_EQ|INF179KC1JG3,HDFCAMC - HDFCLIQUID,18279,HDFCAMC - HDFCLIQUID,HDFCLIQUID
NSE_EQ,NSE_EQ|INF179KC1HU8,HDFCAMC - HDFCLOWVOL,11547,HDFCAMC - HDFCLOWVOL,HDFCLOWVOL
NSE_EQ,NSE_EQ|INF179KC1HT0,HDFCAMC - HDFCMID150,14236,HDFCAMC - HDFCMID150,HDFCMID150
NSE_EQ,NSE_EQ|INF179KC1HV6,HDFCAMC - HDFCMOMENT,11538,HDFCAMC - HDFCMOMENT,HDFCMOMENT
NSE_EQ,NSE_EQ|INF179KC1HS2,HDFCAMC - HDFCNEXT50,10619,HDFCAMC - HDFCNEXT50,HDFCNEXT50
NSE_EQ,NSE_EQ|INF179KC1HR4,HDFCAMC - HDFCNIF100,10633,HDFCAMC - HDFCNIF100,HDFCNIF100
NSE_EQ,NSE_EQ|INF179KC1HY0,HDFCAMC - HDFCNIFBAN,22433,HDFCAMC - HDFCNIFBAN,HDFCNIFBAN
NSE_EQ,NSE_EQ|INF179KC1IA8,HDFCAMC - HDFCNIFIT,12101,HDFCAMC - HDFCNIFIT,HDFCNIFIT
NSE_EQ,NSE_EQ|INF179KC1965,HDFCAMC - HDFCNIFTY,11591,HDFCAMC - HDFCNIFTY,HDFCNIFTY
NSE_EQ,NSE_EQ|INF179KC1HW4,HDFCAMC HDFCPSUBK,22595,HDFCAMC HDFCPSUBK,HDFCPSUBK
NSE_EQ,NSE_EQ|INF179KC1HZ7,HDFCAMC - HDFCPVTBAN,12108,HDFCAMC - HDFCPVTBAN,HDFCPVTBAN
NSE_EQ,NSE_EQ|INF179KC1DL6,HDFCAMC - HDFCQUAL,11255,HDFCAMC - HDFCQUAL,HDFCQUAL
NSE_EQ,NSE_EQ|INF179KC1HX2,HDFCAMC - HDFCSENSEX,11593,HDFCAMC - HDFCSENSEX,HDFCSENSEX
NSE_EQ,NSE_EQ|INF179KC1DI2,HDFCAMC - HDFCSILVER,10876,HDFCAMC - HDFCSILVER,HDFCSILVER
NSE_EQ,NSE_EQ|INF179KC1FB2,HDFCAMC - HDFCSML250,14233,HDFCAMC - HDFCSML250,HDFCSML250
NSE_EQ,NSE_EQ|INF179KC1DK8,HDFCAMC - HDFCVALUE,11260,HDFCAMC - HDFCVALUE,HDFCVALUE
NSE_EQ,NSE_EQ|INE191I01012,HOUSING DEV & INFRA LTD,17920,HOUSING DEV & INFRA LTD,HDIL
NSE_EQ,NSE_EQ|INE759V01019,HEADS UP VENTURES LIMITED,19209,HEADS UP VENTURES LIMITED,HEADSUP
NSE_EQ,NSE_EQ|INF740KA1UF4,DSPAMC - HEALTHADD,22592,DSPAMC - HEALTHADD,HEALTHADD
NSE_EQ,NSE_EQ|INF109KC1Q72,ICICIPRAMC - ICICIPHARM,3626,ICICIPRAMC - ICICIPHARM,HEALTHIETF
NSE_EQ,NSE_EQ|INF209KB10C2,BIRLASLAMC - HEALTHY,6297,BIRLASLAMC - HEALTHY,HEALTHY
NSE_EQ,NSE_EQ|INE558R01013,HEC INFRA PROJECTS LTD,7429,HEC INFRA PROJECTS LTD,HECPROJECT
NSE_EQ,NSE_EQ|INE545A01024,HEG LTD,1336,HEG LTD,HEG
NSE_EQ,NSE_EQ|INE578A01017,HEIDELBERGCEMENT (I) LTD,2316,HEIDELBERGCEMENT (I) LTD,HEIDELBERG
NSE_EQ,NSE_EQ|INE0AJG01018,HEMISPHERE PROP IND LTD,701,HEMISPHERE PROP IND LTD,HEMIPROP
NSE_EQ,NSE_EQ|INE694N01015,HERANBA INDUSTRIES LTD,2620,HERANBA INDUSTRIES LTD,HERANBA
NSE_EQ,NSE_EQ|INE688E01024,HERCULES HOI. LTD.,15292,HERCULES HOI. LTD.,HERCULES
NSE_EQ,NSE_EQ|INE978A01027,HERITAGE FOODS LTD,4598,HERITAGE FOODS LTD,HERITGFOOD
NSE_EQ,NSE_EQ|INE158A01026,HERO MOTOCORP LIMITED,1348,HERO MOTOCORP LIMITED,HEROMOTOCO
NSE_EQ,NSE_EQ|INE782E01017,HESTER BIOSCIENCES LTD,7048,HESTER BIOSCIENCES LTD,HESTERBIO
NSE_EQ,NSE_EQ|INE492A01029,HEUBACH COLORANTS IND LTD,715,HEUBACH COLORANTS IND LTD,HEUBACHIND
NSE_EQ,NSE_EQ|INE750M01017,HEXA TRADEX LIMITED,27008,HEXA TRADEX LIMITED,HEXATRADEX
NSE_EQ,NSE_EQ|INE093A01041,HEXAWARE TECHNOLOGIES LTD,29666,HEXAWARE TECHNOLOGIES LTD,HEXT
NSE_EQ,NSE_EQ|INE548A01028,HFCL LIMITED,21951,HFCL LIMITED,HFCL
NSE_EQ,NSE_EQ|INF179KC1HA0,HDFCAMC - HFMPCC50DD,18185,HDFCAMC - HFMPCC50DD,HFMPCC50DD
NSE_EQ,NSE_EQ|INF179KC1HC6,HDFCAMC - HFMPCC50RD,18186,HDFCAMC - HFMPCC50RD,HFMPCC50RD
NSE_EQ,NSE_EQ|INF179KC1HB8,HDFCAMC - HFMPCC75DD,18191,HDFCAMC - HFMPCC75DD,HFMPCC75DD
NSE_EQ,NSE_EQ|INF179KC1HD4,HDFCAMC - HFMPCC75RD,18192,HDFCAMC - HFMPCC75RD,HFMPCC75RD
NSE_EQ,NSE_EQ|INF179KC1FU2,HDFCAMC - HFMPM23DGR,14726,HDFCAMC - HFMPM23DGR,HFMPM23DGR
NSE_EQ,NSE_EQ|INF179KC1FV0,HDFCAMC - HFMPM23DND,14731,HDFCAMC - HFMPM23DND,HFMPM23DND
NSE_EQ,NSE_EQ|INF179KC1FW8,HDFCAMC - HFMPM23DQD,14733,HDFCAMC - HFMPM23DQD,HFMPM23DQD
NSE_EQ,NSE_EQ|INF179KC1FX6,HDFCAMC - HFMPM23RGR,14735,HDFCAMC - HFMPM23RGR,HFMPM23RGR
NSE_EQ,NSE_EQ|INF179KC1FY4,HDFCAMC - HFMPM23RND,14737,HDFCAMC - HFMPM23RND,HFMPM23RND
NSE_EQ,NSE_EQ|INF179KC1FZ1,HDFCAMC - HFMPM23RQD,14738,HDFCAMC - HFMPM23RQD,HFMPM23RQD
NSE_EQ,NSE_EQ|INE926X01010,H.G.INFRA ENGINEERING LTD,1672,H.G.INFRA ENGINEERING LTD,HGINFRA
NSE_EQ,NSE_EQ|INE170I01016,HINDUJA GLOBAL SOLS. LTD.,14712,HINDUJA GLOBAL SOLS. LTD.,HGS
NSE_EQ,NSE_EQ|INE0KXY23015,HIGHWAYS INFRA TRUST,10757,HIGHWAYS INFRA TRUST,HIGHWAYS
NSE_EQ,NSE_EQ|INE0PIC01017,HI GREEN CARBON LIMITED,18794,HI GREEN CARBON LIMITED,HIGREEN
NSE_EQ,NSE_EQ|INE475B01022,HIKAL LIMITED,9668,HIKAL LIMITED,HIKAL
NSE_EQ,NSE_EQ|INE788H01017,HILTON METAL FORGING LTD,14631,HILTON METAL FORGING LTD,HILTON
NSE_EQ,NSE_EQ|INE049A01027,HIMATSINGKA SEIDE LTD,1360,HIMATSINGKA SEIDE LTD,HIMATSEIDE
NSE_EQ,NSE_EQ|INE038A01020,HINDALCO  INDUSTRIES  LTD,1363,HINDALCO  INDUSTRIES  LTD,HINDALCO
NSE_EQ,NSE_EQ|INE310C01029,HINDUSTAN COMPOSITES LTD.,1372,HINDUSTAN COMPOSITES LTD.,HINDCOMPOS
NSE_EQ,NSE_EQ|INE642Y01029,HINDCON CHEMICALS LIMITED,4920,HINDCON CHEMICALS LIMITED,HINDCON
NSE_EQ,NSE_EQ|INE531E01026,HINDUSTAN COPPER LTD,17939,HINDUSTAN COPPER LTD,HINDCOPPER
NSE_EQ,NSE_EQ|INE253A01025,HINDUSTAN MOTORS LIMITED,21676,HINDUSTAN MOTORS LIMITED,HINDMOTORS
NSE_EQ,NSE_EQ|INE952A01022,HIND NATL GLASS & IND LTD,17050,HIND NATL GLASS & IND LTD,HINDNATGLS
NSE_EQ,NSE_EQ|INE345A01011,HINDUSTAN OIL EXPLORATION,1403,HINDUSTAN OIL EXPLORATION,HINDOILEXP
NSE_EQ,NSE_EQ|INE094A01015,HINDUSTAN PETROLEUM CORP,1406,HINDUSTAN PETROLEUM CORP,HINDPETRO
NSE_EQ,NSE_EQ|INE030A01027,HINDUSTAN UNILEVER LTD.,1394,HINDUSTAN UNILEVER LTD.,HINDUNILVR
NSE_EQ,NSE_EQ|INE05AN01011,HINDWARE HME INOVATON LTD,15883,HINDWARE HME INOVATON LTD,HINDWAREAP
NSE_EQ,NSE_EQ|INE267A01025,HINDUSTAN ZINC LIMITED,1424,HINDUSTAN ZINC LIMITED,HINDZINC
NSE_EQ,NSE_EQ|INE835D01023,HIND RECTIFIER LIMITED,13890,HIND RECTIFIER LIMITED,HIRECT
NSE_EQ,NSE_EQ|INE598C01011,HISAR METAL IND. LIMITED,19322,HISAR METAL IND. LIMITED,HISARMETAL
NSE_EQ,NSE_EQ|INE106T01025,HI-TECH PIPES LIMITED,2868,HI-TECH PIPES LIMITED,HITECH
NSE_EQ,NSE_EQ|INE120D01012,HITECH CORPORATION LTD,15161,HITECH CORPORATION LTD,HITECHCORP
NSE_EQ,NSE_EQ|INE127B01011,THE HI-TECH GEARS LIMITED,8568,THE HI-TECH GEARS LIMITED,HITECHGEAR
NSE_EQ,NSE_EQ|INE461D01028,HLE GLASCOAT LIMITED,2289,HLE GLASCOAT LIMITED,HLEGLAS
NSE_EQ,NSE_EQ|INE102A01024,HLV LIMITED,1448,HLV LIMITED,HLVLTD
NSE_EQ,NSE_EQ|INE0ECP01024,HMA AGRO INDUSTRIES LTD,17053,HMA AGRO INDUSTRIES LTD,HMAAGRO
NSE_EQ,NSE_EQ|INE262A01018,HMT LTD -,19698,HMT LTD -,HMT
NSE_EQ,NSE_EQ|INE871K01015,HINDUSTAN MEDIA VENT LTD,19211,HINDUSTAN MEDIA VENT LTD,HMVL
NSE_EQ,NSE_EQ|INE254N01026,HINDUSTAN FOODS LIMITED,12173,HINDUSTAN FOODS LIMITED,HNDFDS
NSE_EQ,NSE_EQ|INF204KB19I1,NIP IND ETF HANGSENG BEES,18284,NIP IND ETF HANGSENG BEES,HNGSNGBEES
NSE_EQ,NSE_EQ|INE0S6S01017,HOAC FOODS INDIA LIMITED,23826,HOAC FOODS INDIA LIMITED,HOACFOODS
NSE_EQ,NSE_EQ|INE0LXA01019,HOLMARC OPTO MECHATRO L,18649,HOLMARC OPTO MECHATRO L,HOLMARC
NSE_EQ,NSE_EQ|INE481N01025,HOME FIRST FIN CO IND LTD,2056,HOME FIRST FIN CO IND LTD,HOMEFIRST
NSE_EQ,NSE_EQ|INE0N7F01017,HOMESFY REALTY LIMITED,13526,HOMESFY REALTY LIMITED,HOMESFY
NSE_EQ,NSE_EQ|INE0J5401028,HONASA CONSUMER LIMITED,19813,HONASA CONSUMER LIMITED,HONASA
NSE_EQ,NSE_EQ|INE671A01010,HONEYWELL AUTOMATION IND,3417,HONEYWELL AUTOMATION IND,HONAUT
NSE_EQ,NSE_EQ|INE634A01018,HONDA I POWER PRODUCT LTD,3138,HONDA I POWER PRODUCT LTD,HONDAPOWER
NSE_EQ,NSE_EQ|INE596H01014,HOV SERVICES LTD,13595,HOV SERVICES LTD,HOVS
NSE_EQ,NSE_EQ|INE0GSL01024,HP ADHESIVES LIMITED,7376,HP ADHESIVES LIMITED,HPAL
NSE_EQ,NSE_EQ|INE05X901010,HINDPRAKASH INDUSTRY LTD,11796,HINDPRAKASH INDUSTRY LTD,HPIL
NSE_EQ,NSE_EQ|INE495S01016,HPL ELECTRIC & POWER LTD,18679,HPL ELECTRIC & POWER LTD,HPL
NSE_EQ,NSE_EQ|INE0VA601019,HP TELECOM INDIA LIMITED,29879,HP TELECOM INDIA LIMITED,HPTL
NSE_EQ,NSE_EQ|INE0R3501012,HRH NEXT SERVICES LIMITED,21120,HRH NEXT SERVICES LIMITED,HRHNEXT
NSE_EQ,NSE_EQ|INE019C01026,HIMADRI SPECIALITY CHEM L,14334,HIMADRI SPECIALITY CHEM L,HSCL
NSE_EQ,NSE_EQ|INE501G01024,HT MEDIA LIMITED,11982,HT MEDIA LIMITED,HTMEDIA
NSE_EQ,NSE_EQ|INE703H01016,HUBTOWN LIMITED,14203,HUBTOWN LIMITED,HUBTOWN
NSE_EQ,NSE_EQ|INE031A01017,HSG & URBAN DEV CORPN LTD,20825,HSG & URBAN DEV CORPN LTD,HUDCO
NSE_EQ,NSE_EQ|INE275B01026,HUHTAMAKI INDIA LIMITED,2562,HUHTAMAKI INDIA LIMITED,HUHTAMAKI
NSE_EQ,NSE_EQ|INE0TO501019,HVAX TECHNOLOGIES LIMITED,25708,HVAX TECHNOLOGIES LIMITED,HVAX
NSE_EQ,NSE_EQ|INE965B01022,HYBRID FINANCIAL SERVICE,12814,HYBRID FINANCIAL SERVICE,HYBRIDFIN
NSE_EQ,NSE_EQ|INE0V6F01027,HYUNDAI MOTOR INDIA LTD,25844,HYUNDAI MOTOR INDIA LTD,HYUNDAI
NSE_EQ,NSE_EQ|INE0O7401018,IBL FINANCE LIMITED,21348,IBL FINANCE LIMITED,IBLFL
NSE_EQ,NSE_EQ|INE613B01010,ICDSLTD,9610,ICDSLTD,ICDSLTD
NSE_EQ,NSE_EQ|INE520Y01019,ICE MAKE REFRIGERAT LTD,489,ICE MAKE REFRIGERAT LTD,ICEMAKE
NSE_EQ,NSE_EQ|INF109KB15Y7,ICICIPRAMC - BHARATIWIN,522,ICICIPRAMC - BHARATIWIN,ICICIB22
NSE_EQ,NSE_EQ|INE090A01021,ICICI BANK LTD.,4963,ICICI BANK LTD.,ICICIBANK
NSE_EQ,NSE_EQ|INE765G01017,ICICI LOMBARD GIC LIMITED,21770,ICICI LOMBARD GIC LIMITED,ICICIGI
NSE_EQ,NSE_EQ|INE726G01019,ICICI PRU LIFE INS CO LTD,18652,ICICI PRU LIFE INS CO LTD,ICICIPRULI
NSE_EQ,NSE_EQ|INE090A08SP8,ICICI-MULTI-6-3000-2026,10201,ICICI-MULTI-6-3000-2026,ICICM58
NSE_EQ,NSE_EQ|INE483B01026,INDO COUNT INDUSTRIES LTD,11987,INDO COUNT INDUSTRIES LTD,ICIL
NSE_EQ,NSE_EQ|INE725G01011,ICRA LIMITED,14523,ICRA LIMITED,ICRA
NSE_EQ,NSE_EQ|INE008A01015,IDBI BANK LIMITED,1476,IDBI BANK LIMITED,IDBI
NSE_EQ,NSE_EQ|INE669E01016,VODAFONE IDEA LIMITED,14366,VODAFONE IDEA LIMITED,IDEA
NSE_EQ,NSE_EQ|INE349Y01013,IDEAFORGE TECHNO LTD,17140,IDEAFORGE TECHNO LTD,IDEAFORGE
NSE_EQ,NSE_EQ|INE0T9I01011,IDEAL TECHNOPLAST IND LTD,24950,IDEAL TECHNOPLAST IND LTD,IDEALTECHO
NSE_EQ,NSE_EQ|INE0TD101011,IDENTICAL BRAINS STUDIO L,28574,IDENTICAL BRAINS STUDIO L,IDENTICAL
NSE_EQ,NSE_EQ|INE092T01019,IDFC FIRST BANK LIMITED,11184,IDFC FIRST BANK LIMITED,IDFCFIRSTB
NSE_EQ,NSE_EQ|INF194KA1U07,BANDHANAMC - IDFNIFTYET,18783,BANDHANAMC - IDFNIFTYET,IDFNIFTYET
NSE_EQ,NSE_EQ|INE059901020,INDIABULLS ENT LTD,13303,INDIABULLS ENT LTD,IEL
NSE_EQ,NSE_EQ|INE0RRU01016,INDIAN EMULSIFIERS LTD,23792,INDIAN EMULSIFIERS LTD,IEML
NSE_EQ,NSE_EQ|INE022Q01020,INDIAN ENERGY EXC LTD,220,INDIAN ENERGY EXC LTD,IEX
NSE_EQ,NSE_EQ|INF090I01WA9,FRANTEMAMC - IF3DPD,18174,FRANTEMAMC - IF3DPD,IF3DPD
NSE_EQ,NSE_EQ|INF090I01WB7,FRANTEMAMC - IF3GPD,18175,FRANTEMAMC - IF3GPD,IF3GPD
NSE_EQ,NSE_EQ|INE076C01018,IFB AGRO INDUSTRIES LTD,9300,IFB AGRO INDUSTRIES LTD,IFBAGRO
NSE_EQ,NSE_EQ|INE559A01017,IFB INDUSTRIES LTD,1485,IFB INDUSTRIES LTD,IFBIND
NSE_EQ,NSE_EQ|INE039A01010,IFCI LTD,1491,IFCI LTD,IFCI
NSE_EQ,NSE_EQ|INF090I01WC5,FRANTEMAMC - IFD3DPD,18176,FRANTEMAMC - IFD3DPD,IFD3DPD
NSE_EQ,NSE_EQ|INF090I01WD3,FRANTEMAMC - IFD3GPD,18177,FRANTEMAMC - IFD3GPD,IFD3GPD
NSE_EQ,NSE_EQ|INE133Y01011,IFGL REFRACTORIES LIMITED,436,IFGL REFRACTORIES LIMITED,IFGLEXPOR
NSE_EQ,NSE_EQ|INE188B01013,IGARASHI MOTORS INDIA LTD,634,IGARASHI MOTORS INDIA LTD,IGARASHI
NSE_EQ,NSE_EQ|INE0Q9301021,INTERNATIO GEMM INS (I) L,28378,INTERNATIO GEMM INS (I) L,IGIL
NSE_EQ,NSE_EQ|INE203G01027,INDRAPRASTHA GAS LTD,11262,INDRAPRASTHA GAS LTD,IGL
NSE_EQ,NSE_EQ|INE204A01010,I G PETROCHEMICALS LTD,14086,I G PETROCHEMICALS LTD,IGPL
NSE_EQ,NSE_EQ|INE477L07BD8,SEC RE NCD SR V,28861,SEC RE NCD SR V,IHF261224
NSE_EQ,NSE_EQ|INE477L07BF3,SEC RE NCD SR VIII,28874,SEC RE NCD SR VIII,IHF261224A
NSE_EQ,NSE_EQ|INE477L07BA4,SEC RE NCD SR II,28854,SEC RE NCD SR II,IHFL261224
NSE_EQ,NSE_EQ|INE530B01024,IIFL FINANCE LIMITED,11809,IIFL FINANCE LIMITED,IIFL
NSE_EQ,NSE_EQ|INE530B07542,IIFL TR I SR II,756140,IIFL TR I SR II,IIFL210425
NSE_EQ,NSE_EQ|INE530B07526,IIFL TR I SR IV,756142,IIFL TR I SR IV,IIFL21425
NSE_EQ,NSE_EQ|INE530B07500,IIFL TR I SR VII,756145,IIFL TR I SR VII,IIFL21425A
NSE_EQ,NSE_EQ|INE489L01022,IIFL CAPITAL SERVICES LTD,13072,IIFL CAPITAL SERVICES LTD,IIFLCAPS
NSE_EQ,NSE_EQ|INE477L07AS8,SEC RE NCD 0% SR.VIII,7674,SEC RE NCD 0% SR.VIII,IIFLHF29
NSE_EQ,NSE_EQ|INE477L07AP4,SEC RE NCD 0% SR.V,7666,SEC RE NCD 0% SR.V,IIFLHFZC27
NSE_EQ,NSE_EQ|INE530B07187,SEC RE NCD 0% SR.VII,6207,SEC RE NCD 0% SR.VII,IIFLZC26
NSE_EQ,NSE_EQ|INE530B07286,SEC RE NCD 0% SR.IV,13850,SEC RE NCD 0% SR.IV,IIFLZC26A
NSE_EQ,NSE_EQ|INE530B07351,SEC RE NCD 0% SR.IV,17034,SEC RE NCD 0% SR.IV,IIFLZC26B
NSE_EQ,NSE_EQ|INE530B08110,UNSE RE NCD 0% SR.III,2883,UNSE RE NCD 0% SR.III,IIFLZC28
NSE_EQ,NSE_EQ|INE530B07278,SEC RE NCD 0% SR.VII,13858,SEC RE NCD 0% SR.VII,IIFLZC28A
NSE_EQ,NSE_EQ|INE530B07369,SEC RE NCD 0% SR.VII,17043,SEC RE NCD 0% SR.VII,IIFLZC28B
NSE_EQ,NSE_EQ|INE477L08162,UNSEC RE NCD 0% SR.III,5217,UNSEC RE NCD 0% SR.III,IIFLZC28C
NSE_EQ,NSE_EQ|INE886A01014,INDUSTRIAL INV TRUST LTD,19529,INDUSTRIAL INV TRUST LTD,IITL
NSE_EQ,NSE_EQ|INE0LOJ01019,IKIO TECHNOLOGIES LIMITED,16822,IKIO TECHNOLOGIES LIMITED,IKIO
NSE_EQ,NSE_EQ|INE115Q01022,INVENTURUS KNOWLEDGE SO L,28125,INVENTURUS KNOWLEDGE SO L,IKS
NSE_EQ,NSE_EQ|INE369I01014,IL&FS ENG AND CONS CO LTD,9380,IL&FS ENG AND CONS CO LTD,IL&FSENGG
NSE_EQ,NSE_EQ|INE975G01012,IL&FS TRANS NET LTD,9381,IL&FS TRANS NET LTD,IL&FSTRANS
NSE_EQ,NSE_EQ|INE172N01012,IMAGICAAWORLD ENT LTD,7672,IMAGICAAWORLD ENT LTD,IMAGICAA
NSE_EQ,NSE_EQ|INE00QS24019,SEC RE NCGB 8.25% STRPP A,14214,SEC RE NCGB 8.25% STRPP A,IMC1
NSE_EQ,NSE_EQ|INE919H01018,INDIAN METALS & FERRO,19235,INDIAN METALS & FERRO,IMFA
NSE_EQ,NSE_EQ|INE547E01014,IND MOTOR PART & ACC LTD,12009,IND MOTOR PART & ACC LTD,IMPAL
NSE_EQ,NSE_EQ|INE691G01015,IMPEX FERRO TECH LIMITED,25881,IMPEX FERRO TECH LIMITED,IMPEXFERRO
NSE_EQ,NSE_EQ|INE452L01012,INCREDIBLE INDUSTRIES LTD,17511,INCREDIBLE INDUSTRIES LTD,INCREDIBLE
NSE_EQ,NSE_EQ|INE841B01017,INDBANK MERCH BANK,16933,INDBANK MERCH BANK,INDBANK
NSE_EQ,NSE_EQ|INE065X01017,INDEGENE LIMITED,23693,INDEGENE LIMITED,INDGN
NSE_EQ,NSE_EQ|INE053A01029,THE INDIAN HOTELS CO. LTD,1512,THE INDIAN HOTELS CO. LTD,INDHOTEL
NSE_EQ,NSE_EQ|INE383A01012,THE INDIA CEMENTS LIMITED,1515,THE INDIA CEMENTS LIMITED,INDIACEM
NSE_EQ,NSE_EQ|INE560A01015,INDIA GLYCOLS LTD,1521,INDIA GLYCOLS LTD,INDIAGLYCO
NSE_EQ,NSE_EQ|INE933S01016,INDIAMART INTERMESH LTD,10726,INDIAMART INTERMESH LTD,INDIAMART
NSE_EQ,NSE_EQ|INE562A01011,INDIAN BANK,14309,INDIAN BANK,INDIANB
NSE_EQ,NSE_EQ|INE061A01014,INDIAN CARD CLOTHING CO.,4422,INDIAN CARD CLOTHING CO.,INDIANCARD
NSE_EQ,NSE_EQ|INE323C01030,INDIAN HUME PIPE CO. LTD.,1530,INDIAN HUME PIPE CO. LTD.,INDIANHUME
NSE_EQ,NSE_EQ|INE922K01024,INDIA SHELTER FIN CORP L,20556,INDIA SHELTER FIN CORP L,INDIASHLTR
NSE_EQ,NSE_EQ|INE0PS301014,INDIFRA LIMITED,21058,INDIFRA LIMITED,INDIFRA
NSE_EQ,NSE_EQ|INE646L01027,INTERGLOBE AVIATION LTD,11195,INTERGLOBE AVIATION LTD,INDIGO
NSE_EQ,NSE_EQ|INE09VQ01012,INDIGO PAINTS LIMITED,2048,INDIGO PAINTS LIMITED,INDIGOPNTS
NSE_EQ,NSE_EQ|INE219X23014,INDIGRID INFRASTRUCT TRST,20988,INDIGRID INFRASTRUCT TRST,INDIGRID
NSE_EQ,NSE_EQ|INE092B01025,INDIA NIPPON ELECT  LTD,4747,INDIA NIPPON ELECT  LTD,INDNIPPON
NSE_EQ,NSE_EQ|INE760F01028,INDO AMINES LIMITED,9116,INDO AMINES LIMITED,INDOAMIN
NSE_EQ,NSE_EQ|INE803D01021,INDO BORAX & CHEMICAL LTD,8614,INDO BORAX & CHEMICAL LTD,INDOBORAX
NSE_EQ,NSE_EQ|INE873D01024,INDOCO REMEDIES LTD.,11677,INDOCO REMEDIES LTD.,INDOCO
NSE_EQ,NSE_EQ|INE622H01018,INDO FARM EQUIPMENT LTD,29027,INDO FARM EQUIPMENT LTD,INDOFARM
NSE_EQ,NSE_EQ|INE156A01020,INDO RAMA SYNTHETICS LTD,10993,INDO RAMA SYNTHETICS LTD,INDORAMA
NSE_EQ,NSE_EQ|INE896L01010,INDOSTAR CAPITAL FIN LTD,3088,INDOSTAR CAPITAL FIN LTD,INDOSTAR
NSE_EQ,NSE_EQ|INE332H01014,INDO TECH TRANSFORM LTD.,13275,INDO TECH TRANSFORM LTD.,INDOTECH
NSE_EQ,NSE_EQ|INE337M01013,INDO THAI SEC LTD,25612,INDO THAI SEC LTD,INDOTHAI
NSE_EQ,NSE_EQ|INE250Z01010,INDO US BIOTECH LTD,25503,INDO US BIOTECH LTD,INDOUS
NSE_EQ,NSE_EQ|INE227G01018,INDOWIND ENERGY LTD,14952,INDOWIND ENERGY LTD,INDOWIND
NSE_EQ,NSE_EQ|INE681B01017,INDRAPRASTHA MEDICAL CORP,4751,INDRAPRASTHA MEDICAL CORP,INDRAMEDCO
NSE_EQ,NSE_EQ|INE915B01019,IND SWIFT LABORATORIES LT,4870,IND SWIFT LABORATORIES LT,INDSWFTLAB
NSE_EQ,NSE_EQ|INE788B01028,IND-SWIFT LIMITED,11602,IND-SWIFT LIMITED,INDSWFTLTD
NSE_EQ,NSE_EQ|INE611L01021,IND TERRAIN FASHIONS LTD,21957,IND TERRAIN FASHIONS LTD,INDTERRAIN
NSE_EQ,NSE_EQ|INE095A01012,INDUSIND BANK LIMITED,5258,INDUSIND BANK LIMITED,INDUSINDBK
NSE_EQ,NSE_EQ|INE0NHL23019,INDUS INFRA TRUST,23036,INDUS INFRA TRUST,INDUSINVIT
NSE_EQ,NSE_EQ|INE121J01017,INDUS TOWERS LIMITED,29135,INDUS TOWERS LIMITED,INDUSTOWER
NSE_EQ,NSE_EQ|INE483S01020,INFIBEAM AVENUES LIMITED,16249,INFIBEAM AVENUES LIMITED,INFIBEAM
NSE_EQ,NSE_EQ|INE0MRE01011,INFINIUM PHARMACHEM LTD,15036,INFINIUM PHARMACHEM LTD,INFINIUM
NSE_EQ,NSE_EQ|INE344S01016,INFOBEANS TECHNO. LTD.,11027,INFOBEANS TECHNO. LTD.,INFOBEAN
NSE_EQ,NSE_EQ|INE0NNZ01013,INFOLLION RESEARCH SER L,16588,INFOLLION RESEARCH SER L,INFOLLION
NSE_EQ,NSE_EQ|INE669A01022,INFOMEDIA PRESS LIMITED,13694,INFOMEDIA PRESS LIMITED,INFOMEDIA
NSE_EQ,NSE_EQ|INF732E01268,NIP IND ETF INFRA BEES,20072,NIP IND ETF INFRA BEES,INFRABEES
NSE_EQ,NSE_EQ|INF109KC16E5,ICICIPRAMC - ICICIINFRA,10723,ICICIPRAMC - ICICIINFRA,INFRAIETF
NSE_EQ,NSE_EQ|INE009A01021,INFOSYS LIMITED,1594,INFOSYS LIMITED,INFY
NSE_EQ,NSE_EQ|INE177A01018,INGERSOLL-RAND INDIA LTD,1597,INGERSOLL-RAND INDIA LTD,INGERRAND
NSE_EQ,NSE_EQ|INE0OPC01015,INTERIORS & MORE LIMITED,22773,INTERIORS & MORE LIMITED,INM
NSE_EQ,NSE_EQ|INE0S1D01010,INNOMET ADVANCED MATERI L,25323,INNOMET ADVANCED MATERI L,INNOMET
NSE_EQ,NSE_EQ|INE0DUT01020,INNOVA CAPTAB LIMITED,21062,INNOVA CAPTAB LIMITED,INNOVACAP
NSE_EQ,NSE_EQ|INE403Y01018,INNOVANA THINKLABS LTD,27754,INNOVANA THINKLABS LTD,INNOVANA
NSE_EQ,NSE_EQ|INE510W01014,INOX GREEN ENERGY SER LTD,12188,INOX GREEN ENERGY SER LTD,INOXGREEN
NSE_EQ,NSE_EQ|INE616N01034,INOX INDIA LIMITED,20607,INOX INDIA LIMITED,INOXINDIA
NSE_EQ,NSE_EQ|INE066P01011,INOX WIND LIMITED,7852,INOX WIND LIMITED,INOXWIND
NSE_EQ,NSE_EQ|INE070I01018,INSECTICIDES (I) LTD,14657,INSECTICIDES (I) LTD,INSECTICID
NSE_EQ,NSE_EQ|INE0NDX01019,INSPIRE FILMS LIMITED,19154,INSPIRE FILMS LIMITED,INSPIRE
NSE_EQ,NSE_EQ|INE020G01017,INSPIRISYS SOLUTIONS LTD,13730,INSPIRISYS SOLUTIONS LTD,INSPIRISYS
NSE_EQ,NSE_EQ|INE0YSH01017,INTEGRITY INFRABUILD DE L,757902,INTEGRITY INFRABUILD DE L,INTEGRITY
NSE_EQ,NSE_EQ|INE306R01017,INTELLECT DESIGN ARENA,5926,INTELLECT DESIGN ARENA,INTELLECT
NSE_EQ,NSE_EQ|INE781A01025,INTENSE TECHNOLOGIES LTD,20071,INTENSE TECHNOLOGIES LTD,INTENTECH
NSE_EQ,NSE_EQ|INE00M901018,INTERARCH BLDNG SOLTN LTD,24909,INTERARCH BLDNG SOLTN LTD,INTERARCH
NSE_EQ,NSE_EQ|INE790Z23019,INTERISE TRUST,2892,INTERISE TRUST,INTERISE
NSE_EQ,NSE_EQ|INE575C01027,INTL CONVEYORS LIMITED,5606,INTL CONVEYORS LIMITED,INTLCONV
NSE_EQ,NSE_EQ|INE878H01024,INVENTURE GRO & SEC LTD,24870,INVENTURE GRO & SEC LTD,INVENTURE
NSE_EQ,NSE_EQ|INE565A01014,INDIAN OVERSEAS BANK,9348,INDIAN OVERSEAS BANK,IOB
NSE_EQ,NSE_EQ|INE242A01010,INDIAN OIL CORP LTD,1624,INDIAN OIL CORP LTD,IOC
NSE_EQ,NSE_EQ|INE485C01029,IOL CHEM AND PHARMA LTD,20413,IOL CHEM AND PHARMA LTD,IOLCP
NSE_EQ,NSE_EQ|INE570A01022,ION EXCHANGE (INDIA) LTD,1630,ION EXCHANGE (INDIA) LTD,IONEXCHANG
NSE_EQ,NSE_EQ|INE571A01038,IPCA LABORATORIES LTD,1633,IPCA LABORATORIES LTD,IPCALAB
NSE_EQ,NSE_EQ|INE0DHF01018,INDIAN PHOSPHATE LIMITED,25036,INDIAN PHOSPHATE LIMITED,IPHL
NSE_EQ,NSE_EQ|INE0D6701023,INDIA PESTICIDES LIMITED,4934,INDIA PESTICIDES LIMITED,IPL
NSE_EQ,NSE_EQ|INE02EE01019,INTEGRATED PERSO SER LTD,11903,INTEGRATED PERSO SER LTD,IPSL
NSE_EQ,NSE_EQ|INE821I01022,IRB INFRA DEV LTD.,15313,IRB INFRA DEV LTD.,IRB
NSE_EQ,NSE_EQ|INE183W23014,IRB INVIT FUND,20817,IRB INVIT FUND,IRBINVIT
NSE_EQ,NSE_EQ|INE0C8K23012,IRB INFRASTRUCTURE TRUST,14806,IRB INFRASTRUCTURE TRUST,IRBIT
NSE_EQ,NSE_EQ|INE962Y01021,IRCON INTERNATIONAL LTD,4986,IRCON INTERNATIONAL LTD,IRCON
NSE_EQ,NSE_EQ|INE335Y01020,INDIAN RAIL TOUR CORP LTD,13611,INDIAN RAIL TOUR CORP LTD,IRCTC
NSE_EQ,NSE_EQ|INE202E01016,INDIAN RENEWABLE ENERGY,20261,INDIAN RENEWABLE ENERGY,IREDA
NSE_EQ,NSE_EQ|INE053F01010,INDIAN RAILWAY FIN CORP L,2029,INDIAN RAILWAY FIN CORP L,IRFC
NSE_EQ,NSE_EQ|INE864K01010,IRIS BUSINESS SERV LTD,6501,IRIS BUSINESS SERV LTD,IRIS
NSE_EQ,NSE_EQ|INE01GN01025,IRIS CLOTHINGS LIMITED,2275,IRIS CLOTHINGS LIMITED,IRISDOREME
NSE_EQ,NSE_EQ|INE07U701015,IRM ENERGY LIMITED,19597,IRM ENERGY LIMITED,IRMENERGY
NSE_EQ,NSE_EQ|INE566K01011,INTRASOFT TECH. LTD,18479,INTRASOFT TECH. LTD,ISFT
NSE_EQ,NSE_EQ|INE858B01029,ISGEC HEAVY ENG LTD,3329,ISGEC HEAVY ENG LTD,ISGEC
NSE_EQ,NSE_EQ|INE0LCW01025,ISHAN INTERNATIONAL LTD,11013,ISHAN INTERNATIONAL LTD,ISHAN
NSE_EQ,NSE_EQ|INE561M01018,ISHAN DYES N CHEMICALS L,30249,ISHAN DYES N CHEMICALS L,ISHANCH
NSE_EQ,NSE_EQ|INF174KA1GC5,KOTAKMAMC - KOTAKIT,2627,KOTAKMAMC - KOTAKIT,IT
NSE_EQ,NSE_EQ|INE0R7R01018,ITALIAN EDIBLES LIMITED,22645,ITALIAN EDIBLES LIMITED,ITALIANE
NSE_EQ,NSE_EQ|INF204KB15V2,NIP IND ETF IT,19084,NIP IND ETF IT,ITBEES
NSE_EQ,NSE_EQ|INE154A01025,ITC LTD,1660,ITC LTD,ITC
NSE_EQ,NSE_EQ|INE379A01028,ITC HOTELS LIMITED,29251,ITC HOTELS LIMITED,ITCHOTELS
NSE_EQ,NSE_EQ|INE353K01014,INDIA TOUR. DEV. CO. LTD.,19299,INDIA TOUR. DEV. CO. LTD.,ITDC
NSE_EQ,NSE_EQ|INE686A01026,ITD CEMENTATION INDIA LTD,5622,ITD CEMENTATION INDIA LTD,ITDCEM
NSE_EQ,NSE_EQ|INF769K01KV5,MIRAEAMC - ITETF,19633,MIRAEAMC - ITETF,ITETF
NSE_EQ,NSE_EQ|INF740KA1SX1,DSPAMC - DSPITETF,17207,DSPAMC - DSPITETF,ITETFADD
NSE_EQ,NSE_EQ|INE248A01017,ITI LTD,1675,ITI LTD,ITI
NSE_EQ,NSE_EQ|INF109KC16I6,ICICIPRAMC - ICICITECH,22365,ICICIPRAMC - ICICITECH,ITIETF
NSE_EQ,NSE_EQ|INE070Y01023,INNOVATIVE TYRE & TUBE LT,27266,INNOVATIVE TYRE & TUBE LT,ITTL
NSE_EQ,NSE_EQ|INE050B01023,IL&FS INVESTMENT MANAGERS,6711,IL&FS INVESTMENT MANAGERS,IVC
NSE_EQ,NSE_EQ|INE043C01018,IVP LTD,1681,IVP LTD,IVP
NSE_EQ,NSE_EQ|INF205K01361,INVESCO INDIA GOLD ETF,18292,INVESCO INDIA GOLD ETF,IVZINGOLD
NSE_EQ,NSE_EQ|INF205K01DA9,INVESCO INDIA NIFTY ETF,24217,INVESCO INDIA NIFTY ETF,IVZINNIFTY
NSE_EQ,NSE_EQ|INE1AII01014,IWARE SUPPLYCHAIN SER LTD,757641,IWARE SUPPLYCHAIN SER LTD,IWARE
NSE_EQ,NSE_EQ|INE0FLR01028,INOX WIND ENERGY LIMITED,3776,INOX WIND ENERGY LIMITED,IWEL
NSE_EQ,NSE_EQ|INE0HV901016,LE TRAVENUES TECHNOLOGY L,24067,LE TRAVENUES TECHNOLOGY L,IXIGO
NSE_EQ,NSE_EQ|INE848A01014,IZMO LIMITED,14178,IZMO LIMITED,IZMO
NSE_EQ,NSE_EQ|INE168A01041,J & K BANK LTD.,5633,J & K BANK LTD.,J&KBANK
NSE_EQ,NSE_EQ|INE199G01027,JAGRAN PRAKASHAN LIMITED,13211,JAGRAN PRAKASHAN LIMITED,JAGRAN
NSE_EQ,NSE_EQ|INE048B01035,JAGSONPAL PHARMACEUTICALS,4410,JAGSONPAL PHARMACEUTICALS,JAGSNPHARM
NSE_EQ,NSE_EQ|INE091G01026,JAI BALAJI INDUSTRIES LTD,11256,JAI BALAJI INDUSTRIES LTD,JAIBALAJI
NSE_EQ,NSE_EQ|INE070D01027,JAI CORP LIMITED,5143,JAI CORP LIMITED,JAICORPLTD
NSE_EQ,NSE_EQ|INE02KC01010,JAINAM FER ALLOYS (I) LTD,6012,JAINAM FER ALLOYS (I) LTD,JAINAM
NSE_EQ,NSE_EQ|INE696V01013,NANDANI CREATION LIMITED,5516,NANDANI CREATION LIMITED,JAIPURKURT
NSE_EQ,NSE_EQ|INE00N401018,JAKHARIA FABRIC LIMITED,3950,JAKHARIA FABRIC LIMITED,JAKHARIA
NSE_EQ,NSE_EQ|INE349X01015,JALAN TRANSOLU. INDIA LTD,20930,JALAN TRANSOLU. INDIA LTD,JALAN
NSE_EQ,NSE_EQ|INE039C01032,JAMNA AUTO IND LTD,20778,JAMNA AUTO IND LTD,JAMNAAUTO
NSE_EQ,NSE_EQ|INE039O01029,JASH ENGINEERING LIMITED,13982,JASH ENGINEERING LIMITED,JASH
NSE_EQ,NSE_EQ|INE785A01026,JAYANT AGRO ORGANICS LTD,4041,JAYANT AGRO ORGANICS LTD,JAYAGROGN
NSE_EQ,NSE_EQ|INE571B01036,JAY BHARAT MARUTI LTD,1708,JAY BHARAT MARUTI LTD,JAYBARMARU
NSE_EQ,NSE_EQ|INE0SMY01017,JAY BEE LAMINATIONS LTD,25037,JAY BEE LAMINATIONS LTD,JAYBEE
NSE_EQ,NSE_EQ|INE854B01010,JAYASWAL NECO INDUSTR LTD,2331,JAYASWAL NECO INDUSTR LTD,JAYNECOIND
NSE_EQ,NSE_EQ|INE364A01020,JAYSHREE TEA & INDUSTRIES,1720,JAYSHREE TEA & INDUSTRIES,JAYSREETEA
NSE_EQ,NSE_EQ|INE572A01036,J B CHEMICALS AND PHARMA,1726,J B CHEMICALS AND PHARMA,JBCHEPHARM
NSE_EQ,NSE_EQ|INE927D01051,JBM AUTO LIMITED,11655,JBM AUTO LIMITED,JBMA
NSE_EQ,NSE_EQ|INE782A01015,JOHNSON CONTROLS HITACHI,4491,JOHNSON CONTROLS HITACHI,JCHAC
NSE_EQ,NSE_EQ|INE982V01025,JET FREIGHT LOGISTICS LTD,7211,JET FREIGHT LOGISTICS LTD,JETFREIGHT
NSE_EQ,NSE_EQ|INE564T01017,JET KNITWEARS LTD.,18700,JET KNITWEARS LTD.,JETKNIT
NSE_EQ,NSE_EQ|INE0RXB01022,JEYYAM GLOBAL FOODS LTD,25147,JEYYAM GLOBAL FOODS LTD,JEYYAM
NSE_EQ,NSE_EQ|INE0LA901015,JFL LIFE SCIENCES LIMITED,10885,JFL LIFE SCIENCES LIMITED,JFLLIFE
NSE_EQ,NSE_EQ|INE0MB501011,J.G.CHEMICALS LIMITED,23056,J.G.CHEMICALS LIMITED,JGCHEM
NSE_EQ,NSE_EQ|INE544H01014,JHS SVEND. LAB. LTD,13723,JHS SVEND. LAB. LTD,JHS
NSE_EQ,NSE_EQ|INE796G01012,JINDAL PHOTO LIMITED,11744,JINDAL PHOTO LIMITED,JINDALPHOT
NSE_EQ,NSE_EQ|INE197D01010,JINDAL POLY FILMS LIMITED,1756,JINDAL POLY FILMS LIMITED,JINDALPOLY
NSE_EQ,NSE_EQ|INE324A01032,JINDAL SAW LIMITED,3024,JINDAL SAW LIMITED,JINDALSAW
NSE_EQ,NSE_EQ|INE749A01030,JINDAL STEEL & POWER LTD,6733,JINDAL STEEL & POWER LTD,JINDALSTEL
NSE_EQ,NSE_EQ|INE742C01031,JINDAL DRILLING IND. LTD,13875,JINDAL DRILLING IND. LTD,JINDRILL
NSE_EQ,NSE_EQ|INE247D01039,JINDAL WORLDWIDE LTD,20642,JINDAL WORLDWIDE LTD,JINDWORLD
NSE_EQ,NSE_EQ|INE758E01017,JIO FIN SERVICES LTD,18143,JIO FIN SERVICES LTD,JIOFIN
NSE_EQ,NSE_EQ|IN9175A01010,JAIN DVR EQUITY SHARES,25684,JAIN DVR EQUITY SHARES,JISLDVREQS
NSE_EQ,NSE_EQ|INE175A01038,JAIN IRRIGATION SYSTEMS,10397,JAIN IRRIGATION SYSTEMS,JISLJALEQS
NSE_EQ,NSE_EQ|INE863T01013,JITF INFRALOGISTICS LTD,19695,JITF INFRALOGISTICS LTD,JITFINFRA
NSE_EQ,NSE_EQ|INE0N5H01017,JIWANRAM SHEODUTTRA IND L,18565,JIWANRAM SHEODUTTRA IND L,JIWANRAM
NSE_EQ,NSE_EQ|INE823G01014,JK CEMENT LIMITED,13270,JK CEMENT LIMITED,JKCEMENT
NSE_EQ,NSE_EQ|INE576I01022,JKUMAR INFR.LTD.,15266,JKUMAR INFR.LTD.,JKIL
NSE_EQ,NSE_EQ|INE786A01032,JK LAKSHMI CEMENT LTD,13491,JK LAKSHMI CEMENT LTD,JKLAKSHMI
NSE_EQ,NSE_EQ|INE789E01012,JK PAPER LIMITED,11860,JK PAPER LIMITED,JKPAPER
NSE_EQ,NSE_EQ|INE573A01042,JK TYRE & INDUSTRIES LTD,14435,JK TYRE & INDUSTRIES LTD,JKTYRE
NSE_EQ,NSE_EQ|INE682M01012,JUPITER LIFE LINE HOSP L,18553,JUPITER LIFE LINE HOSP L,JLHL
NSE_EQ,NSE_EQ|INE412C01023,JULLUNDUR MOT AGENCY LTD,7109,JULLUNDUR MOT AGENCY LTD,JMA
NSE_EQ,NSE_EQ|INE780C01023,JM FINANCIAL LIMITED,13637,JM FINANCIAL LIMITED,JMFINANCIL
NSE_EQ,NSE_EQ|INE0OAF01028,JNK INDIA LIMITED,23621,JNK INDIA LIMITED,JNKINDIA
NSE_EQ,NSE_EQ|INE839G01010,JOCIL LIMITED,16927,JOCIL LIMITED,JOCIL
NSE_EQ,NSE_EQ|INE455F01025,JAIPRAKASH ASSOCIATES LTD,11461,JAIPRAKASH ASSOCIATES LTD,JPASSOCIAT
NSE_EQ,NSE_EQ|INE147P01019,JIND POL INV & FIN CO LTD,31507,JIND POL INV & FIN CO LTD,JPOLYINVST
NSE_EQ,NSE_EQ|INE351F01018,JAIPRAKASH POWER VEN. LTD,11763,JAIPRAKASH POWER VEN. LTD,JPPOWER
NSE_EQ,NSE_EQ|INE953L01027,JANA SMALL FIN BANK LTD,22663,JANA SMALL FIN BANK LTD,JSFB
NSE_EQ,NSE_EQ|INE220G01021,JINDAL STAINLESS LIMITED,11236,JINDAL STAINLESS LIMITED,JSL
NSE_EQ,NSE_EQ|INE0J5801029,JEENA SIKHO LIFECARE LTD,9038,JEENA SIKHO LIFECARE LTD,JSLL
NSE_EQ,NSE_EQ|INE121E01018,JSW ENERGY LIMITED,17869,JSW ENERGY LIMITED,JSWENERGY
NSE_EQ,NSE_EQ|INE824G01012,JSW HOLDINGS LIMITED,11883,JSW HOLDINGS LIMITED,JSWHL
NSE_EQ,NSE_EQ|INE880J01026,JSW INFRASTRUCTURE LTD,19020,JSW INFRASTRUCTURE LTD,JSWINFRA
NSE_EQ,NSE_EQ|INE019A01038,JSW STEEL LIMITED,11723,JSW STEEL LIMITED,JSWSTEEL
NSE_EQ,NSE_EQ|INE643A01035,JTEKT INDIA LIMITED,3237,JTEKT INDIA LIMITED,JTEKTINDIA
NSE_EQ,NSE_EQ|INE391J01032,JTL INDUSTRIES LIMITED,7287,JTL INDUSTRIES LIMITED,JTLIND
NSE_EQ,NSE_EQ|INE03CC01015,JUBILANT AGRI N CON PRO L,29590,JUBILANT AGRI N CON PRO L,JUBLCPL
NSE_EQ,NSE_EQ|INE797F01020,JUBILANT FOODWORKS LTD,18096,JUBILANT FOODWORKS LTD,JUBLFOOD
NSE_EQ,NSE_EQ|INE0BY001018,JUBILANT INGREVIA LIMITED,2783,JUBILANT INGREVIA LIMITED,JUBLINGREA
NSE_EQ,NSE_EQ|INE700A01033,JUBILANT PHARMOVA LTD,3637,JUBILANT PHARMOVA LTD,JUBLPHARMA
NSE_EQ,NSE_EQ|INF732E01045,NIP IND ETF JUNIOR BEES,10939,NIP IND ETF JUNIOR BEES,JUNIORBEES
NSE_EQ,NSE_EQ|INE696F01016,JUNIPER HOTELS LIMITED,22824,JUNIPER HOTELS LIMITED,JUNIPER
NSE_EQ,NSE_EQ|INE599M01018,JUSTDIAL LTD.,29962,JUSTDIAL LTD.,JUSTDIAL
NSE_EQ,NSE_EQ|INE209L01016,JUPITER WAGONS LIMITED,20224,JUPITER WAGONS LIMITED,JWL
NSE_EQ,NSE_EQ|INE668F01031,JYOTHY LABS LIMITED,15146,JYOTHY LABS LIMITED,JYOTHYLAB
NSE_EQ,NSE_EQ|INE980O01024,JYOTI CNC AUTOMATION LTD,21334,JYOTI CNC AUTOMATION LTD,JYOTICNC
NSE_EQ,NSE_EQ|INE197A01024,JYOTI STRUCTURES LTD,1802,JYOTI STRUCTURES LTD,JYOTISTRUC
NSE_EQ,NSE_EQ|INE0DEZ01013,K2 INFRAGEN LIMITED,23462,K2 INFRAGEN LIMITED,K2INFRA
NSE_EQ,NSE_EQ|INE900B01029,KABRAEXTRUSION,8784,KABRAEXTRUSION,KABRAEXTRU
NSE_EQ,NSE_EQ|INE217B01036,KAJARIA CERAMICS LTD,1808,KAJARIA CERAMICS LTD,KAJARIACER
NSE_EQ,NSE_EQ|INE437B01014,KAKATIYA CEM SUGAR &IND L,1811,KAKATIYA CEM SUGAR &IND L,KAKATCEM
NSE_EQ,NSE_EQ|INE438K01021,SAI SILKS (KALAMANDIR) L,18755,SAI SILKS (KALAMANDIR) L,KALAMANDIR
NSE_EQ,NSE_EQ|INE0T0L01014,KALANA ISPAT LIMITED,25443,KALANA ISPAT LIMITED,KALANA
NSE_EQ,NSE_EQ|INE610E01010,KALYANI COMMERCIALS LTD,19653,KALYANI COMMERCIALS LTD,KALYANI
NSE_EQ,NSE_EQ|INE314G01014,KALYANI FORGE LIMITED,15160,KALYANI FORGE LIMITED,KALYANIFRG
NSE_EQ,NSE_EQ|INE303R01014,KALYAN JEWELLERS IND LTD,2955,KALYAN JEWELLERS IND LTD,KALYANKJIL
NSE_EQ,NSE_EQ|INE967C01018,KAMAT HOTELS (I) LTD,1826,KAMAT HOTELS (I) LTD,KAMATHOTEL
NSE_EQ,NSE_EQ|INE390H01020,KAMDHENU LIMITED,13457,KAMDHENU LIMITED,KAMDHENU
NSE_EQ,NSE_EQ|INE0BTI01037,KAMDHENU VENTURES LIMITED,13817,KAMDHENU VENTURES LIMITED,KAMOPAINTS
NSE_EQ,NSE_EQ|INE879E01037,KANANI INDUSTRIES LTD,25790,KANANI INDUSTRIES LTD,KANANIIND
NSE_EQ,NSE_EQ|INE0MOT01016,KANDARP DG SMART BPO LTD,11211,KANDARP DG SMART BPO LTD,KANDARP
NSE_EQ,NSE_EQ|INE138C01024,KANORIA CHEMICALS & INDUS,1835,KANORIA CHEMICALS & INDUS,KANORICHEM
NSE_EQ,NSE_EQ|INE694E01014,KANPUR PLASTIPACK LIMITED,1788,KANPUR PLASTIPACK LIMITED,KANPRPLA
NSE_EQ,NSE_EQ|INE531A01024,KANSAI NEROLAC PAINTS LTD,1196,KANSAI NEROLAC PAINTS LTD,KANSAINER
NSE_EQ,NSE_EQ|INE542Z01028,KAPSTON SERVICES LIMITED,18967,KAPSTON SERVICES LIMITED,KAPSTON
NSE_EQ,NSE_EQ|INE725L01011,KARMA ENERGY LIMITED,24385,KARMA ENERGY LIMITED,KARMAENG
NSE_EQ,NSE_EQ|INE0MGA01012,KARNIKA INDUSTRIES LTD,19468,KARNIKA INDUSTRIES LTD,KARNIKA
NSE_EQ,NSE_EQ|INE036D01028,KARUR VYSYA BANK LTD,1838,KARUR VYSYA BANK LTD,KARURVYSYA
NSE_EQ,NSE_EQ|INE0SVY01018,KATARIA INDUSTRIES LTD,24528,KATARIA INDUSTRIES LTD,KATARIA
NSE_EQ,NSE_EQ|INE234I01028,KAUSHALYA INFRA DEV LTD.,15136,KAUSHALYA INFRA DEV LTD.,KAUSHALYA
NSE_EQ,NSE_EQ|INE641C01019,KAVVERI TEL. LTD.,15248,KAVVERI TEL. LTD.,KAVVERITEL
NSE_EQ,NSE_EQ|INE587G01015,KAYA LIMITED,10282,KAYA LIMITED,KAYA
NSE_EQ,NSE_EQ|INE918Z01012,KAYNES TECHNOLOGY IND LTD,12092,KAYNES TECHNOLOGY IND LTD,KAYNES
NSE_EQ,NSE_EQ|INE278R01034,KBC GLOBAL LIMITED,2354,KBC GLOBAL LIMITED,KBCGLOBAL
NSE_EQ,NSE_EQ|INE0RCG01017,KAY CEE ENERGY & INFRA L,21185,KAY CEE ENERGY & INFRA L,KCEIL
NSE_EQ,NSE_EQ|INE0J1E01027,KCK INDUSTRIES LTD,10293,KCK INDUSTRIES LTD,KCK
NSE_EQ,NSE_EQ|INE805C01028,KCP LTD,1841,KCP LTD,KCP
NSE_EQ,NSE_EQ|INE790B01024,KCP SUGAR IND CORP LTD.,4809,KCP SUGAR IND CORP LTD.,KCPSUGIND
NSE_EQ,NSE_EQ|INE291D01011,KDDL LIMITED,14908,KDDL LIMITED,KDDL
NSE_EQ,NSE_EQ|INE0O4R01018,KORE DIGITAL LIMITED,16758,KORE DIGITAL LIMITED,KDL
NSE_EQ,NSE_EQ|INE389H01022,KEC INTL. LIMITED,13260,KEC INTL. LIMITED,KEC
NSE_EQ,NSE_EQ|INE134B01017,KIRLOSKAR ELECTRIC CO LTD,18220,KIRLOSKAR ELECTRIC CO LTD,KECL
NSE_EQ,NSE_EQ|INE055C01020,DSJ KEEP LEARNING LTD,8880,DSJ KEEP LEARNING LTD,KEEPLEARN
NSE_EQ,NSE_EQ|INE878B01027,KEI INDUSTRIES LTD.,13310,KEI INDUSTRIES LTD.,KEI
NSE_EQ,NSE_EQ|INE0OWX01025,KUNDAN EDIFICE LIMITED,18708,KUNDAN EDIFICE LIMITED,KEL
NSE_EQ,NSE_EQ|INE164B01022,KELLTON TECH SOL LTD,13430,KELLTON TECH SOL LTD,KELLTONTEC
NSE_EQ,NSE_EQ|INE15DO01012,KEN ENTERPRISES LIMITED,29550,KEN ENTERPRISES LIMITED,KEN
NSE_EQ,NSE_EQ|INE202H01019,KERNEX MICROSYS(I) LTD,13121,KERNEX MICROSYS(I) LTD,KERNEX
NSE_EQ,NSE_EQ|INE087A01019,KESORAM INDUSTRIES LTD,4981,KESORAM INDUSTRIES LTD,KESORAMIND
NSE_EQ,NSE_EQ|INE681C01015,KEYNOTE FIN SERV LTD.,9505,KEYNOTE FIN SERV LTD.,KEYFINSERV
NSE_EQ,NSE_EQ|INE138Y01010,KFIN TECHNOLOGIES LIMITED,13359,KFIN TECHNOLOGIES LIMITED,KFINTECH
NSE_EQ,NSE_EQ|INE834I01025,KHADIM INDIA LIMITED,433,KHADIM INDIA LIMITED,KHADIM
NSE_EQ,NSE_EQ|INE745B01028,KHAITAN CHEM & FERT LTD,902,KHAITAN CHEM & FERT LTD,KHAICHEM
NSE_EQ,NSE_EQ|INE731C01018,KHAITAN (INDIA)LTD.,9582,KHAITAN (INDIA)LTD.,KHAITANLTD
NSE_EQ,NSE_EQ|INE060B01014,KHANDWALA SECURITIES LTD,9641,KHANDWALA SECURITIES LTD,KHANDSE
NSE_EQ,NSE_EQ|INE00UG01014,KHFM HOS FAC MANA SER LTD,9570,KHFM HOS FAC MANA SER LTD,KHFM
NSE_EQ,NSE_EQ|INE029L01018,KALYANI INVEST CO LTD,21119,KALYANI INVEST CO LTD,KICL
NSE_EQ,NSE_EQ|INE729D01010,KILITCH DRUGS INDIA LTD,19941,KILITCH DRUGS INDIA LTD,KILITCH
NSE_EQ,NSE_EQ|INE967H01025,KRISHNA INST OF MED SCI L,4847,KRISHNA INST OF MED SCI L,KIMS
NSE_EQ,NSE_EQ|INE473D01015,KINGFA SCI & TEC IND LTD.,18944,KINGFA SCI & TEC IND LTD.,KINGFA
NSE_EQ,NSE_EQ|INE880L01014,KIOCL LIMITED,19126,KIOCL LIMITED,KIOCL
NSE_EQ,NSE_EQ|INE415I01015,KIRI INDUSTRIES LIMITED,16639,KIRI INDUSTRIES LIMITED,KIRIINDUS
NSE_EQ,NSE_EQ|INE732A01036,KIRLOSKAR BROTHERS LTD,18581,KIRLOSKAR BROTHERS LTD,KIRLOSBROS
NSE_EQ,NSE_EQ|INE146L01010,KIRLOSKAR OIL ENG LTD,20936,KIRLOSKAR OIL ENG LTD,KIRLOSENG
NSE_EQ,NSE_EQ|INE250A01039,KIRLOSKAR INDUSTRIES LTD,19025,KIRLOSKAR INDUSTRIES LTD,KIRLOSIND
NSE_EQ,NSE_EQ|INE811A01020,KIRLOSKAR PNEUMATIC COM L,15180,KIRLOSKAR PNEUMATIC COM L,KIRLPNU
NSE_EQ,NSE_EQ|INE602G01020,KITEX GARMENTS LTD,28903,KITEX GARMENTS LTD,KITEX
NSE_EQ,NSE_EQ|INE401H01017,KEWAL KIRAN CLOTHING LTD,13381,KEWAL KIRAN CLOTHING LTD,KKCL
NSE_EQ,NSE_EQ|INE0XOW01017,KABRA JEWELS LIMITED,29195,KABRA JEWELS LIMITED,KKJEWELS
NSE_EQ,NSE_EQ|INE239T01016,KKV AGRO POWERS LTD.,17781,KKV AGRO POWERS LTD.,KKVAPOW
NSE_EQ,NSE_EQ|INE0Q2V01012,KAUSHALYA LOGISTICS LTD,21186,KAUSHALYA LOGISTICS LTD,KLL
NSE_EQ,NSE_EQ|INE0CJD01011,KNOWLEDGE MARINE & EN W L,27084,KNOWLEDGE MARINE & EN W L,KMEW
NSE_EQ,NSE_EQ|INE157H01023,K M SUGAR MILLS LTD,14667,K M SUGAR MILLS LTD,KMSUGAR
NSE_EQ,NSE_EQ|INE0KNW01016,KN AGRI RESOURCES LIMITED,8602,KN AGRI RESOURCES LIMITED,KNAGRI
NSE_EQ,NSE_EQ|INE634I01029,KNR CONSTRU LTD.,15283,KNR CONSTRU LTD.,KNRCON
NSE_EQ,NSE_EQ|INE0Q7P01013,KODY TECHNOLAB LIMITED,18754,KODY TECHNOLAB LIMITED,KODYTECH
NSE_EQ,NSE_EQ|INE080B01012,KOHINOOR FOODS LIMITED,3009,KOHINOOR FOODS LIMITED,KOHINOOR
NSE_EQ,NSE_EQ|INE760A01029,KOKUYO CAMLIN LIMITED,16827,KOKUYO CAMLIN LIMITED,KOKUYOCMLN
NSE_EQ,NSE_EQ|INE094I01018,KOLTE PATIL DEV. LTD.,15124,KOLTE PATIL DEV. LTD.,KOLTEPATIL
NSE_EQ,NSE_EQ|INE0QEI01011,KONSTELEC ENGINEERS LTD,22475,KONSTELEC ENGINEERS LTD,KONSTELEC
NSE_EQ,NSE_EQ|INE0KZ301010,KONTOR SPACE LIMITED,19294,KONTOR SPACE LIMITED,KONTOR
NSE_EQ,NSE_EQ|INE082A01010,KOPRAN LTD,1919,KOPRAN LTD,KOPRAN
NSE_EQ,NSE_EQ|INE0J6801010,JAY JALARAM TECHNO LTD,10892,JAY JALARAM TECHNO LTD,KORE
NSE_EQ,NSE_EQ|INE237A01028,KOTAK MAHINDRA BANK LTD,1922,KOTAK MAHINDRA BANK LTD,KOTAKBANK
NSE_EQ,NSE_EQ|INE419A01022,KOTHARI SUG & CHEM LTD.,11647,KOTHARI SUG & CHEM LTD.,KOTARISUG
NSE_EQ,NSE_EQ|INE720A01015,KOTHARI PETROCHEM LTD,4594,KOTHARI PETROCHEM LTD,KOTHARIPET
NSE_EQ,NSE_EQ|INE823A01017,KOTHARI PRODUCTS LTD,5528,KOTHARI PRODUCTS LTD,KOTHARIPRO
NSE_EQ,NSE_EQ|INE0J0B01017,KOTYARK INDUSTRIES LTD,6444,KOTYARK INDUSTRIES LTD,KOTYARK
NSE_EQ,NSE_EQ|INE127T01021,K.P. ENERGY LIMITED,27079,K.P. ENERGY LIMITED,KPEL
NSE_EQ,NSE_EQ|INE542W01025,KPI GREEN ENERGY LIMITED,5108,KPI GREEN ENERGY LIMITED,KPIGREEN
NSE_EQ,NSE_EQ|INE220B01022,KALPATARU PROJECT INT LTD,1814,KALPATARU PROJECT INT LTD,KPIL
NSE_EQ,NSE_EQ|INE04I401011,KPIT TECHNOLOGIES LIMITED,9683,KPIT TECHNOLOGIES LIMITED,KPITTECH
NSE_EQ,NSE_EQ|INE930H01031,KPR MILL LTD.,14912,KPR MILL LTD.,KPRMILL
NSE_EQ,NSE_EQ|INE001B01026,KRBL LIMITED,10577,KRBL LIMITED,KRBL
NSE_EQ,NSE_EQ|INE268B01013,KREBS BIOCHEMICALS & IND,1937,KREBS BIOCHEMICALS & IND,KREBSBIO
NSE_EQ,NSE_EQ|INE524L01026,KRIDHAN INFRA LIMITED,11488,KRIDHAN INFRA LIMITED,KRIDHANINF
NSE_EQ,NSE_EQ|INE506W01012,KRISHANA PHOSCHEM LIMITED,12847,KRISHANA PHOSCHEM LIMITED,KRISHANA
NSE_EQ,NSE_EQ|INE0NR701018,KRISHCA STRAPPING SLTN L,16133,KRISHCA STRAPPING SLTN L,KRISHCA
NSE_EQ,NSE_EQ|INE0GGO01015,KRISHIVAL FOODS LIMITED,8671,KRISHIVAL FOODS LIMITED,KRISHIVAL
NSE_EQ,NSE_EQ|INE0J5601015,KRISHNA DEF AND ALD IND L,8782,KRISHNA DEF AND ALD IND L,KRISHNADEF
NSE_EQ,NSE_EQ|INE479D01038,KRITI INDUSTRIES IND LTD,6417,KRITI INDUSTRIES IND LTD,KRITI
NSE_EQ,NSE_EQ|INE00Z501029,KRITIKA WIRES LIMITED,9288,KRITIKA WIRES LIMITED,KRITIKA
NSE_EQ,NSE_EQ|INE798K01010,KRITI NUTRIENTS LIMITED,11432,KRITI NUTRIENTS LIMITED,KRITINUT
NSE_EQ,NSE_EQ|INE0Q3J01015,KRN HEAT EXCHANGE N REF L,25643,KRN HEAT EXCHANGE N REF L,KRN
NSE_EQ,NSE_EQ|INE0ATZ01017,KRONOX LAB SCIENCES LTD,24025,KRONOX LAB SCIENCES LTD,KRONOX
NSE_EQ,NSE_EQ|INE0O6601022,KROSS LIMITED,25252,KROSS LIMITED,KROSS
NSE_EQ,NSE_EQ|INE08LI01020,KRSNAA DIAGNOSTICS LTD,5359,KRSNAA DIAGNOSTICS LTD,KRSNAA
NSE_EQ,NSE_EQ|INE0QN801017,KRYSTAL INTEGRATED SER L,23178,KRYSTAL INTEGRATED SER L,KRYSTAL
NSE_EQ,NSE_EQ|INE999A01023,KSB LIMITED,1949,KSB LIMITED,KSB
NSE_EQ,NSE_EQ|INE455I01029,KAVERI SEED CO. LTD.,14972,KAVERI SEED CO. LTD.,KSCL
NSE_EQ,NSE_EQ|INE013801027,KSHITIJ POLYLINE LIMITED,10407,KSHITIJ POLYLINE LIMITED,KSHITIJPOL
NSE_EQ,NSE_EQ|INE907A01026,KALYANI STEELS LIMITED,18889,KALYANI STEELS LIMITED,KSL
NSE_EQ,NSE_EQ|INE0D6I01023,KSOLVES INDIA LIMITED,11060,KSOLVES INDIA LIMITED,KSOLVES
NSE_EQ,NSE_EQ|INE614B01018,KARNATAKA BANK LIMITED,8054,KARNATAKA BANK LIMITED,KTKBANK
NSE_EQ,NSE_EQ|INE02M801018,KALAHRIDHAAN TRENDZ LTD,756146,KALAHRIDHAAN TRENDZ LTD,KTL
NSE_EQ,NSE_EQ|INE529I01021,KUANTUM PAPERS LIMITED,13870,KUANTUM PAPERS LIMITED,KUANTUM
NSE_EQ,NSE_EQ|INE548Z01017,LAGNAM SPINTEX LIMITED,5865,LAGNAM SPINTEX LIMITED,LAGNAM
NSE_EQ,NSE_EQ|INE651C01018,LAKSHMI PRE SCRE LTD,4774,LAKSHMI PRE SCRE LTD,LAKPRE
NSE_EQ,NSE_EQ|INE0VZS01015,LAKSHYA POWERTECH LIMITED,25860,LAKSHYA POWERTECH LIMITED,LAKSHYA
NSE_EQ,NSE_EQ|INE740X01023,LORENZINI APPARELS LTD,14924,LORENZINI APPARELS LTD,LAL
NSE_EQ,NSE_EQ|INE600L01024,DR. LAL PATH LABS LTD.,11654,DR. LAL PATH LABS LTD.,LALPATHLAB
NSE_EQ,NSE_EQ|INE112F01022,LAMBODHARA TEXTILES LTD.,6407,LAMBODHARA TEXTILES LTD.,LAMBODHARA
NSE_EQ,NSE_EQ|INE0R0201012,LAMOSAIC INDIA LIMITED,27225,LAMOSAIC INDIA LIMITED,LAMOSAIC
NSE_EQ,NSE_EQ|INE572G01025,LANCOR HOLDINGS LIMITED,23027,LANCOR HOLDINGS LIMITED,LANCORHOL
NSE_EQ,NSE_EQ|INE559R01029,LANDMARK CARS LIMITED,13276,LANDMARK CARS LIMITED,LANDMARK
NSE_EQ,NSE_EQ|INE059D01020,LA OPALA RG LIMITED,14423,LA OPALA RG LIMITED,LAOPALA
NSE_EQ,NSE_EQ|INE670X01014,LASA SUPERGENERICS LTD,21723,LASA SUPERGENERICS LTD,LASA
NSE_EQ,NSE_EQ|INE0I7C01011,LATENT VIEW ANALYTICS LTD,6818,LATENT VIEW ANALYTICS LTD,LATENTVIEW
NSE_EQ,NSE_EQ|INE262Z01023,LATTEYS INDUSTRIES LTD,15848,LATTEYS INDUSTRIES LTD,LATTEYS
NSE_EQ,NSE_EQ|INE947Q01028,LAURUS LABS LIMITED,19234,LAURUS LABS LIMITED,LAURUSLABS
NSE_EQ,NSE_EQ|INE0RDH01021,ADDICTIVE LEARNING TECH L,22471,ADDICTIVE LEARNING TECH L,LAWSIKHO
NSE_EQ,NSE_EQ|INE801V01019,LAXMI COTSPIN LIMITED,6568,LAXMI COTSPIN LIMITED,LAXMICOT
NSE_EQ,NSE_EQ|INE0WO601020,LAXMI DENTAL LIMITED,29171,LAXMI DENTAL LIMITED,LAXMIDENTL
NSE_EQ,NSE_EQ|INE938A01021,LCC INFOTECH LTD,7537,LCC INFOTECH LTD,LCCINFOTEC
NSE_EQ,NSE_EQ|INE0G1L01017,LE MERITE EXPORTS LIMITED,9377,LE MERITE EXPORTS LIMITED,LEMERITE
NSE_EQ,NSE_EQ|INE970X01018,LEMON TREE HOTELS LTD,2606,LEMON TREE HOTELS LTD,LEMONTREE
NSE_EQ,NSE_EQ|INE500X01013,LEXUS GRANITO (INDIA) LTD,14459,LEXUS GRANITO (INDIA) LTD,LEXUS
NSE_EQ,NSE_EQ|INE850E01012,LAKSHMI FIN IND CORP LTD,7902,LAKSHMI FIN IND CORP LTD,LFIC
NSE_EQ,NSE_EQ|INE337A01034,LG BALAKRISHNAN & BROS,18321,LG BALAKRISHNAN & BROS,LGBBROSLTD
NSE_EQ,NSE_EQ|INE258Y01016,LAXMI GOLDORNA HOUSE LTD,19876,LAXMI GOLDORNA HOUSE LTD,LGHL
NSE_EQ,NSE_EQ|INE908V01012,LIBAS CONSU PRODUCTS LTD,11082,LIBAS CONSU PRODUCTS LTD,LIBAS
NSE_EQ,NSE_EQ|INE557B01019,LIBERTYSHOESLTD,9373,LIBERTYSHOESLTD,LIBERTSHOE
NSE_EQ,NSE_EQ|INE115A01026,LIC HOUSING FINANCE LTD,1997,LIC HOUSING FINANCE LTD,LICHSGFIN
NSE_EQ,NSE_EQ|INE0J1Y01017,LIFE INSURA CORP OF INDIA,9480,LIFE INSURA CORP OF INDIA,LICI
NSE_EQ,NSE_EQ|INF397L01554,LIC MF - LIC GOLD ETF,25640,LIC MF - LIC GOLD ETF,LICMFGOLD
NSE_EQ,NSE_EQ|INF767K01MV5,LICNAMC - LICNMFET,6062,LICNAMC - LICNMFET,LICNETFGSC
NSE_EQ,NSE_EQ|INF767K01OS7,LICNAMC - LICNFENGP,11319,LICNAMC - LICNFENGP,LICNETFN50
NSE_EQ,NSE_EQ|INF767K01OT5,LICNAMC - LICNFESGP,11441,LICNAMC - LICNFESGP,LICNETFSEN
NSE_EQ,NSE_EQ|INF767K01PC8,LICNAMC - LICNFNHGP,15229,LICNAMC - LICNFNHGP,LICNFNHGP
NSE_EQ,NSE_EQ|INF767K01RN1,LICNAMC - LICNMID100,22722,LICNAMC - LICNMID100,LICNMID100
NSE_EQ,NSE_EQ|INE060901027,LIKHITHA INFRASTRUC LTD,578,LIKHITHA INFRASTRUC LTD,LIKHITHA
NSE_EQ,NSE_EQ|INE802B01027,LINC LIMITED,6951,LINC LIMITED,LINC
NSE_EQ,NSE_EQ|INE405C01035,LINCOLN PHARMA LTD,11596,LINCOLN PHARMA LTD,LINCOLN
NSE_EQ,NSE_EQ|INE473A01011,LINDE INDIA LIMITED,1627,LINDE INDIA LIMITED,LINDEINDIA
NSE_EQ,NSE_EQ|INF769K01KS1,MIRAEAMC - LIQUID,17572,MIRAEAMC - LIQUID,LIQUID
NSE_EQ,NSE_EQ|INF174KA1LV5,KOTAKMAMC - KOTAKLIQ,13950,KOTAKMAMC - KOTAKLIQ,LIQUID1
NSE_EQ,NSE_EQ|INF740KA1UM0,DSPAMC - LIQUIDADD,23407,DSPAMC - LIQUIDADD,LIQUIDADD
NSE_EQ,NSE_EQ|INF732E01037,NIP IND ETF LIQUID BEES,11006,NIP IND ETF LIQUID BEES,LIQUIDBEES
NSE_EQ,NSE_EQ|INF0QA701854,BFAM - LIQUIDBETF,23915,BFAM - LIQUIDBETF,LIQUIDBETF
NSE_EQ,NSE_EQ|INF0R8F01034,ZERODHAAMC - LIQUIDCASE,21750,ZERODHAAMC - LIQUIDCASE,LIQUIDCASE
NSE_EQ,NSE_EQ|INF740KA1EU7,DSP LIQUID ETF,1927,DSP LIQUID ETF,LIQUIDETF
NSE_EQ,NSE_EQ|INF109KC1KT9,ICICIPRAMC - ICICILIQ,4838,ICICIPRAMC - ICICILIQ,LIQUIDIETF
NSE_EQ,NSE_EQ|INF769K01MY5,MIRAEAMC - LIQUIDPLUS,27075,MIRAEAMC - LIQUIDPLUS,LIQUIDPLUS
NSE_EQ,NSE_EQ|INF200KA13Z8,SBIAMC - LIQUIDSBI,19705,SBIAMC - LIQUIDSBI,LIQUIDSBI
NSE_EQ,NSE_EQ|INF680P01422,SHRIRAM - LIQUIDSHRI,24374,SHRIRAM - LIQUIDSHRI,LIQUIDSHRI
NSE_EQ,NSE_EQ|INE0DTQ01028,LLOYDS LUXURIES LIMITED,11476,LLOYDS LUXURIES LIMITED,LLOYDS
NSE_EQ,NSE_EQ|INE093R01011,LLOYDS ENGG WORK LIMITED,17801,LLOYDS ENGG WORK LIMITED,LLOYDSENGG
NSE_EQ,NSE_EQ|IN9093R01019,LLOYD RS.0.50 PPD UP,757406,LLOYD RS.0.50 PPD UP,LLOYDSENPP
NSE_EQ,NSE_EQ|INE080I01025,LLOYDS ENTERPRISES LTD,25807,LLOYDS ENTERPRISES LTD,LLOYDSENT
NSE_EQ,NSE_EQ|INE281B01032,LLOYDS METALS N ENERGY L,17313,LLOYDS METALS N ENERGY L,LLOYDSME
NSE_EQ,NSE_EQ|INE269B01029,LMW LIMITED,1979,LMW LIMITED,LMW
NSE_EQ,NSE_EQ|INE670K01029,MACROTECH DEVELOPERS LTD,3220,MACROTECH DEVELOPERS LTD,LODHA
NSE_EQ,NSE_EQ|INE397H01017,LOKESH MACHINES LTD,13439,LOKESH MACHINES LTD,LOKESHMACH
NSE_EQ,NSE_EQ|INE846D01012,LORDS CHLORO ALKALI LTD,18232,LORDS CHLORO ALKALI LTD,LORDSCHLO
NSE_EQ,NSE_EQ|INE947I01017,LOTUS EYE HOSP & INST L,16807,LOTUS EYE HOSP & INST L,LOTUSEYE
NSE_EQ,NSE_EQ|INE597L01014,LOVABLE LINGERIE LTD,22415,LOVABLE LINGERIE LTD,LOVABLE
NSE_EQ,NSE_EQ|INF769K01JU9,MIRAEAMC - MANV30F,14786,MIRAEAMC - MANV30F,LOWVOL
NSE_EQ,NSE_EQ|INF174KA1IY5,KOTAKMAMC - KOTAKLOVOL,8632,KOTAKMAMC - KOTAKLOVOL,LOWVOL1
NSE_EQ,NSE_EQ|INF109KC19U5,ICICI PR NIF LW VL 30 ETF,21254,ICICI PR NIF LW VL 30 ETF,LOWVOLIETF
NSE_EQ,NSE_EQ|INE970D01010,LOYAL TEXTILE MILLS LTD,10605,LOYAL TEXTILE MILLS LTD,LOYALTEX
NSE_EQ,NSE_EQ|INE197J01017,LANDMARK PR.DEV.CO.LTD,16863,LANDMARK PR.DEV.CO.LTD,LPDC
NSE_EQ,NSE_EQ|INE0H4B01011,LEAD REC AND RUB PROD LTD,14211,LEAD REC AND RUB PROD LTD,LRRPL
NSE_EQ,NSE_EQ|INE018A01030,LARSEN & TOUBRO LTD.,11483,LARSEN & TOUBRO LTD.,LT
NSE_EQ,NSE_EQ|INE498L01015,L&T FINANCE LIMITED,24948,L&T FINANCE LIMITED,LTF
NSE_EQ,NSE_EQ|INE818H01020,LT FOODS LIMITED,13816,LT FOODS LIMITED,LTFOODS
NSE_EQ,NSE_EQ|INF204KB1882,NIP IND ETF LONGTERM GILT,17700,NIP IND ETF LONGTERM GILT,LTGILTBEES
NSE_EQ,NSE_EQ|INE214T01019,LTIMINDTREE LIMITED,17818,LTIMINDTREE LIMITED,LTIM
NSE_EQ,NSE_EQ|INE010V01017,L&T TECHNOLOGY SER. LTD.,18564,L&T TECHNOLOGY SER. LTD.,LTTS
NSE_EQ,NSE_EQ|INE162B01018,LUMAX INDUSTRIES LTD,2018,LUMAX INDUSTRIES LTD,LUMAXIND
NSE_EQ,NSE_EQ|INE872H01027,LUMAX AUTO TECH LTD,14014,LUMAX AUTO TECH LTD,LUMAXTECH
NSE_EQ,NSE_EQ|INE326A01037,LUPIN LIMITED,10440,LUPIN LIMITED,LUPIN
NSE_EQ,NSE_EQ|INE150G01020,LUX INDUSTRIES LIMITED,11301,LUX INDUSTRIES LIMITED,LUXIND
NSE_EQ,NSE_EQ|INE576O01020,LAXMI ORGANIC INDUS LTD,2841,LAXMI ORGANIC INDUS LTD,LXCHEM
NSE_EQ,NSE_EQ|INE933A01014,LYKA LABS LTD,2028,LYKA LABS LTD,LYKALABS
NSE_EQ,NSE_EQ|INE142K01011,LYPSA GEMS & JEWEL LTD,31472,LYPSA GEMS & JEWEL LTD,LYPSAGEMS
NSE_EQ,NSE_EQ|INE101A01026,MAHINDRA & MAHINDRA LTD,2031,MAHINDRA & MAHINDRA LTD,M&M
NSE_EQ,NSE_EQ|INE774D01024,M&M FIN. SERVICES LTD,13285,M&M FIN. SERVICES LTD,M&MFIN
NSE_EQ,NSE_EQ|INE215I01027,MAAN ALUMINIUM LIMITED,15017,MAAN ALUMINIUM LIMITED,MAANALU
NSE_EQ,NSE_EQ|INE0R0J01010,MACOBS TECHNOLOGIES LTD,24545,MACOBS TECHNOLOGIES LTD,MACOBSTECH
NSE_EQ,NSE_EQ|INE155Z01011,MACPOWER CNC MACHINES LTD,22349,MACPOWER CNC MACHINES LTD,MACPOWER
NSE_EQ,NSE_EQ|INE925C01016,MADHAV MARBLE & GRANITE,15151,MADHAV MARBLE & GRANITE,MADHAV
NSE_EQ,NSE_EQ|INE0JR301013,VAIDYA SANE AYUR LAB LTD,8262,VAIDYA SANE AYUR LAB LTD,MADHAVBAUG
NSE_EQ,NSE_EQ|INE378D01032,MADHUCON PROJECTS LTD.,13671,MADHUCON PROJECTS LTD.,MADHUCON
NSE_EQ,NSE_EQ|INE0P6701019,MADHUSUDAN MASALA LIMITED,18728,MADHUSUDAN MASALA LIMITED,MADHUSUDAN
NSE_EQ,NSE_EQ|INE414A01015,MADRAS FERTILISERS LTD,4911,MADRAS FERTILISERS LTD,MADRASFERT
NSE_EQ,NSE_EQ|INF769K01HF4,MIRAEAMC - MAFANG,3507,MIRAEAMC - MAFANG,MAFANG
NSE_EQ,NSE_EQ|INE347W01011,MAGADH SUGAR & ENERGY LTD,21392,MAGADH SUGAR & ENERGY LTD,MAGADSUGAR
NSE_EQ,NSE_EQ|INE387I01016,MAGNUM VENTURES LTD.,14957,MAGNUM VENTURES LTD.,MAGNUM
NSE_EQ,NSE_EQ|INE0O1S01012,MAGSON RETAIL AND DIST L,17091,MAGSON RETAIL AND DIST L,MAGSON
NSE_EQ,NSE_EQ|INE457A01014,BANK OF MAHARASHTRA,11377,BANK OF MAHARASHTRA,MAHABANK
NSE_EQ,NSE_EQ|INE843B01013,MAHA RASHTRA APEX COPR. L,5239,MAHA RASHTRA APEX COPR. L,MAHAPEXLTD
NSE_EQ,NSE_EQ|INE451L01014,MAHAMAYA STEEL INDS LTD,17531,MAHAMAYA STEEL INDS LTD,MAHASTEEL
NSE_EQ,NSE_EQ|INE215D01010,MAHINDRA EPC IRRIG LTD,17603,MAHINDRA EPC IRRIG LTD,MAHEPC
NSE_EQ,NSE_EQ|INE263W01010,MAHESHWARI LOGISTICS LTD.,9576,MAHESHWARI LOGISTICS LTD.,MAHESHWARI
NSE_EQ,NSE_EQ|INE961Y01015,MAHICKRA CHEMICAL LIMITED,2839,MAHICKRA CHEMICAL LIMITED,MAHICKRA
NSE_EQ,NSE_EQ|INF769K01HS7,MIRAEAMC - MAHKTECH,7074,MIRAEAMC - MAHKTECH,MAHKTECH
NSE_EQ,NSE_EQ|INE813A01018,MAHINDRA LIFESPACE DEVLTD,8050,MAHINDRA LIFESPACE DEVLTD,MAHLIFE
NSE_EQ,NSE_EQ|INE766P01016,MAHINDRA LOGISTIC LIMITED,385,MAHINDRA LOGISTIC LIMITED,MAHLOG
NSE_EQ,NSE_EQ|INE288A01013,MAHARASHTRA SCOOTERS LTD,2085,MAHARASHTRA SCOOTERS LTD,MAHSCOOTER
NSE_EQ,NSE_EQ|INE271B01025,MAHARASHTRA SEAMLESS LTD,2088,MAHARASHTRA SEAMLESS LTD,MAHSEAMLES
NSE_EQ,NSE_EQ|INE683C01011,MAITHAN ALLOYS LTD,24538,MAITHAN ALLOYS LTD,MAITHANALL
NSE_EQ,NSE_EQ|INE0PLQ01011,MAITREYA MEDICARE LIMITED,19809,MAITREYA MEDICARE LIMITED,MAITREYA
NSE_EQ,NSE_EQ|INF769K01IB1,MIRAEAMC - MAMFGETF,7979,MIRAEAMC - MAMFGETF,MAKEINDIA
NSE_EQ,NSE_EQ|INE0CDK01019,MAKS ENERGY SOL INDIA LTD,11222,MAKS ENERGY SOL INDIA LTD,MAKS
NSE_EQ,NSE_EQ|INE00C401011,MANGALAM ALLOYS LIMITED,19137,MANGALAM ALLOYS LIMITED,MAL
NSE_EQ,NSE_EQ|INE389C01015,MALLCOM (INDIA) LIMITED,7965,MALLCOM (INDIA) LIMITED,MALLCOM
NSE_EQ,NSE_EQ|INE383H01017,MALU PAPER MILLS LIMITED,13352,MALU PAPER MILLS LIMITED,MALUPAPER
NSE_EQ,NSE_EQ|INE0TO701015,MAMATA MACHINERY LIMITED,28687,MAMATA MACHINERY LIMITED,MAMATA
NSE_EQ,NSE_EQ|INE859Q01017,MANAK ALUMINIUM CO. LTD.,7420,MANAK ALUMINIUM CO. LTD.,MANAKALUCO
NSE_EQ,NSE_EQ|INE830Q01018,MAN COAT METAL & IND LTD,7413,MAN COAT METAL & IND LTD,MANAKCOAT
NSE_EQ,NSE_EQ|INE015D01022,MANAKSIA LTD.,15199,MANAKSIA LTD.,MANAKSIA
NSE_EQ,NSE_EQ|INE824Q01011,MANAKSIA STEELS LTD,7482,MANAKSIA STEELS LTD,MANAKSTEEL
NSE_EQ,NSE_EQ|INE201A01024,MANALI PETROCHEMICALS LT,13796,MANALI PETROCHEMICALS LT,MANALIPETC
NSE_EQ,NSE_EQ|INE522D01027,MANAPPURAM FINANCE LTD,19061,MANAPPURAM FINANCE LTD,MANAPPURAM
NSE_EQ,NSE_EQ|INE104Y01012,MANAV INFRA PROJECTS LTD,21697,MANAV INFRA PROJECTS LTD,MANAV
NSE_EQ,NSE_EQ|INE939X01013,MANBA FINANCE LIMITED,25597,MANBA FINANCE LIMITED,MANBA
NSE_EQ,NSE_EQ|INE545L01039,MANGAL CREDIT N FINCORP L,24823,MANGAL CREDIT N FINCORP L,MANCREDIT
NSE_EQ,NSE_EQ|INE0R3T01013,MANDEEP AUTO INDUSTRIES L,23782,MANDEEP AUTO INDUSTRIES L,MANDEEP
NSE_EQ,NSE_EQ|INE584F01014,MANGALAM DRUG & CHEM LTD,11817,MANGALAM DRUG & CHEM LTD,MANGALAM
NSE_EQ,NSE_EQ|INE558B01017,MANG.CHEM.FERT.LTD,15007,MANG.CHEM.FERT.LTD,MANGCHEFER
NSE_EQ,NSE_EQ|INE347A01017,MANGALAM CEMENT LTD,2106,MANGALAM CEMENT LTD,MANGLMCEM
NSE_EQ,NSE_EQ|INE993A01026,MAN INDUSTRIES (I) LTD.,11884,MAN INDUSTRIES (I) LTD.,MANINDS
NSE_EQ,NSE_EQ|INE949H01023,MAN INFRA LTD,18226,MAN INFRA LTD,MANINFRA
NSE_EQ,NSE_EQ|INE634S01028,MANKIND PHARMA LIMITED,15380,MANKIND PHARMA LIMITED,MANKIND
NSE_EQ,NSE_EQ|INE784W01015,MANOMAY TEX INDIA LTD,13753,MANOMAY TEX INDIA LTD,MANOMAY
NSE_EQ,NSE_EQ|INE00VM01036,MANORAMA INDUSTRIES LTD,10227,MANORAMA INDUSTRIES LTD,MANORAMA
NSE_EQ,NSE_EQ|INE370D01013,MANGALAM ORGANICS LIMITED,6428,MANGALAM ORGANICS LIMITED,MANORG
NSE_EQ,NSE_EQ|INE867A01022,MANUGRAPH INDIA LIMITED,13575,MANUGRAPH INDIA LIMITED,MANUGRAPH
NSE_EQ,NSE_EQ|INE825V01034,VEDANT FASHIONS LIMITED,8167,VEDANT FASHIONS LIMITED,MANYAVAR
NSE_EQ,NSE_EQ|INE0BV301023,C.E. INFO SYSTEMS LIMITED,7227,C.E. INFO SYSTEMS LIMITED,MAPMYINDIA
NSE_EQ,NSE_EQ|INE882A01013,MARAL OVERSEAS LTD,2112,MARAL OVERSEAS LTD,MARALOVER
NSE_EQ,NSE_EQ|INE182D01020,MARATHON NXTGEN REALT LTD,18659,MARATHON NXTGEN REALT LTD,MARATHON
NSE_EQ,NSE_EQ|INE0QP001012,MARCO CABLE & CONDUCTOR L,18773,MARCO CABLE & CONDUCTOR L,MARCO
NSE_EQ,NSE_EQ|INE196A01026,MARICO LIMITED,4067,MARICO LIMITED,MARICO
NSE_EQ,NSE_EQ|INE01JE01028,MARINE ELECTRICAL (I) LTD,1328,MARINE ELECTRICAL (I) LTD,MARINE
NSE_EQ,NSE_EQ|INE0P1P01017,MARINETRANS INDIA LIMITED,20414,MARINETRANS INDIA LIMITED,MARINETRAN
NSE_EQ,NSE_EQ|INE750C01026,MARKSANS PHARMA LIMITED,10579,MARKSANS PHARMA LIMITED,MARKSANS
NSE_EQ,NSE_EQ|INE585B01010,MARUTI SUZUKI INDIA LTD.,10999,MARUTI SUZUKI INDIA LTD.,MARUTI
NSE_EQ,NSE_EQ|INE348L01012,MAS FINANCIAL SERV LTD,199,MAS FINANCIAL SERV LTD,MASFIN
NSE_EQ,NSE_EQ|INE885F01015,MASK INVESTMENTS LIMITED,18731,MASK INVESTMENTS LIMITED,MASKINVEST
NSE_EQ,NSE_EQ|INE0SH001010,MASON INFRATECH LIMITED,24281,MASON INFRATECH LIMITED,MASON
NSE_EQ,NSE_EQ|INF769K01HP3,MIRAEAMC - MASPTOP50,5782,MIRAEAMC - MASPTOP50,MASPTOP50
NSE_EQ,NSE_EQ|INE759A01021,MASTEK LTD,2124,MASTEK LTD,MASTEK
NSE_EQ,NSE_EQ|INE0OJM01017,MASTER COMPONENTS LIMITED,19014,MASTER COMPONENTS LIMITED,MASTER
NSE_EQ,NSE_EQ|INE677D01037,MASTER TRUST LIMITED,27047,MASTER TRUST LIMITED,MASTERTR
NSE_EQ,NSE_EQ|INE866R01028,MATRIMONY.COM LIMITED,21726,MATRIMONY.COM LIMITED,MATRIMONY
NSE_EQ,NSE_EQ|INE636A01039,MAWANA SUGARS LIMITED,17022,MAWANA SUGARS LIMITED,MAWANASUG
NSE_EQ,NSE_EQ|INE03EI01018,MAX ESTATES LIMITED,19646,MAX ESTATES LIMITED,MAXESTATES
NSE_EQ,NSE_EQ|INE027H01010,MAX HEALTHCARE INS LTD,22377,MAX HEALTHCARE INS LTD,MAXHEALTH
NSE_EQ,NSE_EQ|INE0CG601016,MAX INDIA LIMITED,22428,MAX INDIA LIMITED,MAXIND
NSE_EQ,NSE_EQ|INE0ECC01022,MAXPOSURE LIMITED,21691,MAXPOSURE LIMITED,MAXPOSURE
NSE_EQ,NSE_EQ|INE10A501018,MAXVOLT ENERGY INDUS L,29657,MAXVOLT ENERGY INDUS L,MAXVOLT
NSE_EQ,NSE_EQ|INE040D01038,MAYUR UNIQUOTERS LTD,28906,MAYUR UNIQUOTERS LTD,MAYURUNIQ
NSE_EQ,NSE_EQ|INE885E01042,MAZDA LIMITED,18866,MAZDA LIMITED,MAZDA
NSE_EQ,NSE_EQ|INE249Z01020,MAZAGON DOCK SHIPBUIL LTD,509,MAZAGON DOCK SHIPBUIL LTD,MAZDOCK
NSE_EQ,NSE_EQ|INE900L01010,MADHYA BHARAT AGRO P. LTD,12686,MADHYA BHARAT AGRO P. LTD,MBAPL
NSE_EQ,NSE_EQ|INE912H01013,MBL INFRASTRUCTURE LTD,18029,MBL INFRASTRUCTURE LTD,MBLINFRA
NSE_EQ,NSE_EQ|INE813V01022,MADHAV COPPER LIMITED,22360,MADHAV COPPER LIMITED,MCL
NSE_EQ,NSE_EQ|INE942G01012,MCLEOD RUSSEL INDIA LTD.,11943,MCLEOD RUSSEL INDIA LTD.,MCLEODRUSS
NSE_EQ,NSE_EQ|INE613C01026,MAGELLANIC CLOUD LIMITED,29482,MAGELLANIC CLOUD LIMITED,MCLOUD
NSE_EQ,NSE_EQ|INE0O4M01019,MCON RASAYAN INDIA LTD,14574,MCON RASAYAN INDIA LTD,MCON
NSE_EQ,NSE_EQ|INE745G01035,MULTI COMMODITY EXCHANGE,31181,MULTI COMMODITY EXCHANGE,MCX
NSE_EQ,NSE_EQ|INE575Z01010,MARVEL DECOR LIMITED,2132,MARVEL DECOR LIMITED,MDL
NSE_EQ,NSE_EQ|INE474Q01031,GLOBAL HEALTH LIMITED,11956,GLOBAL HEALTH LIMITED,MEDANTA
NSE_EQ,NSE_EQ|INE456Z01021,MEDI ASSIST HEALTH SER L,21705,MEDI ASSIST HEALTH SER L,MEDIASSIST
NSE_EQ,NSE_EQ|INE646B01010,MEDICAMEN BIOTECH LIMITED,6278,MEDICAMEN BIOTECH LIMITED,MEDICAMEQ
NSE_EQ,NSE_EQ|INE630Y01024,MEDICO REMEDIES LIMITED,9667,MEDICO REMEDIES LIMITED,MEDICO
NSE_EQ,NSE_EQ|INE0PE401018,MEDICAMEN ORGANICS LTD,24245,MEDICAMEN ORGANICS LTD,MEDIORG
NSE_EQ,NSE_EQ|INE804L01022,MEDPLUS HEALTH SERV LTD,7254,MEDPLUS HEALTH SERV LTD,MEDPLUS
NSE_EQ,NSE_EQ|INE0G1D01014,MEGA FLEX PLASTICS LTD,10971,MEGA FLEX PLASTICS LTD,MEGAFLEX
NSE_EQ,NSE_EQ|INE933B01012,MEGASOFT LTD,14797,MEGASOFT LTD,MEGASOFT
NSE_EQ,NSE_EQ|INE00EM01016,MEGASTAR FOODS LIMITED,8153,MEGASTAR FOODS LIMITED,MEGASTAR
NSE_EQ,NSE_EQ|INE531R01010,MEGATHERM INDUCTION LTD,22560,MEGATHERM INDUCTION LTD,MEGATHERM
NSE_EQ,NSE_EQ|INE071D01033,MENON BEARINGS LIMITED,6961,MENON BEARINGS LIMITED,MENONBE
NSE_EQ,NSE_EQ|INE776I01010,MEP INFRA. DEVELOPERS LTD,25882,MEP INFRA. DEVELOPERS LTD,MEP
NSE_EQ,NSE_EQ|INF769K01LY7,MIRAEAMC - METAL,25744,MIRAEAMC - METAL,METAL
NSE_EQ,NSE_EQ|INF109KC19W1,ICICIPRAMC - METALIETF,24861,ICICIPRAMC - METALIETF,METALIETF
NSE_EQ,NSE_EQ|INE317I01021,METRO BRANDS LIMITED,7242,METRO BRANDS LIMITED,METROBRAND
NSE_EQ,NSE_EQ|INE112L01020,METROPOLIS HEALTHCARE LTD,9581,METROPOLIS HEALTHCARE LTD,METROPOLIS
NSE_EQ,NSE_EQ|INE0US801024,MAHALAXMI FABRIC MILLS LT,24939,MAHALAXMI FABRIC MILLS LT,MFML
NSE_EQ,NSE_EQ|INE180A01020,MAX FINANCIAL SERV LTD,2142,MAX FINANCIAL SERV LTD,MFSL
NSE_EQ,NSE_EQ|INE0APB01032,MANGALAM GLOBAL ENT LTD,1593,MANGALAM GLOBAL ENT LTD,MGEL
NSE_EQ,NSE_EQ|INE002S01010,MAHANAGAR GAS LTD.,17534,MAHANAGAR GAS LTD.,MGL
NSE_EQ,NSE_EQ|INE450S01011,MOHINI HEALTH&HYGIENE LTD,1426,MOHINI HEALTH&HYGIENE LTD,MHHL
NSE_EQ,NSE_EQ|INE112D01035,MAHALAXMI RUBTECH LIMITED,7886,MAHALAXMI RUBTECH LIMITED,MHLXMIRU
NSE_EQ,NSE_EQ|INE998I01010,MAHINDRA HOLIDAYS LTD,17333,MAHINDRA HOLIDAYS LTD,MHRIL
NSE_EQ,NSE_EQ|INE287C01037,MIC ELECTRONICS LTD,7169,MIC ELECTRONICS LTD,MICEL
NSE_EQ,NSE_EQ|INE0PZK01014,MICROPRO SOFTWARE SOL L,19887,MICROPRO SOFTWARE SOL L,MICROPRO
NSE_EQ,NSE_EQ|INF174KA1VW2,KOTAKMAMC - MID150,30469,KOTAKMAMC - MID150,MID150
NSE_EQ,NSE_EQ|INF204KB1V68,NIP IND ETF MIDCAP 150,8506,NIP IND ETF MIDCAP 150,MID150BEES
NSE_EQ,NSE_EQ|INF0R8F01059,ZERODHAAMC - MID150CASE,24077,ZERODHAAMC - MID150CASE,MID150CASE
NSE_EQ,NSE_EQ|INF174KA1IB3,KOTAKMAMC - KOTAKMID50,8077,KOTAKMAMC - KOTAKMID50,MIDCAP
NSE_EQ,NSE_EQ|INF769K01IC9,MIRAEAMC - MAM150ETF,8413,MIRAEAMC - MAM150ETF,MIDCAPETF
NSE_EQ,NSE_EQ|INF109KC11W8,ICICIPRAMC - ICICIM150,17152,ICICIPRAMC - ICICIM150,MIDCAPIETF
NSE_EQ,NSE_EQ|INE099Z01011,MISHRA DHATU NIGAM LTD,2463,MISHRA DHATU NIGAM LTD,MIDHANI
NSE_EQ,NSE_EQ|INF740KA1QL0,DSPAMC - DSPQ50ETF,7456,DSPAMC - DSPQ50ETF,MIDQ50ADD
NSE_EQ,NSE_EQ|INF109KC10W0,ICICI PRUD MIDCAP SEL ETF,17702,ICICI PRUD MIDCAP SEL ETF,MIDSELIETF
NSE_EQ,NSE_EQ|INF769K01LJ8,MIRAEAMC - MIDSMALL,23855,MIRAEAMC - MIDSMALL,MIDSMALL
NSE_EQ,NSE_EQ|INE0R3101011,MANGLAM INFRA & ENG LTD,24632,MANGLAM INFRA & ENG LTD,MIEL
NSE_EQ,NSE_EQ|INE376Y01016,MILTON INDUSTRIES LIMITED,159,MILTON INDUSTRIES LIMITED,MILTON
NSE_EQ,NSE_EQ|INE842C01021,MINDA CORPORATION LTD,25897,MINDA CORPORATION LTD,MINDACORP
NSE_EQ,NSE_EQ|INE00RQ01019,MINDPOOL TECHNOLOGIES LTD,8900,MINDPOOL TECHNOLOGIES LTD,MINDPOOL
NSE_EQ,NSE_EQ|INE0CCU25019,MINDSPACE BUSINESS P REIT,22308,MINDSPACE BUSINESS P REIT,MINDSPACE
NSE_EQ,NSE_EQ|INE110B01017,MINDTECK (INDIA) LIMITED,18049,MINDTECK (INDIA) LIMITED,MINDTECK
NSE_EQ,NSE_EQ|INE831A01028,MIRCELECTR-DEPO,6853,MIRCELECTR-DEPO,MIRCELECTR
NSE_EQ,NSE_EQ|INE771A01026,MIRZA INTERNATIONAL LIMIT,4394,MIRZA INTERNATIONAL LIMIT,MIRZAINT
NSE_EQ,NSE_EQ|INE828O01033,MITCON CON & ENG SER LTD,8469,MITCON CON & ENG SER LTD,MITCON
NSE_EQ,NSE_EQ|INE997Y01027,MITTAL LIFE STYLE LIMITED,18562,MITTAL LIFE STYLE LIMITED,MITTAL
NSE_EQ,NSE_EQ|INE964W01021,M K PROTEINS LIMITED,16736,M K PROTEINS LIMITED,MKPL
NSE_EQ,NSE_EQ|INE227C01017,MM FORGINGS LTD,13844,MM FORGINGS LTD,MMFL
NSE_EQ,NSE_EQ|INE511Y01018,MMP INDUSTRIES LIMITED,16395,MMP INDUSTRIES LIMITED,MMP
NSE_EQ,NSE_EQ|INE123F01029,MMTC LIMITED,17961,MMTC LIMITED,MMTC
NSE_EQ,NSE_EQ|INF174KA1JF2,KOTAKMAMC - KOTAKMNC,10676,KOTAKMAMC - KOTAKMNC,MNC
NSE_EQ,NSE_EQ|INE0HLU01028,ONE MOBIKWIK SYSTEMS LTD,28046,ONE MOBIKWIK SYSTEMS LTD,MOBIKWIK
NSE_EQ,NSE_EQ|INF247L01EV3,MOTILALAMC - MOCAPITAL,30065,MOTILALAMC - MOCAPITAL,MOCAPITAL
NSE_EQ,NSE_EQ|INF247L01DJ0,MOTILALAMC - MODEFENCE,24944,MOTILALAMC - MODEFENCE,MODEFENCE
NSE_EQ,NSE_EQ|INE832A01018,MODI RUBBER LTD,6934,MODI RUBBER LTD,MODIRUBBER
NSE_EQ,NSE_EQ|INE737D01021,MODISON LIMITED,3316,MODISON LIMITED,MODISONLTD
NSE_EQ,NSE_EQ|INE794W01014,MODERN THREADS INDIA LTD,2241,MODERN THREADS INDIA LTD,MODTHREAD
NSE_EQ,NSE_EQ|INF247L01AK4,MOTILALAMC - G5,1507,MOTILALAMC - G5,MOGSEC
NSE_EQ,NSE_EQ|INF247L01BB1,MOTILALAMC - MOHEALTH,10508,MOTILALAMC - MOHEALTH,MOHEALTH
NSE_EQ,NSE_EQ|INE954E01012,MOHIT INDUSTRIES LTD,29423,MOHIT INDUSTRIES LTD,MOHITIND
NSE_EQ,NSE_EQ|INE490G01020,MOIL LIMITED,20830,MOIL LIMITED,MOIL
NSE_EQ,NSE_EQ|INF247L01FL1,MOTILALAMC - MOINFRA,757031,MOTILALAMC - MOINFRA,MOINFRA
NSE_EQ,NSE_EQ|INE514Y01020,MOKSH ORNAMENTS LIMITED,3586,MOKSH ORNAMENTS LIMITED,MOKSH
NSE_EQ,NSE_EQ|INE0CT101020,MEGHMANI ORGANICS LIMITED,5394,MEGHMANI ORGANICS LIMITED,MOL
NSE_EQ,NSE_EQ|INE835B01035,MOLD-TEK TECHNOLOGIES LTD,17625,MOLD-TEK TECHNOLOGIES LTD,MOLDTECH
NSE_EQ,NSE_EQ|INE893J01029,MOLD-TEK PACKAGING LTD,6713,MOLD-TEK PACKAGING LTD,MOLDTKPAC
NSE_EQ,NSE_EQ|INF247L01BL0,MOTILALAMC - MOLOWVOL,8654,MOTILALAMC - MOLOWVOL,MOLOWVOL
NSE_EQ,NSE_EQ|INF247L01023,MOTILAL OS MIDCAP100 ETF,21423,MOTILAL OS MIDCAP100 ETF,MOM100
NSE_EQ,NSE_EQ|INF109KC17C7,ICICIPRAMC - ICICIMOM30,10585,ICICIPRAMC - ICICIMOM30,MOM30IETF
NSE_EQ,NSE_EQ|INF247L01536,MOTILAL OSWAL M50 ETF,19289,MOTILAL OSWAL M50 ETF,MOM50
NSE_EQ,NSE_EQ|INF209KB14K7,BIRLASLAMC - MOMENTUM,10693,BIRLASLAMC - MOMENTUM,MOMENTUM
NSE_EQ,NSE_EQ|INF247L01DK8,MOTILALAMC - MOMENTUM50,25606,MOTILALAMC - MOMENTUM50,MOMENTUM50
NSE_EQ,NSE_EQ|INF247L01FK3,MOTILALAMC - MOMGF,757099,MOTILALAMC - MOMGF,MOMGF
NSE_EQ,NSE_EQ|INF247L01BK2,MOTILALAMC - MOMOMENTUM,8182,MOTILALAMC - MOMOMENTUM,MOMOMENTUM
NSE_EQ,NSE_EQ|INF247L01AP3,MOTILAL OS NASDAQ100 ETF,22739,MOTILAL OS NASDAQ100 ETF,MON100
NSE_EQ,NSE_EQ|INF247L01FC0,MOTILALAMC - MON50EQUAL,756900,MOTILALAMC - MON50EQUAL,MON50EQUAL
NSE_EQ,NSE_EQ|INE903D01011,MONARCH NETWORTH CAP LTD,7679,MONARCH NETWORTH CAP LTD,MONARCH
NSE_EQ,NSE_EQ|INF247L01FD8,MOTILALAMC - MONEXT50,757167,MOTILALAMC - MONEXT50,MONEXT50
NSE_EQ,NSE_EQ|INF247L01BU1,MOTILALAMC - MONIFTY500,19237,MOTILALAMC - MONIFTY500,MONIFTY500
NSE_EQ,NSE_EQ|INE0OIP01012,MONO PHARMACARE LIMITED,18392,MONO PHARMACARE LIMITED,MONOPHARMA
NSE_EQ,NSE_EQ|INF247L01AU3,MOTILALAMC - MONQ50,7422,MOTILALAMC - MONQ50,MONQ50
NSE_EQ,NSE_EQ|INE950M01013,MONTE CARLO FASHIONS LTD.,5938,MONTE CARLO FASHIONS LTD.,MONTECARLO
NSE_EQ,NSE_EQ|INF247L01FO5,MOTILALAMC - MOPSE,757431,MOTILALAMC - MOPSE,MOPSE
NSE_EQ,NSE_EQ|INF247L01BH8,MOTILALAMC - MOQUALITY,10822,MOTILALAMC - MOQUALITY,MOQUALITY
NSE_EQ,NSE_EQ|INE161G01027,MORARJEE TEXTILES LIMITED,25876,MORARJEE TEXTILES LIMITED,MORARJEE
NSE_EQ,NSE_EQ|INF247L01CI4,MOTILALAMC - MOREALTY,23184,MOTILALAMC - MOREALTY,MOREALTY
NSE_EQ,NSE_EQ|INE083A01026,MOREPEN LAB. LTD,2259,MOREPEN LAB. LTD,MOREPENLAB
NSE_EQ,NSE_EQ|INE0N7S01010,MOS UTILITY LIMITED,15051,MOS UTILITY LIMITED,MOS
NSE_EQ,NSE_EQ|INE935B01025,MOSCHIP TECHNOLOGIES LTD,29459,MOSCHIP TECHNOLOGIES LTD,MOSCHIP
NSE_EQ,NSE_EQ|INF247L01CH6,MOTILALAMC - MOSMALL250,23181,MOTILALAMC - MOSMALL250,MOSMALL250
NSE_EQ,NSE_EQ|INE775A08105,SAMVARDHANA MOTHERSON INT,25510,SAMVARDHANA MOTHERSON INT,MOTHERSON
NSE_EQ,NSE_EQ|INE338I01027,MOTILAL OSWAL FIN LTD,14947,MOTILAL OSWAL FIN LTD,MOTILALOFS
NSE_EQ,NSE_EQ|INE0FRK01020,MOTISONS JEWELLERS LTD,20788,MOTISONS JEWELLERS LTD,MOTISONS
NSE_EQ,NSE_EQ|INE861B01023,MOTOR & GENERAL FINANCE L,2268,MOTOR & GENERAL FINANCE L,MOTOGENFIN
NSE_EQ,NSE_EQ|INF247L01FP2,MOTILALAMC - MOTOUR,757443,MOTILALAMC - MOTOUR,MOTOUR
NSE_EQ,NSE_EQ|INF247L01BE5,MOTILALAMC - MOVALUE,10825,MOTILALAMC - MOVALUE,MOVALUE
NSE_EQ,NSE_EQ|INE0N6D01014,MOXSH OVERSEAS EDUCON LTD,13502,MOXSH OVERSEAS EDUCON LTD,MOXSH
NSE_EQ,NSE_EQ|INE356A01018,MPHASIS LIMITED,4503,MPHASIS LIMITED,MPHASIS
NSE_EQ,NSE_EQ|INE943D01017,MPS LIMITED,10578,MPS LIMITED,MPSLTD
NSE_EQ,NSE_EQ|INE105Y01019,M P TODAY MEDIA LIMITED,21792,M P TODAY MEDIA LIMITED,MPTODAY
NSE_EQ,NSE_EQ|INE883A01011,MRF LTD,2277,MRF LTD,MRF
NSE_EQ,NSE_EQ|INE103A01014,MRPL,2283,MRPL,MRPL
NSE_EQ,NSE_EQ|INF174KA1VD2,KOTAKMAMC - MSCIINDIA,29758,KOTAKMAMC - MSCIINDIA,MSCIINDIA
NSE_EQ,NSE_EQ|INE752G01015,MSP STEEL & POWER LTD.,11919,MSP STEEL & POWER LTD.,MSPL
NSE_EQ,NSE_EQ|INE255X01014,MSTC LIMITED,9356,MSTC LIMITED,MSTCLTD
NSE_EQ,NSE_EQ|INE0FS801015,MOTHERSON SUMI WRNG IND L,8596,MOTHERSON SUMI WRNG IND L,MSUMI
NSE_EQ,NSE_EQ|INE864I01014,MTAR TECHNOLOGIES LIMITED,2709,MTAR TECHNOLOGIES LIMITED,MTARTECH
NSE_EQ,NSE_EQ|INE472M01018,MT EDUCARE LTD,31413,MT EDUCARE LTD,MTEDUCARE
NSE_EQ,NSE_EQ|INE153A01019,MAHANAGAR TELEPHONE NIGAM,2294,MAHANAGAR TELEPHONE NIGAM,MTNL
NSE_EQ,NSE_EQ|INE08KJ01020,MUFIN GREEN FINANCE LTD,19783,MUFIN GREEN FINANCE LTD,MUFIN
NSE_EQ,NSE_EQ|INE220Q01020,CREDO BRANDS MARKETING L,20878,CREDO BRANDS MARKETING L,MUFTI
NSE_EQ,NSE_EQ|INE304A01026,MUKAND LTD.,11325,MUKAND LTD.,MUKANDLTD
NSE_EQ,NSE_EQ|INE0CG401037,MUKKA PROTEINS LIMITED,22980,MUKKA PROTEINS LIMITED,MUKKA
NSE_EQ,NSE_EQ|INE374B01019,MUKTA ARTS LIMITED,8687,MUKTA ARTS LIMITED,MUKTAARTS
NSE_EQ,NSE_EQ|INF769K01LX9,MIRAEAMC - MULTICAP,25080,MIRAEAMC - MULTICAP,MULTICAP
NSE_EQ,NSE_EQ|INE672B01032,MUNJAL AUTO IND. LTD.,13511,MUNJAL AUTO IND. LTD.,MUNJALAU
NSE_EQ,NSE_EQ|INE577A01027,MUNJAL SHOWA LTD,2307,MUNJAL SHOWA LTD,MUNJALSHOW
NSE_EQ,NSE_EQ|INE692B01014,MURUDESHWAR CERAMICS LTD,2313,MURUDESHWAR CERAMICS LTD,MURUDCERA
NSE_EQ,NSE_EQ|INE414G07JC6,MFL REPO RATE LINK 2027,23363,MFL REPO RATE LINK 2027,MUTF27
NSE_EQ,NSE_EQ|INE296G01013,MUTHOOT CAP SERV LTD,10415,MUTHOOT CAP SERV LTD,MUTHOOTCAP
NSE_EQ,NSE_EQ|INE414G01012,MUTHOOT FINANCE LIMITED,23650,MUTHOOT FINANCE LIMITED,MUTHOOTFIN
NSE_EQ,NSE_EQ|INE046W01019,MUTHOOT MICROFIN LIMITED,20831,MUTHOOT MICROFIN LIMITED,MUTHOOTMF
NSE_EQ,NSE_EQ|INE0KNT01012,MANOJ VAIBHAV GEM N JEW L,19015,MANOJ VAIBHAV GEM N JEW L,MVGJL
NSE_EQ,NSE_EQ|INE0SGC01015,M.V.K. AGRO FOOD PROD LTD,22979,M.V.K. AGRO FOOD PROD LTD,MVKAGRO
NSE_EQ,NSE_EQ|INE0JYY01011,MANGALAM WORLDWIDE LTD,10311,MANGALAM WORLDWIDE LTD,MWL
NSE_EQ,NSE_EQ|INE0RVQ01016,MY MUDRA FINCORP LIMITED,25208,MY MUDRA FINCORP LIMITED,MYMUDRA
NSE_EQ,NSE_EQ|DUMMYSAN003,N1NSETEST,12848,N1NSETEST,N1NSETEST
NSE_EQ,NSE_EQ|INE295D01020,NACL INDUSTRIES LIMITED,20429,NACL INDUSTRIES LIMITED,NACLIND
NSE_EQ,NSE_EQ|INE454M01024,NAGARJUN FERT AND CHE LTD,17299,NAGARJUN FERT AND CHE LTD,NAGAFERT
NSE_EQ,NSE_EQ|INE245I01016,NAGREEKA CAP & INFR.LTD,14942,NAGREEKA CAP & INFR.LTD,NAGREEKCAP
NSE_EQ,NSE_EQ|INE123B01028,NAGREEKA EXPORTS LTD.,14702,NAGREEKA EXPORTS LTD.,NAGREEKEXP
NSE_EQ,NSE_EQ|INE049I01012,NAHAR CAP & FIN.,15360,NAHAR CAP & FIN.,NAHARCAP
NSE_EQ,NSE_EQ|INE289A01011,NAHAR INDS ENT LTD,13106,NAHAR INDS ENT LTD,NAHARINDUS
NSE_EQ,NSE_EQ|INE308A01027,NAHAR POLY FILMS LIMITED,14448,NAHAR POLY FILMS LIMITED,NAHARPOLY
NSE_EQ,NSE_EQ|INE290A01027,NAHAR SPINNING MILLS LTD.,14440,NAHAR SPINNING MILLS LTD.,NAHARSPING
NSE_EQ,NSE_EQ|INE298J01013,NIPPON L I A M LTD,357,NIPPON L I A M LTD,NAM-INDIA
NSE_EQ,NSE_EQ|INE0RJM01010,NAMAN IN-STORE (INDIA) L,23382,NAMAN IN-STORE (INDIA) L,NAMAN
NSE_EQ,NSE_EQ|INE08NZ01012,NAMO EWASTE MANAGEMENT L,25167,NAMO EWASTE MANAGEMENT L,NAMOEWASTE
NSE_EQ,NSE_EQ|INE117Z01011,NARMADA AGROBASE LIMITED,11627,NARMADA AGROBASE LIMITED,NARMADA
NSE_EQ,NSE_EQ|INE936B01015,NATURAL CAPSULES LIMITED,29583,NATURAL CAPSULES LIMITED,NATCAPSUQ
NSE_EQ,NSE_EQ|INE987B01026,NATCO PHARMA LTD.,3918,NATCO PHARMA LTD.,NATCOPHARM
NSE_EQ,NSE_EQ|INE448G01010,NATH BIO-GENES (I) LTD,11065,NATH BIO-GENES (I) LTD,NATHBIOGEN
NSE_EQ,NSE_EQ|INE139A01034,NATIONAL ALUMINIUM CO LTD,6364,NATIONAL ALUMINIUM CO LTD,NATIONALUM
NSE_EQ,NSE_EQ|INE663F01032,INFO EDGE (I) LTD,13751,INFO EDGE (I) LTD,NAUKRI
NSE_EQ,NSE_EQ|INE725A01030,NAVA LIMITED,4014,NAVA LIMITED,NAVA
NSE_EQ,NSE_EQ|INE048G01026,NAVIN FLUORINE INT. LTD,14672,NAVIN FLUORINE INT. LTD,NAVINFLUOR
NSE_EQ,NSE_EQ|INE278M01019,NAVKAR CORPORATION LTD.,10557,NAVKAR CORPORATION LTD.,NAVKARCORP
NSE_EQ,NSE_EQ|INE268H01044,NAVKAR URBANSTRUCTURE LTD,29146,NAVKAR URBANSTRUCTURE LTD,NAVKARURB
NSE_EQ,NSE_EQ|INE060A01024,NAVNEET EDUCATION LTD,2385,NAVNEET EDUCATION LTD,NAVNETEDUL
NSE_EQ,NSE_EQ|INE418L01021,NAZARA TECHNOLOGIES LTD,2987,NAZARA TECHNOLOGIES LTD,NAZARA
NSE_EQ,NSE_EQ|INE095N01031,NBCC (INDIA) LIMITED,31415,NBCC (INDIA) LIMITED,NBCC
NSE_EQ,NSE_EQ|INE365I01020,N.B.I. IND. FIN. CO. LTD,19111,N.B.I. IND. FIN. CO. LTD,NBIFIN
NSE_EQ,NSE_EQ|INE868B01028,NCC LIMITED,2319,NCC LIMITED,NCC
NSE_EQ,NSE_EQ|INE732C01016,NCL INDUSTRIES LIMITED,14490,NCL INDUSTRIES LIMITED,NCLIND
NSE_EQ,NSE_EQ|INE756C01015,NAGA DHUNSERI GROUP LTD,18371,NAGA DHUNSERI GROUP LTD,NDGL
NSE_EQ,NSE_EQ|INE875G01048,NANDAN DENIM LIMITED,31258,NANDAN DENIM LIMITED,NDL
NSE_EQ,NSE_EQ|INE353A01023,NDL VENTURES LIMITED,14550,NDL VENTURES LIMITED,NDLVENTURE
NSE_EQ,NSE_EQ|INE07OG01012,NDR AUTO COMPONENTS LTD,22255,NDR AUTO COMPONENTS LTD,NDRAUTO
NSE_EQ,NSE_EQ|INE0Q7Q23015,NDR INVIT TRUST,22680,NDR INVIT TRUST,NDRINVIT
NSE_EQ,NSE_EQ|INE155G01029,NDTV LTD,11427,NDTV LTD,NDTV
NSE_EQ,NSE_EQ|INE553C01016,NORTH EAST CARRY CORP LTD,13522,NORTH EAST CARRY CORP LTD,NECCLTD
NSE_EQ,NSE_EQ|INE023H01027,NECTAR LIFESCIENCES LTD.,11927,NECTAR LIFESCIENCES LTD.,NECLIFE
NSE_EQ,NSE_EQ|INE0N1401016,NEELAM LINENS & GAR (I) L,27126,NEELAM LINENS & GAR (I) L,NEELAM
NSE_EQ,NSE_EQ|INE189I01024,NELCAST LIMITED,14761,NELCAST LIMITED,NELCAST
NSE_EQ,NSE_EQ|INE045B01015,NELCO LTD,2388,NELCO LTD,NELCO
NSE_EQ,NSE_EQ|INE136S01016,NEOGEN CHEMICALS LIMITED,9917,NEOGEN CHEMICALS LIMITED,NEOGEN
NSE_EQ,NSE_EQ|INE0SUN01013,NEPHRO CARE INDIA LIMITED,24350,NEPHRO CARE INDIA LIMITED,NEPHROCARE
NSE_EQ,NSE_EQ|INE156901014,NEPTUNE PETROCHEMICALS L,757496,NEPTUNE PETROCHEMICALS L,NEPTUNE
NSE_EQ,NSE_EQ|INE317F01035,NESCO LTD.,15409,NESCO LTD.,NESCO
NSE_EQ,NSE_EQ|INE239A01024,NESTLE INDIA LIMITED,17963,NESTLE INDIA LIMITED,NESTLEIND
NSE_EQ,NSE_EQ|INF277K015R5,TATAAML - NETF,7838,TATAAML - NETF,NETF
NSE_EQ,NSE_EQ|INE0NT901020,NETWEB TECH INDIA LTD,17433,NETWEB TECH INDIA LTD,NETWEB
NSE_EQ,NSE_EQ|INE870H01013,NETWORK18 MEDIA & INV LTD,14111,NETWORK18 MEDIA & INV LTD,NETWORK18
NSE_EQ,NSE_EQ|INE794A01010,NEULAND LAB LTD.,2406,NEULAND LAB LTD.,NEULANDLAB
NSE_EQ,NSE_EQ|INE619B01017,NEWGEN SOFTWARE TECH LTD,1164,NEWGEN SOFTWARE TECH LTD,NEWGEN
NSE_EQ,NSE_EQ|INE0PW501021,NEWJAISA TECHNOLOGIES LTD,19161,NEWJAISA TECHNOLOGIES LTD,NEWJAISA
NSE_EQ,NSE_EQ|INF740KA1VE5,DSPAMC - NEXT30ADD,29464,DSPAMC - NEXT30ADD,NEXT30ADD
NSE_EQ,NSE_EQ|INF769K01FN2,MIRAEAMC - MANXT50,17181,MIRAEAMC - MANXT50,NEXT50
NSE_EQ,NSE_EQ|INF109KC1NS5,ICICIPRAMC - ICICINXT50,4529,ICICIPRAMC - ICICINXT50,NEXT50IETF
NSE_EQ,NSE_EQ|INE747B01016,NEXT MEDIAWORKS LIMITED,9864,NEXT MEDIAWORKS LIMITED,NEXTMEDIA
NSE_EQ,NSE_EQ|INE870D01012,NATIONAL FERT. LTD,13925,NATIONAL FERT. LTD,NFL
NSE_EQ,NSE_EQ|INE236Y01012,NAKODA GROUP OF IND. LTD,5401,NAKODA GROUP OF IND. LTD,NGIL
NSE_EQ,NSE_EQ|INE887E01022,NGL FINE CHEM LIMITED,10287,NGL FINE CHEM LIMITED,NGLFINE
NSE_EQ,NSE_EQ|INE410P01011,NARAYANA HRUDAYALAYA LTD.,11840,NARAYANA HRUDAYALAYA LTD.,NH
NSE_EQ,NSE_EQ|INE0H7R23014,NATIONAL HIGHW INFRA TRUS,6531,NATIONAL HIGHW INFRA TRUS,NHIT
NSE_EQ,NSE_EQ|INE848E01016,NHPC LTD,17400,NHPC LTD,NHPC
NSE_EQ,NSE_EQ|INE470Y01017,THE NEW INDIA ASSU CO LTD,399,THE NEW INDIA ASSU CO LTD,NIACL
NSE_EQ,NSE_EQ|INE149O01018,NIBE LIMITED,29487,NIBE LIMITED,NIBE
NSE_EQ,NSE_EQ|INE047O01014,NRB INDUS. BEARINGS LTD.,29737,NRB INDUS. BEARINGS LTD.,NIBL
NSE_EQ,NSE_EQ|INE0J6L01013,NIDAN LABS AND HEALTH LTD,6592,NIDAN LABS AND HEALTH LTD,NIDAN
NSE_EQ,NSE_EQ|INE530L07236,SEC RED NCD SR. VII,17868,SEC RED NCD SR. VII,NIDOZC26
NSE_EQ,NSE_EQ|INF204K014N5,NIP IND ETF NIFTY 100,29577,NIP IND ETF NIFTY 100,NIF100BEES
NSE_EQ,NSE_EQ|INF109KC16V9,ICICI PRUD NIFTY 100 ETF,30392,ICICI PRUD NIFTY 100 ETF,NIF100IETF
NSE_EQ,NSE_EQ|INF789F1AZF3,UTIAMC - NIF10GETF,22524,UTIAMC - NIF10GETF,NIF10GETF
NSE_EQ,NSE_EQ|INF789F1AZE6,UTIAMC - NIF5GETF,22521,UTIAMC - NIF5GETF,NIF5GETF
NSE_EQ,NSE_EQ|INF789F1AZD8,UTIAMC - NIFITETF,22488,UTIAMC - NIFITETF,NIFITETF
NSE_EQ,NSE_EQ|INF789F1AYX9,UTIAMC - NIFMID150,18347,UTIAMC - NIFMID150,NIFMID150
NSE_EQ,NSE_EQ|INF174K014P6,KOTAK NIFTY ETF,18102,KOTAK NIFTY ETF,NIFTY1
NSE_EQ,NSE_EQ|INF174KA1UW4,KOTAKMAMC - NIFTY100EW,29944,KOTAKMAMC - NIFTY100EW,NIFTY100EW
NSE_EQ,NSE_EQ|INF740KA1CL0,DSPAMC - DSPN50ETF,7451,DSPAMC - DSPN50ETF,NIFTY50ADD
NSE_EQ,NSE_EQ|INF204KB14I2,NIP IND ETF NIFTY BEES,10576,NIP IND ETF NIFTY BEES,NIFTYBEES
NSE_EQ,NSE_EQ|INF0QA701722,BFAM - NIFTYBETF,21959,BFAM - NIFTYBETF,NIFTYBETF
NSE_EQ,NSE_EQ|INF769K01EG9,MIRAEAMC - MAN50ETF,6353,MIRAEAMC - MAN50ETF,NIFTYETF
NSE_EQ,NSE_EQ|INF109K012R6,ICICI PRUD NIFTY ETF,29553,ICICI PRUD NIFTY ETF,NIFTYIETF
NSE_EQ,NSE_EQ|INF209KB15K4,BIRLASLAMC - NIFTYQLITY,10690,BIRLASLAMC - NIFTYQLITY,NIFTYQLITY
NSE_EQ,NSE_EQ|INE161A01038,NIIT LIMITED,11522,NIIT LIMITED,NIITLTD
NSE_EQ,NSE_EQ|INE342G01023,NIIT LEARNING SYSTEMS LTD,17747,NIIT LEARNING SYSTEMS LTD,NIITMTS
NSE_EQ,NSE_EQ|INE0FLF01015,NIKITA PAPERS LIMITED,758181,NIKITA PAPERS LIMITED,NIKITA
NSE_EQ,NSE_EQ|INE937C01029,NILA INFRASTRUCTURES LTD,9253,NILA INFRASTRUCTURES LTD,NILAINFRA
NSE_EQ,NSE_EQ|INE00S901012,NILA SPACES LIMITED,7411,NILA SPACES LIMITED,NILASPACES
NSE_EQ,NSE_EQ|INE310A01015,NILKAMAL LIMITED,2421,NILKAMAL LIMITED,NILKAMAL
NSE_EQ,NSE_EQ|INE395U01014,NINTEC SYSTEMS LIMITED,14194,NINTEC SYSTEMS LIMITED,NINSYS
NSE_EQ,NSE_EQ|INE567A01028,INDO-NATIONAL LIMITED,6782,INDO-NATIONAL LIMITED,NIPPOBATRY
NSE_EQ,NSE_EQ|INE368I01016,NIRAJ CEMENT STRUC LTD,255,NIRAJ CEMENT STRUC LTD,NIRAJ
NSE_EQ,NSE_EQ|INE326T01011,NIRAJ ISPAT IND LTD,18840,NIRAJ ISPAT IND LTD,NIRAJISPAT
NSE_EQ,NSE_EQ|INE0OK701014,NIRMAN AGRI GENTICS LTD,14725,NIRMAN AGRI GENTICS LTD,NIRMAN
NSE_EQ,NSE_EQ|INE858F01012,NITCO LIMITED,13300,NITCO LIMITED,NITCO
NSE_EQ,NSE_EQ|INE229H01012,NITIN SPINNERS LIMITED,13175,NITIN SPINNERS LIMITED,NITINSPIN
NSE_EQ,NSE_EQ|INE439T01012,NITIRAJ ENGINEERS LTD,3251,NITIRAJ ENGINEERS LTD,NITIRAJ
NSE_EQ,NSE_EQ|INE995S01015,NIVA BUPA HEALTH INS CO L,27097,NIVA BUPA HEALTH INS CO L,NIVABUPA
NSE_EQ,NSE_EQ|INE542C01019,NK INDUSTRIES LTD,2439,NK INDUSTRIES LTD,NKIND
NSE_EQ,NSE_EQ|INE589A01014,NLC INDIA LIMITED,8585,NLC INDIA LIMITED,NLCINDIA
NSE_EQ,NSE_EQ|INE584A01023,NMDC LTD.,15332,NMDC LTD.,NMDC
NSE_EQ,NSE_EQ|INF204K01EE2,NIMF IF -AIF S-I IDR,30215,NIMF IF -AIF S-I IDR,NMFINAIDR1
NSE_EQ,NSE_EQ|INF204K01EB8,NI INTFUND AIF SI RPDP RO,23163,NI INTFUND AIF SI RPDP RO,NMFINARDR1
NSE_EQ,NSE_EQ|INF204K01DL9,NIINT FU QIF SI IP DP-DPO,22998,NIINT FU QIF SI IP DP-DPO,NMFINQIDP1
NSE_EQ,NSE_EQ|INF204K01XT0,NIINTR FUND-QIF SR I-GRW,210,NIINTR FUND-QIF SR I-GRW,NMFINQRAG1
NSE_EQ,NSE_EQ|INF204K01DI5,NIINT FU-QIF-SI-RP DP-DPO,23016,NIINT FU-QIF-SI-RP DP-DPO,NMFINQRDP1
NSE_EQ,NSE_EQ|INE0TP801012,NEWMALAYALAM STEEL LTD,28804,NEWMALAYALAM STEEL LTD,NMSTEEL
NSE_EQ,NSE_EQ|INE163A01018,NOCIL LIMITED,2442,NOCIL LIMITED,NOCIL
NSE_EQ,NSE_EQ|INE781B01015,NOIDA TOLL BRIDGE CO LTD,11214,NOIDA TOLL BRIDGE CO LTD,NOIDATOLL
NSE_EQ,NSE_EQ|INE369C01017,NORBEN TEA &EXPORTS LTD,9431,NORBEN TEA &EXPORTS LTD,NORBTEAEXP
NSE_EQ,NSE_EQ|INE850M01015,NORTHERN ARC CAPITAL LTD,25426,NORTHERN ARC CAPITAL LTD,NORTHARC
NSE_EQ,NSE_EQ|INE02H701025,NOVA AGRITECH LIMITED,22477,NOVA AGRITECH LIMITED,NOVAAGRI
NSE_EQ,NSE_EQ|INF277K010X4,TATAAML - NPBET,12978,TATAAML - NPBET,NPBET
NSE_EQ,NSE_EQ|INE0FFK01017,NETWORK PEOPLE SRV TECH L,756324,NETWORK PEOPLE SRV TECH L,NPST
NSE_EQ,NSE_EQ|INE740D01017,N R AGARWAL INDS LTD,20314,N R AGARWAL INDS LTD,NRAIL
NSE_EQ,NSE_EQ|INE349A01021,NRB BEARING LIMITED,7553,NRB BEARING LIMITED,NRBBEARING
NSE_EQ,NSE_EQ|INE0JM501013,NUPUR RECYCLERS LIMITED,13680,NUPUR RECYCLERS LIMITED,NRL
NSE_EQ,NSE_EQ|INE104101014,N R VANDANA TEX IND LTD,757492,N R VANDANA TEX IND LTD,NRVANDANA
NSE_EQ,NSE_EQ|INE023A01030,NALWA SONS INVESTMENT LTD,11239,NALWA SONS INVESTMENT LTD,NSIL
NSE_EQ,NSE_EQ|INE0NNS01018,NMDC STEEL LIMITED,14180,NMDC STEEL LIMITED,NSLNISP
NSE_EQ,NSE_EQ|INE733E01010,NTPC LTD,11630,NTPC LTD,NTPC
NSE_EQ,NSE_EQ|INE0ONG01011,NTPC GREEN ENERGY LIMITED,27176,NTPC GREEN ENERGY LIMITED,NTPCGREEN
NSE_EQ,NSE_EQ|INE096B01018,NUCLEUS SOFTWARE EXPORTS,10791,NUCLEUS SOFTWARE EXPORTS,NUCLEUS
NSE_EQ,NSE_EQ|INE0DSF01015,NURECA LIMITED,2353,NURECA LIMITED,NURECA
NSE_EQ,NSE_EQ|INE531F01015,NUVAMA WEALTH MANAGE LTD,18721,NUVAMA WEALTH MANAGE LTD,NUVAMA
NSE_EQ,NSE_EQ|INE118D01016,NUVOCO VISTAS CORP LTD,5426,NUVOCO VISTAS CORP LTD,NUVOCO
NSE_EQ,NSE_EQ|INF174K01Z71,KOTAKMAMC - KTKNV20ETF,11457,KOTAKMAMC - KTKNV20ETF,NV20
NSE_EQ,NSE_EQ|INF204KB18I3,NIP IND ETF ETF NV20,9847,NIP IND ETF ETF NV20,NV20BEES
NSE_EQ,NSE_EQ|INF109KC11V0,ICICI PRUDENTIAL NV20 ETF,17475,ICICI PRUDENTIAL NV20 ETF,NV20IETF
NSE_EQ,NSE_EQ|INE0NDH25011,NEXUS SELECT TRUST,15815,NEXUS SELECT TRUST,NXST
NSE_EQ,NSE_EQ|INE0SF023016,NXT-INFRA TRUST,24298,NXT-INFRA TRUST,NXT-INFRA
NSE_EQ,NSE_EQ|INE388Y01029,FSN E COMMERCE VENTURES,6545,FSN E COMMERCE VENTURES,NYKAA
NSE_EQ,NSE_EQ|INE959C01023,ORIENTAL AROMATICS LTD,10768,ORIENTAL AROMATICS LTD,OAL
NSE_EQ,NSE_EQ|INE426Z01016,ORISSA BENGAL CARRIER LTD,8797,ORISSA BENGAL CARRIER LTD,OBCL
NSE_EQ,NSE_EQ|INE093I01010,OBEROI REALTY LIMITED,20242,OBEROI REALTY LIMITED,OBEROIRLTY
NSE_EQ,NSE_EQ|INE0YHV01011,OBSC PERFECTION LIMITED,25926,OBSC PERFECTION LIMITED,OBSCP
NSE_EQ,NSE_EQ|INE321D01016,ORIENTAL CARBN & CHEM LTD,12256,ORIENTAL CARBN & CHEM LTD,OCCL
NSE_EQ,NSE_EQ|INE0PK601023,OCCL LIMITED,25920,OCCL LIMITED,OCCLLTD
NSE_EQ,NSE_EQ|INE054301028,ODIGMA CONSULTANCY SOL L,27575,ODIGMA CONSULTANCY SOL L,ODIGMA
NSE_EQ,NSE_EQ|INE881D01027,ORACLE FIN SERV SOFT LTD.,10738,ORACLE FIN SERV SOFT LTD.,OFSS
NSE_EQ,NSE_EQ|INE274J01014,OIL INDIA LTD,17438,OIL INDIA LTD,OIL
NSE_EQ,NSE_EQ|INE591A01010,OIL COUNTRY TUBULAR LTD,2472,OIL COUNTRY TUBULAR LTD,OILCOUNTUB
NSE_EQ,NSE_EQ|INF109KC18W3,ICICIPRAMC - OILIETF,24533,ICICIPRAMC - OILIETF,OILIETF
NSE_EQ,NSE_EQ|INE0LXG01040,OLA ELECTRIC MOBILITY LTD,24777,OLA ELECTRIC MOBILITY LTD,OLAELEC
NSE_EQ,NSE_EQ|INE260D01016,OLECTRA GREENTECH LIMITED,10637,OLECTRA GREENTECH LIMITED,OLECTRA
NSE_EQ,NSE_EQ|INE0OPS01011,ONECLICK LOGISTICS IND L,19433,ONECLICK LOGISTICS IND L,OLIL
NSE_EQ,NSE_EQ|INE090B01011,OMAX AUTOS LTD,10922,OMAX AUTOS LTD,OMAXAUTO
NSE_EQ,NSE_EQ|INE800H01010,OMAXE LIMITED,14853,OMAXE LIMITED,OMAXE
NSE_EQ,NSE_EQ|INE338Y01016,OMFURN INDIA LIMITED,117,OMFURN INDIA LIMITED,OMFURN
NSE_EQ,NSE_EQ|INE239D01028,OM INFRA LIMITED,24231,OM INFRA LIMITED,OMINFRAL
NSE_EQ,NSE_EQ|INE474L01016,OMKAR SPL CHEM LTD,13515,OMKAR SPL CHEM LTD,OMKARCHEM
NSE_EQ,NSE_EQ|INE00ER01015,ON DOOR CONCEPTS LIMITED,19703,ON DOOR CONCEPTS LIMITED,ONDOOR
NSE_EQ,NSE_EQ|INE912L01015,ONELIFE CAP ADVISORS LTD,25492,ONELIFE CAP ADVISORS LTD,ONELIFECAP
NSE_EQ,NSE_EQ|INE840Y01029,ONE POINT ONE SOL LTD,9939,ONE POINT ONE SOL LTD,ONEPOINT
NSE_EQ,NSE_EQ|INE013P01021,ONESOURCE SPECL PHARMA L,29224,ONESOURCE SPECL PHARMA L,ONESOURCE
NSE_EQ,NSE_EQ|INE213A01029,OIL AND NATURAL GAS CORP.,2475,OIL AND NATURAL GAS CORP.,ONGC
NSE_EQ,NSE_EQ|INE809I01019,ONMOBILE GLOBAL LTD.,15278,ONMOBILE GLOBAL LTD.,ONMOBILE
NSE_EQ,NSE_EQ|INE229A01017,ONWARD TECHNOLOGIES LTD,2481,ONWARD TECHNOLOGIES LTD,ONWARDTEC
NSE_EQ,NSE_EQ|INE0WVU01018,ONYX BIOTEC LIMITED,27136,ONYX BIOTEC LIMITED,ONYX
NSE_EQ,NSE_EQ|INE350C01017,OPTIEMUS INFRACOM LTD,21469,OPTIEMUS INFRACOM LTD,OPTIEMUS
NSE_EQ,NSE_EQ|INE231G01010,ORBIT EXPORTS LIMITED,31475,ORBIT EXPORTS LIMITED,ORBTEXP
NSE_EQ,NSE_EQ|INE215B01022,ORCHASP LIMITED,29495,ORCHASP LIMITED,ORCHASP
NSE_EQ,NSE_EQ|INE191A01027,ORCHID PHARMA LIMITED,926,ORCHID PHARMA LIMITED,ORCHPHARMA
NSE_EQ,NSE_EQ|INE0OUT01019,ORIANA POWER LIMITED,17882,ORIANA POWER LIMITED,ORIANA
NSE_EQ,NSE_EQ|INE730A01022,ORICON ENTERPRISES LTD,10159,ORICON ENTERPRISES LTD,ORICONENT
NSE_EQ,NSE_EQ|INE998H01012,ORIENTAL TRIMEX LTD,14350,ORIENTAL TRIMEX LTD,ORIENTALTL
NSE_EQ,NSE_EQ|INE607D01018,ORIENT BELL LIMITED,14278,ORIENT BELL LIMITED,ORIENTBELL
NSE_EQ,NSE_EQ|INE876N01018,ORIENT CEMENT LTD.,30089,ORIENT CEMENT LTD.,ORIENTCEM
NSE_EQ,NSE_EQ|INE569C01020,ORIENT CERATECH LIMITED,13111,ORIENT CERATECH LIMITED,ORIENTCER
NSE_EQ,NSE_EQ|INE142Z01019,ORIENT ELECTRIC LIMITED,2972,ORIENT ELECTRIC LIMITED,ORIENTELEC
NSE_EQ,NSE_EQ|INE750A01020,ORIENT HOTELS LTD,2493,ORIENT HOTELS LTD,ORIENTHOT
NSE_EQ,NSE_EQ|INE609C01024,ORIENT PRESS LIMITED,18208,ORIENT PRESS LIMITED,ORIENTLTD
NSE_EQ,NSE_EQ|INE592A01026,ORIENT PAPER AND INDS LTD,2496,ORIENT PAPER AND INDS LTD,ORIENTPPR
NSE_EQ,NSE_EQ|INE0PPK01015,ORIENT TECHNOLOGIES LTD,24961,ORIENT TECHNOLOGIES LTD,ORIENTTECH
NSE_EQ,NSE_EQ|INE725E01024,ORISSA MIN DEV CO LTD,19931,ORISSA MIN DEV CO LTD,ORISSAMINE
NSE_EQ,NSE_EQ|INE849L01019,ORTEL COMMUNICATIONS LTD,13321,ORTEL COMMUNICATIONS LTD,ORTEL
NSE_EQ,NSE_EQ|INE749B01020,ORTIN GLOBAL LIMITED,2980,ORTIN GLOBAL LIMITED,ORTINGLOBE
NSE_EQ,NSE_EQ|INE07Z523018,ORIENTAL INFRATRUST,10435,ORIENTAL INFRATRUST,OSEINTRUST
NSE_EQ,NSE_EQ|INE0RMF01018,OSEL DEVICES LIMITED,25386,OSEL DEVICES LIMITED,OSELDEVICE
NSE_EQ,NSE_EQ|INE06IR01021,OSIA HYPER RETAIL LIMITED,12635,OSIA HYPER RETAIL LIMITED,OSIAHYPER
NSE_EQ,NSE_EQ|INE142A01012,OSWAL AGRO MILLS LTD,2514,OSWAL AGRO MILLS LTD,OSWALAGRO
NSE_EQ,NSE_EQ|INE143A01010,OSWAL GREENTECH LIMITED,471,OSWAL GREENTECH LIMITED,OSWALGREEN
NSE_EQ,NSE_EQ|INE00IK01029,SHREEOSWAL S AND CHE LTD,14310,SHREEOSWAL S AND CHE LTD,OSWALSEEDS
NSE_EQ,NSE_EQ|INE0R8M01017,OWAIS METAL & MINERAL,22914,OWAIS METAL & MINERAL,OWAIS
NSE_EQ,NSE_EQ|INE761H01022,PAGE INDUSTRIES LTD,14413,PAGE INDUSTRIES LTD,PAGEIND
NSE_EQ,NSE_EQ|INE420C01059,PAISALO DIGITAL LIMITED,25468,PAISALO DIGITAL LIMITED,PAISALO
NSE_EQ,NSE_EQ|INE551D01018,PAKKA LIMITED,17197,PAKKA LIMITED,PAKKA
NSE_EQ,NSE_EQ|INE471W01019,PALASH SECURITIES LTD,21383,PALASH SECURITIES LTD,PALASHSECU
NSE_EQ,NSE_EQ|INE218G01033,PALRED TECHNOLOGIES LTD,17059,PALRED TECHNOLOGIES LTD,PALREDTEC
NSE_EQ,NSE_EQ|INE922B01023,PANACEA BIOTEC LTD,4055,PANACEA BIOTEC LTD,PANACEABIO
NSE_EQ,NSE_EQ|INE895W01019,PANACHE DIGILIFE LIMITED,16355,PANACHE DIGILIFE LIMITED,PANACHE
NSE_EQ,NSE_EQ|INE305C01029,PANAMA PETROCHEM LTD,25392,PANAMA PETROCHEM LTD,PANAMAPET
NSE_EQ,NSE_EQ|INE697V01011,PANSARI DEVELOPERS LTD,6152,PANSARI DEVELOPERS LTD,PANSARI
NSE_EQ,NSE_EQ|INE04LG01015,PAR DRUGS AND CHEM LTD,5637,PAR DRUGS AND CHEM LTD,PAR
NSE_EQ,NSE_EQ|INE074B01023,PARAMOUNT COMM LTD,13951,PARAMOUNT COMM LTD,PARACABLES
NSE_EQ,NSE_EQ|INE088F01024,PARADEEP PHOSPHATES LTD,9741,PARADEEP PHOSPHATES LTD,PARADEEP
NSE_EQ,NSE_EQ|INE883N01014,PARAG MILK FOODS LTD.,17130,PARAG MILK FOODS LTD.,PARAGMILK
NSE_EQ,NSE_EQ|INE0N4G01012,PARAGON FINE S.C. LTD.,19779,PARAGON FINE S.C. LTD.,PARAGON
NSE_EQ,NSE_EQ|INE0S2W01018,PARAMATRIX TECHNOLOGIES L,25069,PARAMATRIX TECHNOLOGIES L,PARAMATRIX
NSE_EQ,NSE_EQ|INE0TG801013,PARAMOUNT DYE TEC LIMITED,25720,PARAMOUNT DYE TEC LIMITED,PARAMOUNT
NSE_EQ,NSE_EQ|INE045601015,PARAS DEF AND SPCE TECH L,5911,PARAS DEF AND SPCE TECH L,PARAS
NSE_EQ,NSE_EQ|INE162C01024,PARAS PETROFILS LTD.,3972,PARAS PETROFILS LTD.,PARASPETRO
NSE_EQ,NSE_EQ|INE00U801010,PARIN ENTERPRISES LIMITED,5460,PARIN ENTERPRISES LIMITED,PARIN
NSE_EQ,NSE_EQ|INE988S01028,PARKHOTELS,22649,PARKHOTELS,PARKHOTELS
NSE_EQ,NSE_EQ|INE561H01026,PARSVNATH DEVELOPER LTD,13791,PARSVNATH DEVELOPER LTD,PARSVNATH
NSE_EQ,NSE_EQ|INE06ZX01015,PARTY CRUISERS LIMITED,2599,PARTY CRUISERS LIMITED,PARTYCRUS
NSE_EQ,NSE_EQ|INE124Y01010,PASHUPATI COTSPIN LIMITED,21657,PASHUPATI COTSPIN LIMITED,PASHUPATI
NSE_EQ,NSE_EQ|INE818B01023,PASUPATI ACRYLON LIMITED,6048,PASUPATI ACRYLON LIMITED,PASUPTAC
NSE_EQ,NSE_EQ|INE619A01035,PATANJALI FOODS LIMITED,17029,PATANJALI FOODS LIMITED,PATANJALI
NSE_EQ,NSE_EQ|INE244B01030,PATEL ENGINEERING LTD.,11699,PATEL ENGINEERING LTD.,PATELENG
NSE_EQ,NSE_EQ|INE529D01014,PATEL INT. LOG. LTD,15219,PATEL INT. LOG. LTD,PATINTLOG
NSE_EQ,NSE_EQ|INE0NZW01014,PATTECH FITWELL TUB COM L,15137,PATTECH FITWELL TUB COM L,PATTECH
NSE_EQ,NSE_EQ|INE07S101020,PAVNA INDUSTRIES LIMITED,16192,PAVNA INDUSTRIES LIMITED,PAVNAIND
NSE_EQ,NSE_EQ|INE982J01020,ONE 97 COMMUNICATIONS LTD,6705,ONE 97 COMMUNICATIONS LTD,PAYTM
NSE_EQ,NSE_EQ|INE602A01031,PCBL CHEMICAL LIMITED,2649,PCBL CHEMICAL LIMITED,PCBL
NSE_EQ,NSE_EQ|INE998U01015,PETRO CARBON AND CHEMI L,24290,PETRO CARBON AND CHEMI L,PCCL
NSE_EQ,NSE_EQ|INE516Y07527,3M OIS SPREAD 2.33 BPS,29247,3M OIS SPREAD 2.33 BPS,PCHF230125
NSE_EQ,NSE_EQ|INE516Y07535,3M OIS SPREAD 2.08 BPS,29243,3M OIS SPREAD 2.08 BPS,PCHFL23125
NSE_EQ,NSE_EQ|INE785M01021,PC JEWELLER LTD,29124,PC JEWELLER LTD,PCJEWELLER
NSE_EQ,NSE_EQ|INE389Z07062,PCPL 6 M MIBOR-OIS 2027,25657,PCPL 6 M MIBOR-OIS 2027,PCPL27
NSE_EQ,NSE_EQ|INE865T01018,PUDUMJEE PAPER PRO. LTD,15377,PUDUMJEE PAPER PRO. LTD,PDMJEPAPER
NSE_EQ,NSE_EQ|INE111Q01021,PDS LIMITED,5264,PDS LIMITED,PDSL
NSE_EQ,NSE_EQ|INE844A01013,PEARL POLYMERS LTD,2610,PEARL POLYMERS LTD,PEARLPOLY
NSE_EQ,NSE_EQ|INE140A01024,PIRAMAL ENTERPRISES LTD,2412,PIRAMAL ENTERPRISES LTD,PEL
NSE_EQ,NSE_EQ|INE0VG601013,PELATRO LIMITED,25408,PELATRO LIMITED,PELATRO
NSE_EQ,NSE_EQ|INE932A01024,PENNAR INDUSTRIES LTD,20621,PENNAR INDUSTRIES LTD,PENIND
NSE_EQ,NSE_EQ|INE138A01028,PENINSULA LAND LIMITED,5358,PENINSULA LAND LIMITED,PENINLAND
NSE_EQ,NSE_EQ|INE0ORS01017,PENTAGON RUBBER LIMITED,17132,PENTAGON RUBBER LIMITED,PENTAGON
NSE_EQ,NSE_EQ|INE925S01012,PERFECT INFRAENGINEER LTD,11251,PERFECT INFRAENGINEER LTD,PERFECT
NSE_EQ,NSE_EQ|INE262H01021,PERSISTENT SYSTEMS LTD,18365,PERSISTENT SYSTEMS LTD,PERSISTENT
NSE_EQ,NSE_EQ|INE347G01014,PETRONET LNG LIMITED,11351,PETRONET LNG LIMITED,PETRONET
NSE_EQ,NSE_EQ|INE134E01011,POWER FIN CORP LTD.,14299,POWER FIN CORP LTD.,PFC
NSE_EQ,NSE_EQ|INE182A01018,PFIZER LTD,2643,PFIZER LTD,PFIZER
NSE_EQ,NSE_EQ|INE367G01038,PRIME FOCUS LIMITED,13496,PRIME FOCUS LIMITED,PFOCUS
NSE_EQ,NSE_EQ|INE560K01014,PTC INDIA FIN SERV LTD,22602,PTC INDIA FIN SERV LTD,PFS
NSE_EQ,NSE_EQ|INE457L01029,PG ELECTROPLAST LTD,25358,PG ELECTROPLAST LTD,PGEL
NSE_EQ,NSE_EQ|INE179A01014,P&G HYGIENE & HEALTH CARE,2535,P&G HYGIENE & HEALTH CARE,PGHH
NSE_EQ,NSE_EQ|INE199A01012,PROCTER & GAMBLE HEALTH L,940,PROCTER & GAMBLE HEALTH L,PGHL
NSE_EQ,NSE_EQ|INE940H01022,PEARL GLOBAL IND LIMITED,14260,PEARL GLOBAL IND LIMITED,PGIL
NSE_EQ,NSE_EQ|INF663L01U65,PRAMERAMC - PGIMCSA1G,17985,PRAMERAMC - PGIMCSA1G,PGIMCSA1G
NSE_EQ,NSE_EQ|INF663L01U73,PRAMERAMC - PGIMCSA2D,17986,PRAMERAMC - PGIMCSA2D,PGIMCSA2D
NSE_EQ,NSE_EQ|INF663L01U81,PRAMERAMC - PGIMCSA3D,17993,PRAMERAMC - PGIMCSA3D,PGIMCSA3D
NSE_EQ,NSE_EQ|INF663L01U99,PRAMERAMC - PGIMCSA4D,17994,PRAMERAMC - PGIMCSA4D,PGIMCSA4D
NSE_EQ,NSE_EQ|INF663L01V31,PRAMERAMC - PGIMCSR1D,17995,PRAMERAMC - PGIMCSR1D,PGIMCSR1D
NSE_EQ,NSE_EQ|INF663L01V07,PRAMERAMC - PGIMCSR2G,17996,PRAMERAMC - PGIMCSR2G,PGIMCSR2G
NSE_EQ,NSE_EQ|INF663L01V15,PRAMERAMC - PGIMCSR3D,17997,PRAMERAMC - PGIMCSR3D,PGIMCSR3D
NSE_EQ,NSE_EQ|INF663L01V23,PRAMERAMC - PGIMCSR4D,17998,PRAMERAMC - PGIMCSR4D,PGIMCSR4D
NSE_EQ,NSE_EQ|INE0GGX23010,POWERGRID INFRA. INVITS,3494,POWERGRID INFRA. INVITS,PGINVIT
NSE_EQ,NSE_EQ|INE0MLZ01019,PHANTOM DIGITAL EFF LTD,11612,PHANTOM DIGITAL EFF LTD,PHANTOMFX
NSE_EQ,NSE_EQ|INF204KC1089,NIPPONAMC - NETFPHARMA,4973,NIPPONAMC - NETFPHARMA,PHARMABEES
NSE_EQ,NSE_EQ|INE211B01039,THE PHOENIX MILLS LTD,14552,THE PHOENIX MILLS LTD,PHOENIXLTD
NSE_EQ,NSE_EQ|INE0FPO01018,PHOENIX OVERSEAS LIMITED,25519,PHOENIX OVERSEAS LIMITED,PHOGLOBAL
NSE_EQ,NSE_EQ|INE318A01026,PIDILITE INDUSTRIES LTD,2664,PIDILITE INDUSTRIES LTD,PIDILITIND
NSE_EQ,NSE_EQ|INE557Z01018,POWER INSTRUMENT (G) LTD,15730,POWER INSTRUMENT (G) LTD,PIGL
NSE_EQ,NSE_EQ|INE603J01030,PI INDUSTRIES LTD,24184,PI INDUSTRIES LTD,PIIND
NSE_EQ,NSE_EQ|INE417C01014,PILANI INV & IND COR LTD,11445,PILANI INV & IND COR LTD,PILANIINVS
NSE_EQ,NSE_EQ|INE600A01035,PIL ITALICA LIFESTYLE LTD,30838,PIL ITALICA LIFESTYLE LTD,PILITA
NSE_EQ,NSE_EQ|INE156C01018,PIONEER EMBROIDERIES LTD,13463,PIONEER EMBROIDERIES LTD,PIONEEREMB
NSE_EQ,NSE_EQ|INE450D01021,PITTI ENGINEERING LIMITED,14134,PITTI ENGINEERING LIMITED,PITTIENG
NSE_EQ,NSE_EQ|INE751B01018,PIX TRANSMISSIONS LIMITED,9087,PIX TRANSMISSIONS LIMITED,PIXTRANS
NSE_EQ,NSE_EQ|INE431F01018,THE P K TEA PROD CO LTD,10321,THE P K TEA PROD CO LTD,PKTEA
NSE_EQ,NSE_EQ|INE0PXD01014,PLADA INFOTECH SERVICES L,19492,PLADA INFOTECH SERVICES L,PLADAINFO
NSE_EQ,NSE_EQ|INE083C01022,PLASTIBLENDS INDIA LTD,13920,PLASTIBLENDS INDIA LTD,PLASTIBLEN
NSE_EQ,NSE_EQ|INE0PT501018,PLATINUM INDUSTRIES LTD,22930,PLATINUM INDUSTRIES LTD,PLATIND
NSE_EQ,NSE_EQ|INE0INJ01017,PLAZA WIRES LIMITED,19458,PLAZA WIRES LIMITED,PLAZACABLE
NSE_EQ,NSE_EQ|INE160A01022,PUNJAB NATIONAL BANK,10666,PUNJAB NATIONAL BANK,PNB
NSE_EQ,NSE_EQ|INE859A01011,PNB GILTS LIMITED,8736,PNB GILTS LIMITED,PNBGILTS
NSE_EQ,NSE_EQ|INE572E01012,PNB HOUSING FIN LTD.,18908,PNB HOUSING FIN LTD.,PNBHOUSING
NSE_EQ,NSE_EQ|INE392B01011,PRITISH NANDY COMMUNICATI,9346,PRITISH NANDY COMMUNICATI,PNC
NSE_EQ,NSE_EQ|INE195J01029,PNC INFRATECH LTD.,9385,PNC INFRATECH LTD.,PNCINFRA
NSE_EQ,NSE_EQ|INE953R01016,P N GADGIL JEWELLERS LTD,25312,P N GADGIL JEWELLERS LTD,PNGJL
NSE_EQ,NSE_EQ|INE063E01053,PONDY OXIDES & CHEM LTD,14385,PONDY OXIDES & CHEM LTD,POCL
NSE_EQ,NSE_EQ|INE888B01018,PODDAR HOUSE & DVPT LTD,19672,PODDAR HOUSE & DVPT LTD,PODDARHOUS
NSE_EQ,NSE_EQ|INE371C01013,PODDAR PIGMENTS LIMITED,19036,PODDAR PIGMENTS LIMITED,PODDARMENT
NSE_EQ,NSE_EQ|INE637C01025,POKARNA LIMITED,17651,POKARNA LIMITED,POKARNA
NSE_EQ,NSE_EQ|INE417T01026,PB FINTECH LIMITED,6656,PB FINTECH LIMITED,POLICYBZR
NSE_EQ,NSE_EQ|INE455K01017,POLYCAB INDIA LIMITED,9590,POLYCAB INDIA LIMITED,POLYCAB
NSE_EQ,NSE_EQ|INE205C01021,POLY MEDICURE LIMITED,25718,POLY MEDICURE LIMITED,POLYMED
NSE_EQ,NSE_EQ|INE633B01018,POLYPLEX CORPORATION LTD,2687,POLYPLEX CORPORATION LTD,POLYPLEX
NSE_EQ,NSE_EQ|INE517M01028,POLYSIL IRRIGATION SYST L,22714,POLYSIL IRRIGATION SYST L,POLYSIL
NSE_EQ,NSE_EQ|INE838E01017,PONNIE SUGARS (ERODE) LTD,10661,PONNIE SUGARS (ERODE) LTD,PONNIERODE
NSE_EQ,NSE_EQ|INE511C01022,POONAWALLA FINCORP LTD,11403,POONAWALLA FINCORP LTD,POONAWALLA
NSE_EQ,NSE_EQ|INE0S3H01017,POSITRON ENERGY LIMITED,24867,POSITRON ENERGY LIMITED,POSITRON
NSE_EQ,NSE_EQ|INE752E01010,POWER GRID CORP. LTD.,14977,POWER GRID CORP. LTD.,POWERGRID
NSE_EQ,NSE_EQ|INE07Y701011,HITACHI ENERGY INDIA LTD,18457,HITACHI ENERGY INDIA LTD,POWERINDIA
NSE_EQ,NSE_EQ|INE211R01019,POWER MECH PROJECTS LTD.,10473,POWER MECH PROJECTS LTD.,POWERMECH
NSE_EQ,NSE_EQ|INE095I01015,PPAP AUTOMOTIVE LIMITED,15209,PPAP AUTOMOTIVE LIMITED,PPAP
NSE_EQ,NSE_EQ|INE050001010,PRAKASH PIPES LIMITED,10297,PRAKASH PIPES LIMITED,PPL
NSE_EQ,NSE_EQ|INE0DK501011,PIRAMAL PHARMA LIMITED,11571,PIRAMAL PHARMA LIMITED,PPLPHARMA
NSE_EQ,NSE_EQ|INE0YAL01017,PICTUREPOST STUDIOS LTD,24785,PICTUREPOST STUDIOS LTD,PPSL
NSE_EQ,NSE_EQ|INE0I0M01023,PRABHA ENERGY LIMITED,30134,PRABHA ENERGY LIMITED,PRABHA
NSE_EQ,NSE_EQ|INE505C01016,PRAJAY ENG. SYN. LTD.,13941,PRAJAY ENG. SYN. LTD.,PRAENG
NSE_EQ,NSE_EQ|INE074A01025,PRAJ INDUSTRIES LTD,2705,PRAJ INDUSTRIES LTD,PRAJIND
NSE_EQ,NSE_EQ|INE603A01013,PRAKASH INDUSTRIES LTD,2708,PRAKASH INDUSTRIES LTD,PRAKASH
NSE_EQ,NSE_EQ|INE696K01024,PRAKASH STEELAGE LTD,19599,PRAKASH STEELAGE LTD,PRAKASHSTL
NSE_EQ,NSE_EQ|INE0O7A01017,PRAMARA PROMOTIONS LTD,18514,PRAMARA PROMOTIONS LTD,PRAMARA
NSE_EQ,NSE_EQ|INE0VJG01014,PRANIK LOGISTICS LIMITED,25818,PRANIK LOGISTICS LIMITED,PRANIK
NSE_EQ,NSE_EQ|INE0QA601016,PRATHAM EPC PROJECTS LTD,23113,PRATHAM EPC PROJECTS LTD,PRATHAM
NSE_EQ,NSE_EQ|INE546Y01022,PRAXIS HOME RETAIL LTD,1216,PRAXIS HOME RETAIL LTD,PRAXIS
NSE_EQ,NSE_EQ|INE484I01029,PRECISION CAMSHAFTS LTD.,12603,PRECISION CAMSHAFTS LTD.,PRECAM
NSE_EQ,NSE_EQ|INE0HKW01018,PRECISION METALIKS LTD,7963,PRECISION METALIKS LTD,PRECISION
NSE_EQ,NSE_EQ|INE283A01014,PRECOT LIMITED,2711,PRECOT LIMITED,PRECOT
NSE_EQ,NSE_EQ|INE372C01037,PRECISION WIRES INDIA LTD,2717,PRECISION WIRES INDIA LTD,PRECWIRE
NSE_EQ,NSE_EQ|INE863B01029,PREMIER EXPLOSIVES LTD,17397,PREMIER EXPLOSIVES LTD,PREMEXPLN
NSE_EQ,NSE_EQ|INE342A01018,PREMIER LIMITED,6248,PREMIER LIMITED,PREMIER
NSE_EQ,NSE_EQ|INE0BS701011,PREMIER ENERGIES LIMITED,25049,PREMIER ENERGIES LIMITED,PREMIERENE
NSE_EQ,NSE_EQ|INE309M01020,PREMIER POLYFILM LTD,3908,PREMIER POLYFILM LTD,PREMIERPOL
NSE_EQ,NSE_EQ|INE0M1F01011,PREMIUM PLAST LIMITED,25898,PREMIUM PLAST LIMITED,PREMIUM
NSE_EQ,NSE_EQ|INE0R1601012,PRESSTONIC ENGINEERING L,20498,PRESSTONIC ENGINEERING L,PRESSTONIC
NSE_EQ,NSE_EQ|INE811K01011,PRESTIGE ESTATE LTD,20302,PRESTIGE ESTATE LTD,PRESTIGE
NSE_EQ,NSE_EQ|INE726V01018,PRICOL LIMITED,19631,PRICOL LIMITED,PRICOLLTD
NSE_EQ,NSE_EQ|INE032B01021,PRIME SECURITIES LIMITED,11864,PRIME SECURITIES LIMITED,PRIMESECU
NSE_EQ,NSE_EQ|INE607A01022,PRIMO CHEMICALS LIMITED,756925,PRIMO CHEMICALS LIMITED,PRIMO
NSE_EQ,NSE_EQ|INE689W01016,PRINCE PIPES FITTINGS LTD,16045,PRINCE PIPES FITTINGS LTD,PRINCEPIPE
NSE_EQ,NSE_EQ|INE974Z01015,PRITI INTERNATIONAL LTD,8304,PRITI INTERNATIONAL LTD,PRITI
NSE_EQ,NSE_EQ|INE0MJQ01020,PRITIKA ENG COMPO LTD,12986,PRITIKA ENG COMPO LTD,PRITIKA
NSE_EQ,NSE_EQ|INE583R01029,PRITIKA AUTO INDUS LTD,5292,PRITIKA AUTO INDUS LTD,PRITIKAUTO
NSE_EQ,NSE_EQ|INE959A01019,PRIVI SPECIALITY CHE LTD,8825,PRIVI SPECIALITY CHE LTD,PRIVISCL
NSE_EQ,NSE_EQ|INE0V9N01017,PRIZOR VIZTECH LIMITED,24511,PRIZOR VIZTECH LIMITED,PRIZOR
NSE_EQ,NSE_EQ|INE0CFG01012,PREMIER ROADLINES LIMITED,23764,PREMIER ROADLINES LIMITED,PRLIND
NSE_EQ,NSE_EQ|INE994V01012,PROLIFE INDUSTRIES LTD,19353,PROLIFE INDUSTRIES LTD,PROLIFE
NSE_EQ,NSE_EQ|INE0KN801013,P. E. ANALYTICS LIMITED,8735,P. E. ANALYTICS LIMITED,PROPEQUITY
NSE_EQ,NSE_EQ|INE0BX301013,PROSTARM INFO SYSTEMS LTD,758174,PROSTARM INFO SYSTEMS LTD,PROSTARM
NSE_EQ,NSE_EQ|INE004A01022,PROTEAN EGOV TECHNO LTD,29472,PROTEAN EGOV TECHNO LTD,PROTEAN
NSE_EQ,NSE_EQ|INE0ONE01016,PROVENTUS AGROCOM LIMITED,16483,PROVENTUS AGROCOM LIMITED,PROV
NSE_EQ,NSE_EQ|INE195N01013,PROZONE REALTY LIMITED,28859,PROZONE REALTY LIMITED,PROZONER
NSE_EQ,NSE_EQ|INE010A01011,PRISM JOHNSON LIMITED,2739,PRISM JOHNSON LIMITED,PRSMJOHNSN
NSE_EQ,NSE_EQ|INE00F201020,PRUDENT CORP ADV SER LTD,9553,PRUDENT CORP ADV SER LTD,PRUDENT
NSE_EQ,NSE_EQ|INE024D01016,PRUDENTIAL SUGAR CORPORAT,20527,PRUDENTIAL SUGAR CORPORAT,PRUDMOULI
NSE_EQ,NSE_EQ|INE608A01012,PUNJAB & SIND BANK,21001,PUNJAB & SIND BANK,PSB
NSE_EQ,NSE_EQ|INE0Q6001012,PARAMOUNT SPECIALI FORG L,25431,PARAMOUNT SPECIALI FORG L,PSFL
NSE_EQ,NSE_EQ|INE488V01015,PSP PROJECTS LIMITED,20877,PSP PROJECTS LIMITED,PSPPROJECT
NSE_EQ,NSE_EQ|INE0XUS01012,P S RAJ STEELS LIMITED,29662,P S RAJ STEELS LIMITED,PSRAJ
NSE_EQ,NSE_EQ|INF373I01023,KOTAK PSU BANK,15061,KOTAK PSU BANK,PSUBANK
NSE_EQ,NSE_EQ|INF740KA1SY9,DSPAMC - DSPPSBKETF,17616,DSPAMC - DSPPSBKETF,PSUBANKADD
NSE_EQ,NSE_EQ|INF204KB16I7,NIP IND ETF PSU BANK BEES,15032,NIP IND ETF PSU BANK BEES,PSUBNKBEES
NSE_EQ,NSE_EQ|INF109KC10S8,ICICIPRAMC - PSUBANKICI,14584,ICICIPRAMC - PSUBANKICI,PSUBNKIETF
NSE_EQ,NSE_EQ|INE877F01012,PTC INDIA LIMITED,11355,PTC INDIA LIMITED,PTC
NSE_EQ,NSE_EQ|INE596F01018,PTC INDUSTRIES LIMITED,16682,PTC INDUSTRIES LIMITED,PTCIL
NSE_EQ,NSE_EQ|INE034D01049,PTL ENTERPRISES LTD,14101,PTL ENTERPRISES LTD,PTL
NSE_EQ,NSE_EQ|INE335X01014,PULZ ELECTRONICS LIMITED,507,PULZ ELECTRONICS LIMITED,PULZ
NSE_EQ,NSE_EQ|INE277B01014,PUNJAB CHEM & CROP PROT L,4344,PUNJAB CHEM & CROP PROT L,PUNJABCHEM
NSE_EQ,NSE_EQ|INE0P5R01014,PURPLE UNITED SALES LTD,28044,PURPLE UNITED SALES LTD,PURPLEUTED
NSE_EQ,NSE_EQ|INE323I01011,PURAVANKARA LIMITED,14922,PURAVANKARA LIMITED,PURVA
NSE_EQ,NSE_EQ|INE0R6C01012,PURV FLEXIPACK LIMITED,22942,PURV FLEXIPACK LIMITED,PURVFLEXI
NSE_EQ,NSE_EQ|INE362A01016,PVP VENTURES LIMITED,4010,PVP VENTURES LIMITED,PVP
NSE_EQ,NSE_EQ|INE191H01014,PVR INOX LIMITED,13147,PVR INOX LIMITED,PVRINOX
NSE_EQ,NSE_EQ|INE772T01024,POPULAR VEHICLES N SER L,23142,POPULAR VEHICLES N SER L,PVSL
NSE_EQ,NSE_EQ|INF109KC18U7,ICICIPRAMC - ICICIBANKP,11386,ICICIPRAMC - ICICIBANKP,PVTBANIETF
NSE_EQ,NSE_EQ|INF740KA1TA7,DSPAMC - DSPPVBKETF,17576,DSPAMC - DSPPVBKETF,PVTBANKADD
NSE_EQ,NSE_EQ|INE0MIS01010,PYRAMID TECHNOPLAST LTD,18250,PYRAMID TECHNOPLAST LTD,PYRAMID
NSE_EQ,NSE_EQ|INE0O1M01015,QUALITY FOILS (INDIA) LTD,14613,QUALITY FOILS (INDIA) LTD,QFIL
NSE_EQ,NSE_EQ|INF082J01408,QUANTUM GOLD FUND,15330,QUANTUM GOLD FUND,QGOLDHALF
NSE_EQ,NSE_EQ|INE0FMW01018,QMS MEDICAL ALLIED S LTD,11467,QMS MEDICAL ALLIED S LTD,QMSMEDI
NSE_EQ,NSE_EQ|INF082J01028,QUANTUM NIFTY 50 ETF,16819,QUANTUM NIFTY 50 ETF,QNIFTY
NSE_EQ,NSE_EQ|INE0SII01026,QUALITY POWER ELEC EQUP L,29711,QUALITY POWER ELEC EQUP L,QPOWER
NSE_EQ,NSE_EQ|INE0LRY01011,QUADRANT FUTURE TEK LTD,29087,QUADRANT FUTURE TEK LTD,QUADFUTURE
NSE_EQ,NSE_EQ|INE0GOJ01027,QUADPRO ITES LIMITED,5870,QUADPRO ITES LIMITED,QUADPRO
NSE_EQ,NSE_EQ|INF109KC18V5,ICICIPRAMC - ICICIQTY30,17808,ICICIPRAMC - ICICIQTY30,QUAL30IETF
NSE_EQ,NSE_EQ|INE615P01015,QUESS CORP LIMITED,17704,QUESS CORP LIMITED,QUESS
NSE_EQ,NSE_EQ|INE0TNW01017,QUEST LABORATORIES LTD,23793,QUEST LABORATORIES LTD,QUESTLAB
NSE_EQ,NSE_EQ|INE306L01010,QUICK HEAL TECH LTD,13116,QUICK HEAL TECH LTD,QUICKHEAL
NSE_EQ,NSE_EQ|INE0K4D01020,QUICKTOUCH TECHNOLOGIES L,15294,QUICKTOUCH TECHNOLOGIES L,QUICKTOUCH
NSE_EQ,NSE_EQ|INE033B01011,QUINTEGRA SOLUTIONS LTD.,9376,QUINTEGRA SOLUTIONS LTD.,QUINTEGRA
NSE_EQ,NSE_EQ|INE0KZF01015,QVC EXPORTS LIMITED,24960,QVC EXPORTS LIMITED,QVCEL
NSE_EQ,NSE_EQ|INE084Q01012,RACE ECO CHAIN LIMITED,15391,RACE ECO CHAIN LIMITED,RACE
NSE_EQ,NSE_EQ|INE704B01017,RACL GEARTECH LIMITED,27171,RACL GEARTECH LIMITED,RACLGEAR
NSE_EQ,NSE_EQ|INE874F01027,RADAAN MEDIAWORKS (I) LTD,10932,RADAAN MEDIAWORKS (I) LTD,RADAAN
NSE_EQ,NSE_EQ|INE583V01021,RADHIKA JEWELTECH LIMITED,10343,RADHIKA JEWELTECH LIMITED,RADHIKAJWE
NSE_EQ,NSE_EQ|INE855R01021,RADIANT CASH MGMT SER LTD,13580,RADIANT CASH MGMT SER LTD,RADIANTCMS
NSE_EQ,NSE_EQ|INE944F01028,RADICO KHAITAN LTD,10990,RADICO KHAITAN LTD,RADICO
NSE_EQ,NSE_EQ|INE919I01024,MUSIC BROADCAST LIMITED,15082,MUSIC BROADCAST LIMITED,RADIOCITY
NSE_EQ,NSE_EQ|INE430U01019,RADIOWALLA NETWORK LTD,23442,RADIOWALLA NETWORK LTD,RADIOWALLA
NSE_EQ,NSE_EQ|INE0DD101019,RAILTEL CORP OF IND LTD,2431,RAILTEL CORP OF IND LTD,RAILTEL
NSE_EQ,NSE_EQ|INE855B01025,RAIN INDUSTRIES LIMITED,15337,RAIN INDUSTRIES LIMITED,RAIN
NSE_EQ,NSE_EQ|INE961O01016,RAINBOW CHILDRENS MED LTD,9408,RAINBOW CHILDRENS MED LTD,RAINBOW
NSE_EQ,NSE_EQ|INE343B01030,RAJESH EXPORTS LTD,7401,RAJESH EXPORTS LTD,RAJESHEXPO
NSE_EQ,NSE_EQ|INE0PCU01012,RAJPUTANA INDUSTRIES LTD,24707,RAJPUTANA INDUSTRIES LTD,RAJINDLTD
NSE_EQ,NSE_EQ|INE00KV01022,RAJNANDINI METAL LIMITED,2171,RAJNANDINI METAL LIMITED,RAJMET
NSE_EQ,NSE_EQ|INE535F01024,RAJOO ENGINEERS LIMITED,757049,RAJOO ENGINEERS LIMITED,RAJOOENG
NSE_EQ,NSE_EQ|INE0VHU01019,RAJPUTANA BIODIESEL LTD,27269,RAJPUTANA BIODIESEL LTD,RAJPUTANA
NSE_EQ,NSE_EQ|INE451D01029,RAJRATAN GLOBAL WIRE LTD,18962,RAJRATAN GLOBAL WIRE LTD,RAJRATAN
NSE_EQ,NSE_EQ|INE533D01032,RAJ RAYON INDUSTRIES LTD,8428,RAJ RAYON INDUSTRIES LTD,RAJRILTD
NSE_EQ,NSE_EQ|INE562B01019,RAJSHREE SUGAR & CHEMICAL,2809,RAJSHREE SUGAR & CHEMICAL,RAJSREESUG
NSE_EQ,NSE_EQ|INE952H01027,RAJ TV NETWORK LTD,14407,RAJ TV NETWORK LTD,RAJTV
NSE_EQ,NSE_EQ|INE011H01014,RAJVIR INDUSTRIES LIMITED,6259,RAJVIR INDUSTRIES LIMITED,RAJVIR
NSE_EQ,NSE_EQ|INE613A01020,RALLIS INDIA LTD,2816,RALLIS INDIA LTD,RALLIS
NSE_EQ,NSE_EQ|INE278B01020,SHREE RAMA NEWSPRINT LTD,13569,SHREE RAMA NEWSPRINT LTD,RAMANEWS
NSE_EQ,NSE_EQ|INE809A01032,RAMA PHOSPHATES LIMITED,10571,RAMA PHOSPHATES LIMITED,RAMAPHO
NSE_EQ,NSE_EQ|INE230R01035,RAMA STEEL TUBES LIMITED,10300,RAMA STEEL TUBES LIMITED,RAMASTEEL
NSE_EQ,NSE_EQ|INE331A01037,THE RAMCO CEMENTS LIMITED,2043,THE RAMCO CEMENTS LIMITED,RAMCOCEM
NSE_EQ,NSE_EQ|INE614A01028,RAMCO INDUSTRIES LIMITED,4587,RAMCO INDUSTRIES LIMITED,RAMCOIND
NSE_EQ,NSE_EQ|INE246B01019,RAMCO SYSTEMS LTD.,7851,RAMCO SYSTEMS LTD.,RAMCOSYS
NSE_EQ,NSE_EQ|INE874I01013,RAMKY INFRA LTD,20134,RAMKY INFRA LTD,RAMKY
NSE_EQ,NSE_EQ|INE207E01023,RAM RATNA WIRES LIMITED,10485,RAM RATNA WIRES LIMITED,RAMRAT
NSE_EQ,NSE_EQ|INE625B01014,RANA SUGARS LTD.,2837,RANA SUGARS LTD.,RANASUG
NSE_EQ,NSE_EQ|INE384A01010,RANE HOLDINGS LIMITED,2844,RANE HOLDINGS LIMITED,RANEHOLDIN
NSE_EQ,NSE_EQ|INE0QX901013,RAPID FLEET MGT SERVICE L,30460,RAPID FLEET MGT SERVICE L,RAPIDFLEET
NSE_EQ,NSE_EQ|INE0MVO01012,RAPPID VALVES (INDIA) LTD,25610,RAPPID VALVES (INDIA) LTD,RAPPID
NSE_EQ,NSE_EQ|INE0CLI01024,RATEGAIN TRAVEL TECHN LTD,7177,RATEGAIN TRAVEL TECHN LTD,RATEGAIN
NSE_EQ,NSE_EQ|INE703B01027,RATNAMANI MET & TUB LTD.,13451,RATNAMANI MET & TUB LTD.,RATNAMANI
NSE_EQ,NSE_EQ|INE05CZ01011,RATNAVEER PRECISION ENG L,18423,RATNAVEER PRECISION ENG L,RATNAVEER
NSE_EQ,NSE_EQ|INE301A01014,RAYMOND LTD,2859,RAYMOND LTD,RAYMOND
NSE_EQ,NSE_EQ|INE02ID01020,RAYMOND LIFESTYLE LIMITED,25073,RAYMOND LIFESTYLE LIMITED,RAYMONDLSL
NSE_EQ,NSE_EQ|INE07T201019,RESTAURANT BRAND ASIA LTD,1494,RESTAURANT BRAND ASIA LTD,RBA
NSE_EQ,NSE_EQ|INE976G01028,RBL BANK LIMITED,18391,RBL BANK LIMITED,RBLBANK
NSE_EQ,NSE_EQ|INE0NA301016,RBM INFRACON LIMITED,13578,RBM INFRACON LIMITED,RBMINFRA
NSE_EQ,NSE_EQ|INE0RJH01010,RAMDEVBABA SOLVENT LTD,23565,RAMDEVBABA SOLVENT LTD,RBS
NSE_EQ,NSE_EQ|INE0PEQ01016,RBZ JEWELLERS LIMITED,20893,RBZ JEWELLERS LIMITED,RBZJEWEL
NSE_EQ,NSE_EQ|INE0BZQ01011,RAJGOR CASTOR DERIVATI L,19681,RAJGOR CASTOR DERIVATI L,RCDL
NSE_EQ,NSE_EQ|INE027A01015,RASHTRIYA CHEMICALS & FER,2866,RASHTRIYA CHEMICALS & FER,RCF
NSE_EQ,NSE_EQ|INE330H01018,RELIANCE COMMUNICATIONS L,13188,RELIANCE COMMUNICATIONS L,RCOM
NSE_EQ,NSE_EQ|INE10QL01011,READYMIX CONSTRU MACHI L,29564,READYMIX CONSTRU MACHI L,READYMIX
NSE_EQ,NSE_EQ|INE020B01018,REC LIMITED,15355,REC LIMITED,RECLTD
NSE_EQ,NSE_EQ|INE891D01026,REDINGTON LIMITED,14255,REDINGTON LIMITED,REDINGTON
NSE_EQ,NSE_EQ|INE0LXT01019,REDTAPE LIMITED,17859,REDTAPE LIMITED,REDTAPE
NSE_EQ,NSE_EQ|INE056I01025,REFEX INDUSTRIES LIMITED,17764,REFEX INDUSTRIES LIMITED,REFEX
NSE_EQ,NSE_EQ|INE0TNX01015,REFRACTORY SHAPES LIMITED,23721,REFRACTORY SHAPES LIMITED,REFRACTORY
NSE_EQ,NSE_EQ|INE277C01012,REGENCYCERAMICS-LTD,9051,REGENCYCERAMICS-LTD,REGENCERAM
NSE_EQ,NSE_EQ|INE131B01039,RELAXO FOOT LTD.,24225,RELAXO FOOT LTD.,RELAXO
NSE_EQ,NSE_EQ|INE750D01016,RELIANCE CHEMOTEX IND LTD,9652,RELIANCE CHEMOTEX IND LTD,RELCHEMQ
NSE_EQ,NSE_EQ|INE375Y01018,RELIABLE DATA SERVICE LTD,24378,RELIABLE DATA SERVICE LTD,RELIABLE
NSE_EQ,NSE_EQ|INE002A01018,RELIANCE INDUSTRIES LTD,2885,RELIANCE INDUSTRIES LTD,RELIANCE
NSE_EQ,NSE_EQ|INE621H01010,RELIGARE ENTER. LTD.,15068,RELIGARE ENTER. LTD.,RELIGARE
NSE_EQ,NSE_EQ|INE036A01016,RELIANCE INFRASTRUCTU LTD,4791,RELIANCE INFRASTRUCTU LTD,RELINFRA
NSE_EQ,NSE_EQ|INE206N01018,RAVINDRA ENERGY LIMITED,24596,RAVINDRA ENERGY LIMITED,RELTD
NSE_EQ,NSE_EQ|INE474C01023,REMSONS INDUSTRIES LTD,3965,REMSONS INDUSTRIES LTD,REMSONSIND
NSE_EQ,NSE_EQ|INE0O5T01011,REMUS PHARMACEUTICALS L,16154,REMUS PHARMACEUTICALS L,REMUS
NSE_EQ,NSE_EQ|INE087H01022,SHREE RENUKA SUGARS LTD,12026,SHREE RENUKA SUGARS LTD,RENUKA
NSE_EQ,NSE_EQ|INE612J01015,REPCO HOME FINANCE LTD,29598,REPCO HOME FINANCE LTD,REPCOHOME
NSE_EQ,NSE_EQ|INE364Z01019,RUDRABHISHEK ENTERP LTD,1480,RUDRABHISHEK ENTERP LTD,REPL
NSE_EQ,NSE_EQ|INE461B01014,REPRO INDIA LIMITED,13126,REPRO INDIA LIMITED,REPRO
NSE_EQ,NSE_EQ|INE688D01026,RESPONSIVE INDUSTRIES LTD,20323,RESPONSIVE INDUSTRIES LTD,RESPONIND
NSE_EQ,NSE_EQ|INE03DD01011,JHS SVENDGAARD RETAIL V L,24145,JHS SVENDGAARD RETAIL V L,RETAIL
NSE_EQ,NSE_EQ|INE00D001018,REX PIPES AND CABLES LTD,5312,REX PIPES AND CABLES LTD,REXPIPES
NSE_EQ,NSE_EQ|INE113601012,REXPRO ENTERPRISES LTD,29270,REXPRO ENTERPRISES LTD,REXPRO
NSE_EQ,NSE_EQ|INE722H01024,RENAISSANCE GLOBAL LTD,15129,RENAISSANCE GLOBAL LTD,RGL
NSE_EQ,NSE_EQ|INE217K01011,RELIANCE HOME FINANCE LTD,21737,RELIANCE HOME FINANCE LTD,RHFL
NSE_EQ,NSE_EQ|INE743M01012,RHI MAGNESITA INDIA LTD,31163,RHI MAGNESITA INDIA LTD,RHIM
NSE_EQ,NSE_EQ|INE508K01013,ROBUST HOTELS LIMITED,15157,ROBUST HOTELS LIMITED,RHL
NSE_EQ,NSE_EQ|INE0J1P01015,RICHA INFO SYSTEMS LTD,8212,RICHA INFO SYSTEMS LTD,RICHA
NSE_EQ,NSE_EQ|INE209B01025,RICO AUTO INDUSTRIES LTD,2909,RICO AUTO INDUSTRIES LTD,RICOAUTO
NSE_EQ,NSE_EQ|INE046A01015,RELIANCE INDUSTRIAL INFRA,2912,RELIANCE INDUSTRIAL INFRA,RIIL
NSE_EQ,NSE_EQ|INE02OY01016,RACHANA INFRA LTD,9857,RACHANA INFRA LTD,RILINFRA
NSE_EQ,NSE_EQ|INE0N2P01017,RISHABH INSTRUMENTS LTD,18417,RISHABH INSTRUMENTS LTD,RISHABH
NSE_EQ,NSE_EQ|INE01EG01016,RITCO LOGISTICS LIMITED,8944,RITCO LOGISTICS LIMITED,RITCO
NSE_EQ,NSE_EQ|INE320J01015,RITES LIMITED,3761,RITES LIMITED,RITES
NSE_EQ,NSE_EQ|INE0MRA01019,RITE ZONE CHEMCON IND LTD,11917,RITE ZONE CHEMCON IND LTD,RITEZONE
NSE_EQ,NSE_EQ|INE722J01012,RAVI KUMAR DIST. LTD.,20950,RAVI KUMAR DIST. LTD.,RKDL
NSE_EQ,NSE_EQ|INE786W01010,RKEC PROJECTS LIMITED,1547,RKEC PROJECTS LIMITED,RKEC
NSE_EQ,NSE_EQ|INE399G01023,RAMKRISHNA FORGINGS LTD,11411,RAMKRISHNA FORGINGS LTD,RKFORGE
NSE_EQ,NSE_EQ|INE0NQ801033,R K SWAMY LIMITED,23043,R K SWAMY LIMITED,RKSWAMY
NSE_EQ,NSE_EQ|INE219Y01018,R M DRIP & SPRINK SYS LTD,21816,R M DRIP & SPRINK SYS LTD,RMDRIP
NSE_EQ,NSE_EQ|INF204K01DD6,RIF -MIF - SII -RP-DP-RO,22955,RIF -MIF - SII -RP-DP-RO,RMFINMRDR2
NSE_EQ,NSE_EQ|INF204K01DB0,RIF -MIF - SII -RP-GP-GO,22961,RIF -MIF - SII -RP-GP-GO,RMFINMRGG2
NSE_EQ,NSE_EQ|INE050H01012,RANE (MADRAS) LIMITED,11975,RANE (MADRAS) LIMITED,RML
NSE_EQ,NSE_EQ|INE0SA001017,RNFI SERVICES LIMITED,24589,RNFI SERVICES LIMITED,RNFI
NSE_EQ,NSE_EQ|INE0JEI23010,ROADSTAR INFRA INVT TRUST,30051,ROADSTAR INFRA INVT TRUST,ROADSTAR
NSE_EQ,NSE_EQ|INE0PTR01012,ROCKINGDEALS CIRCU ECO L,20292,ROCKINGDEALS CIRCU ECO L,ROCKINGDCE
NSE_EQ,NSE_EQ|INE283H01019,ROYAL ORCHID HOTELS LTD,13182,ROYAL ORCHID HOTELS LTD,ROHLTD
NSE_EQ,NSE_EQ|INE645S01016,ROLEX RINGS LIMITED,5279,ROLEX RINGS LIMITED,ROLEXRINGS
NSE_EQ,NSE_EQ|INE927A01040,ROLLATAINERS LIMITED,19108,ROLLATAINERS LIMITED,ROLLT
NSE_EQ,NSE_EQ|INE293A01013,ROLTA INDIA LTD,6258,ROLTA INDIA LTD,ROLTA
NSE_EQ,NSE_EQ|INE294G01026,RAJ OIL MILLS LIMITED,359,RAJ OIL MILLS LIMITED,ROML
NSE_EQ,NSE_EQ|INE02A801020,ROSSARI BIOTECH LIMITED,19410,ROSSARI BIOTECH LIMITED,ROSSARI
NSE_EQ,NSE_EQ|INE847C01020,ROSSELL INDIA LIMITED,28917,ROSSELL INDIA LIMITED,ROSSELLIND
NSE_EQ,NSE_EQ|INE0OJW01016,ROSSELL TECHSYS LIMITED,27365,ROSSELL TECHSYS LIMITED,ROSSTECH
NSE_EQ,NSE_EQ|INE535D01037,ROTO PUMPS LIMITED,9049,ROTO PUMPS LIMITED,ROTO
NSE_EQ,NSE_EQ|INE450U01017,ROUTE MOBILE LIMITED,128,ROUTE MOBILE LIMITED,ROUTE
NSE_EQ,NSE_EQ|INE0PDJ01013,ROX HI TECH LIMITED,20170,ROX HI TECH LIMITED,ROXHITECH
NSE_EQ,NSE_EQ|INE0EO401019,ROYAL ARC ELECTRODES LTD,29730,ROYAL ARC ELECTRODES LTD,ROYALARC
NSE_EQ,NSE_EQ|INE912T01018,RAGHAV PRODUCTIVITY ENH L,24735,RAGHAV PRODUCTIVITY ENH L,RPEL
NSE_EQ,NSE_EQ|INE105J01010,RPG LIFE SCIENCES LTD,16725,RPG LIFE SCIENCES LTD,RPGLIFE
NSE_EQ,NSE_EQ|INE614G01033,RELIANCE POWER LTD.,15259,RELIANCE POWER LTD.,RPOWER
NSE_EQ,NSE_EQ|INE324L01013,R.P.P INFRA PROJECTS LTD.,20764,R.P.P INFRA PROJECTS LTD.,RPPINFRA
NSE_EQ,NSE_EQ|INE760W01023,RAJSHREE POLYPACK LTD,6913,RAJSHREE POLYPACK LTD,RPPL
NSE_EQ,NSE_EQ|INE425Y01011,RPSG VENTURES LIMITED,8119,RPSG VENTURES LIMITED,RPSGVENT
NSE_EQ,NSE_EQ|INE0J1F01024,RASHI PERIPHERALS LIMITED,22670,RASHI PERIPHERALS LIMITED,RPTECH
NSE_EQ,NSE_EQ|INE777K01022,R R KABEL LIMITED,18566,R R KABEL LIMITED,RRKABEL
NSE_EQ,NSE_EQ|INE165B01029,R. S. SOFTWARE (INDIA) LI,8426,R. S. SOFTWARE (INDIA) LI,RSSOFTWARE
NSE_EQ,NSE_EQ|INE611A01016,RSWM LIMITED,2794,RSWM LIMITED,RSWM
NSE_EQ,NSE_EQ|INE411H01032,R SYS INTERNATIONAL LTD,13414,R SYS INTERNATIONAL LTD,RSYSTEMS
NSE_EQ,NSE_EQ|INE834M01019,RATTANINDIA ENT LIMITED,27297,RATTANINDIA ENT LIMITED,RTNINDIA
NSE_EQ,NSE_EQ|INE399K01017,RATTANINDIA POWER LIMITED,17520,RATTANINDIA POWER LIMITED,RTNPOWER
NSE_EQ,NSE_EQ|INE642C01025,RUBFILA INTERNATIONAL LTD,24730,RUBFILA INTERNATIONAL LTD,RUBFILA
NSE_EQ,NSE_EQ|INE301D01026,THE RUBY MILLS LTD,2939,THE RUBY MILLS LTD,RUBYMILLS
NSE_EQ,NSE_EQ|INE413B01023,RUCHI INFRASTRUCTURE LTD,4566,RUCHI INFRASTRUCTURE LTD,RUCHINFRA
NSE_EQ,NSE_EQ|INE803H01014,RUCHIRA PAPERS LIMITED,13821,RUCHIRA PAPERS LIMITED,RUCHIRA
NSE_EQ,NSE_EQ|INE0R7301013,RULKA ELECTRICALS LIMITED,23833,RULKA ELECTRICALS LIMITED,RULKA
NSE_EQ,NSE_EQ|INE895B01021,RUPA & COMPANY LTD,25724,RUPA & COMPANY LTD,RUPA
NSE_EQ,NSE_EQ|INE573K01025,RUSHIL DECOR LIMITED,24595,RUSHIL DECOR LIMITED,RUSHIL
NSE_EQ,NSE_EQ|INE263M01029,KEYSTONE REALTORS LIMITED,12219,KEYSTONE REALTORS LIMITED,RUSTOMJEE
NSE_EQ,NSE_EQ|INE09E501017,RAVINDER HEIGHTS LIMITED,1565,RAVINDER HEIGHTS LIMITED,RVHL
NSE_EQ,NSE_EQ|INE415G01027,RAIL VIKAS NIGAM LIMITED,9552,RAIL VIKAS NIGAM LIMITED,RVNL
NSE_EQ,NSE_EQ|INE0DAB01012,REVATHI EQUIPMENT INDIA L,25159,REVATHI EQUIPMENT INDIA L,RVTH
NSE_EQ,NSE_EQ|INE902B01017,S&S POWER SWITCHGEARS,8733,S&S POWER SWITCHGEARS,S&SPOWER
NSE_EQ,NSE_EQ|INE0PSK01027,SAAKSHI MEDTEC N PANELS L,19093,SAAKSHI MEDTEC N PANELS L,SAAKSHI
NSE_EQ,NSE_EQ|INE0DZ101013,SABAR FLEX INDIA LIMITED,10985,SABAR FLEX INDIA LIMITED,SABAR
NSE_EQ,NSE_EQ|INE860T01019,SAB EVENTS & GOVERNANCE,18501,SAB EVENTS & GOVERNANCE,SABEVENTS
NSE_EQ,NSE_EQ|INE416A01044,SRI ADHIKARI BRO TELE N L,23367,SRI ADHIKARI BRO TELE N L,SABTNL
NSE_EQ,NSE_EQ|INE1ARD01016,SACHEEROME LIMITED,757412,SACHEEROME LIMITED,SACHEEROME
NSE_EQ,NSE_EQ|INE226H01026,SADBHAV ENGINEERING LTD,13240,SADBHAV ENGINEERING LTD,SADBHAV
NSE_EQ,NSE_EQ|INE764L01010,SADBHAV INFRA PROJ LTD.,10618,SADBHAV INFRA PROJ LTD.,SADBHIN
NSE_EQ,NSE_EQ|INE0K5H01010,SADHAV SHIPPING LIMITED,22900,SADHAV SHIPPING LIMITED,SADHAV
NSE_EQ,NSE_EQ|INE888C01040,SADHANA NITROCHEM LIMITED,15349,SADHANA NITROCHEM LIMITED,SADHNANIQ
NSE_EQ,NSE_EQ|INE429E01023,SAFARI IND (INDIA) LTD,13035,SAFARI IND (INDIA) LTD,SAFARI
NSE_EQ,NSE_EQ|INE976T01013,SAGARDEEP ALLOYS LIMITED,8175,SAGARDEEP ALLOYS LIMITED,SAGARDEEP
NSE_EQ,NSE_EQ|INE229C01021,SAGAR CEMENTS LIMITED,14068,SAGAR CEMENTS LIMITED,SAGCEM
NSE_EQ,NSE_EQ|INE0W2G01015,SAGILITY INDIA LIMITED,27052,SAGILITY INDIA LIMITED,SAGILITY
NSE_EQ,NSE_EQ|INE035801013,SAH POLYMERS LIMITED,13690,SAH POLYMERS LIMITED,SAH
NSE_EQ,NSE_EQ|INE013901017,SAHAJ FASHIONS LIMITED,18358,SAHAJ FASHIONS LIMITED,SAHAJ
NSE_EQ,NSE_EQ|INE0P4701011,SAHAJ SOLAR LIMITED,24481,SAHAJ SOLAR LIMITED,SAHAJSOLAR
NSE_EQ,NSE_EQ|INE0LEX01011,SAHANA SYSTEM LIMITED,16711,SAHANA SYSTEM LIMITED,SAHANA
NSE_EQ,NSE_EQ|INE0RBQ01018,SAHASRA ELECTRONIC SOLU L,25671,SAHASRA ELECTRONIC SOLU L,SAHASRA
NSE_EQ,NSE_EQ|INE280H01015,SAHYADRI INDUSTRIES LTD,14900,SAHYADRI INDUSTRIES LTD,SAHYADRI
NSE_EQ,NSE_EQ|INE0PZA01015,SAMEERA AGRO AND INFRA L,21105,SAMEERA AGRO AND INFRA L,SAIFL
NSE_EQ,NSE_EQ|INE114A01011,STEEL AUTHORITY OF INDIA,2963,STEEL AUTHORITY OF INDIA,SAIL
NSE_EQ,NSE_EQ|INE570L01029,SAI LIFE SCIENCES LIMITED,27839,SAI LIFE SCIENCES LIMITED,SAILIFE
NSE_EQ,NSE_EQ|INE00MT01022,SAJ HOTELS LIMITED,25712,SAJ HOTELS LIMITED,SAJHOTELS
NSE_EQ,NSE_EQ|INE732S01012,SAKAR HEALTHCARE LIMITED,9539,SAKAR HEALTHCARE LIMITED,SAKAR
NSE_EQ,NSE_EQ|INE623A01011,SAKTHI SUGARS LTD,2969,SAKTHI SUGARS LTD,SAKHTISUG
NSE_EQ,NSE_EQ|INE667G01023,SAKSOFT LIMITED,11794,SAKSOFT LIMITED,SAKSOFT
NSE_EQ,NSE_EQ|INE190H01024,SAKUMA EXPORTS LIMITED,13255,SAKUMA EXPORTS LIMITED,SAKUMA
NSE_EQ,NSE_EQ|INE170V01027,SALASAR TECHNO ENGG. LTD.,21362,SALASAR TECHNO ENGG. LTD.,SALASAR
NSE_EQ,NSE_EQ|INE498E01010,SALONA COTSPIN LTD.,17351,SALONA COTSPIN LTD.,SALONA
NSE_EQ,NSE_EQ|INE658G01014,S.A.L. STEEL LTD.,11634,S.A.L. STEEL LTD.,SALSTEEL
NSE_EQ,NSE_EQ|INE457F01013,SALZER ELECTRONICS LTD,11399,SALZER ELECTRONICS LTD,SALZERELEC
NSE_EQ,NSE_EQ|INE699B01027,SAMBHAAV MEDIA LTD,9829,SAMBHAAV MEDIA LTD,SAMBHAAV
NSE_EQ,NSE_EQ|INE08U801020,SAMHI HOTELS LIMITED,18614,SAMHI HOTELS LIMITED,SAMHI
NSE_EQ,NSE_EQ|INE148I01020,SAMMAAN CAPITAL LIMITED,30125,SAMMAAN CAPITAL LIMITED,SAMMAANCAP
NSE_EQ,NSE_EQ|INE735M01018,SAMPANN UTPADAN INDIA LTD,27303,SAMPANN UTPADAN INDIA LTD,SAMPANN
NSE_EQ,NSE_EQ|INE0JPD01013,SANATHAN TEXTILES LIMITED,28805,SANATHAN TEXTILES LIMITED,SANATHAN
NSE_EQ,NSE_EQ|INE782L01012,SANCO INDUSTRIES LIMITED,14630,SANCO INDUSTRIES LIMITED,SANCO
NSE_EQ,NSE_EQ|INE583B01015,SANDESH LTD,2988,SANDESH LTD,SANDESH
NSE_EQ,NSE_EQ|INE278H01035,SANDHAR TECHNOLOGIES LTD,2397,SANDHAR TECHNOLOGIES LTD,SANDHAR
NSE_EQ,NSE_EQ|INE149K01016,SANDUR MANG & IRON ORES L,18359,SANDUR MANG & IRON ORES L,SANDUMA
NSE_EQ,NSE_EQ|INE495C01010,SANGAM (INDIA) LTD,4184,SANGAM (INDIA) LTD,SANGAMIND
NSE_EQ,NSE_EQ|INE0OVI01010,SANGANI HOSPITALS LIMITED,18035,SANGANI HOSPITALS LIMITED,SANGANI
NSE_EQ,NSE_EQ|INE999B01013,SANGHI INDUSTRIES LTD,2997,SANGHI INDUSTRIES LTD,SANGHIIND
NSE_EQ,NSE_EQ|INE989A01032,SANGHVI MOVERS LTD,14058,SANGHVI MOVERS LTD,SANGHVIMOV
NSE_EQ,NSE_EQ|INE753W01010,SANGINITA CHEMICALS LTD,11033,SANGINITA CHEMICALS LTD,SANGINITA
NSE_EQ,NSE_EQ|INE058A01010,SANOFI INDIA LIMITED,1442,SANOFI INDIA LIMITED,SANOFI
NSE_EQ,NSE_EQ|INE0UOS01011,SANOFI CONS HEALTHC IND L,25222,SANOFI CONS HEALTHC IND L,SANOFICONR
NSE_EQ,NSE_EQ|INE953O01021,SANSERA ENGINEERING LTD,5751,SANSERA ENGINEERING LTD,SANSERA
NSE_EQ,NSE_EQ|INE08NE01025,SANSTAR LIMITED,24582,SANSTAR LIMITED,SANSTAR
NSE_EQ,NSE_EQ|INE890C01046,SANWARIA CONSUMER LIMITED,46,SANWARIA CONSUMER LIMITED,SANWARIA
NSE_EQ,NSE_EQ|INE806T01020,SAPPHIRE FOODS INDIA LTD,6718,SAPPHIRE FOODS INDIA LTD,SAPPHIRE
NSE_EQ,NSE_EQ|INE385C01021,SARDA ENERGY & MIN LTD,17758,SARDA ENERGY & MIN LTD,SARDAEN
NSE_EQ,NSE_EQ|INE979A01025,SAREGAMA INDIA LIMITED,4892,SAREGAMA INDIA LIMITED,SAREGAMA
NSE_EQ,NSE_EQ|INE453D01025,SARLA PERF. FIBERS LTD,14047,SARLA PERF. FIBERS LTD,SARLAPOLY
NSE_EQ,NSE_EQ|INE0PCL01011,SAROJA PHARMA INDUS IND L,18506,SAROJA PHARMA INDUS IND L,SAROJA
NSE_EQ,NSE_EQ|INE0PUC01020,SAR TELEVENTURE LIMITED,19863,SAR TELEVENTURE LIMITED,SARTELE
NSE_EQ,NSE_EQ|INE324X01026,SARVESHWAR FOODS LIMITED,12913,SARVESHWAR FOODS LIMITED,SARVESHWAR
NSE_EQ,NSE_EQ|INE231F01020,SASKEN TECHNOLOGIES LTD,11983,SASKEN TECHNOLOGIES LTD,SASKEN
NSE_EQ,NSE_EQ|INE019J01013,SASTASUNDAR VENTURES LTD,20063,SASTASUNDAR VENTURES LTD,SASTASUNDR
NSE_EQ,NSE_EQ|INE0BSN01013,S A TECH SOFTWARE INDIA L,24677,S A TECH SOFTWARE INDIA L,SATECH
NSE_EQ,NSE_EQ|INE170E01023,SATIA INDUSTRIES LIMITED,11045,SATIA INDUSTRIES LIMITED,SATIA
NSE_EQ,NSE_EQ|INE836B01017,SATIN CREDIT NET LTD,10453,SATIN CREDIT NET LTD,SATIN
NSE_EQ,NSE_EQ|INE065D01027,SAT INDUSTRIES LIMITED,12015,SAT INDUSTRIES LIMITED,SATINDLTD
NSE_EQ,NSE_EQ|INE0RPM01017,SATI POLY PLAST LIMITED,24507,SATI POLY PLAST LIMITED,SATIPOLY
NSE_EQ,NSE_EQ|INE0NB801022,SAT KARTAR SHOPPING LTD,29151,SAT KARTAR SHOPPING LTD,SATKARTAR
NSE_EQ,NSE_EQ|INE626A01014,SAURASHTRA CEMENT LIMITED,3018,SAURASHTRA CEMENT LIMITED,SAURASHCEM
NSE_EQ,NSE_EQ|INE04AK01028,SBC EXPORTS LIMITED,6792,SBC EXPORTS LIMITED,SBC
NSE_EQ,NSE_EQ|INE386D01027,SHIVALIK BIMETAL CON. LTD,4656,SHIVALIK BIMETAL CON. LTD,SBCL
NSE_EQ,NSE_EQ|INE423Y01016,SBFC FINANCE LIMITED,18026,SBFC FINANCE LIMITED,SBFC
NSE_EQ,NSE_EQ|INE05ST01028,SURATWWALA BUS GROUP LTD,14141,SURATWWALA BUS GROUP LTD,SBGLP
NSE_EQ,NSE_EQ|INF200KB1712,SBIAMC - SBIBPB,30290,SBIAMC - SBIBPB,SBIBPB
NSE_EQ,NSE_EQ|INE018E01016,SBI CARDS & PAY SER LTD,17971,SBI CARDS & PAY SER LTD,SBICARD
NSE_EQ,NSE_EQ|INF200KA1X17,SBIAMC - SBIETFCON,5168,SBIAMC - SBIETFCON,SBIETFCON
NSE_EQ,NSE_EQ|INF200KA1S14,SBIAMC - SBIETFIT,740,SBIAMC - SBIETFIT,SBIETFIT
NSE_EQ,NSE_EQ|INF200KA1S22,SBIAMC - SBIETFPB,722,SBIAMC - SBIETFPB,SBIETFPB
NSE_EQ,NSE_EQ|INF200KA1WX6,SBIAMC - SBIETFQLTY,7218,SBIAMC - SBIETFQLTY,SBIETFQLTY
NSE_EQ,NSE_EQ|INE123W01016,SBI LIFE INSURANCE CO LTD,21808,SBI LIFE INSURANCE CO LTD,SBILIFE
NSE_EQ,NSE_EQ|INE062A01020,STATE BANK OF INDIA,3045,STATE BANK OF INDIA,SBIN
NSE_EQ,NSE_EQ|INF200KB1282,SBIAMC - SBINEQWETF,24524,SBIAMC - SBINEQWETF,SBINEQWETF
NSE_EQ,NSE_EQ|INF200KB1217,SBIAMC - SBISILVER,24366,SBIAMC - SBISILVER,SBISILVER
NSE_EQ,NSE_EQ|INE148I07TB7,SEC RE NCD SR III,23934,SEC RE NCD SR III,SCFL310524
NSE_EQ,NSE_EQ|INE513A01022,SCHAEFFLER INDIA LIMITED,1011,SCHAEFFLER INDIA LIMITED,SCHAEFFLER
NSE_EQ,NSE_EQ|INE807K01035,S CHAND AND COMPANY LTD,20698,S CHAND AND COMPANY LTD,SCHAND
NSE_EQ,NSE_EQ|INE839M01018,SCHNEIDER ELECTRIC INFRA,31234,SCHNEIDER ELECTRIC INFRA,SCHNEIDER
NSE_EQ,NSE_EQ|INE109A01011,SHIPPING CORP OF INDIA LT,3048,SHIPPING CORP OF INDIA LT,SCI
NSE_EQ,NSE_EQ|INE0PB301013,SHIPPING CORP OF ILA LTD,23127,SHIPPING CORP OF ILA LTD,SCILAL
NSE_EQ,NSE_EQ|INE148I07WD7,SCL SR VI,30212,SCL SR VI,SCL190325
NSE_EQ,NSE_EQ|INE148I07WL0,SCL SR VI,30226,SCL SR VI,SCL190325A
NSE_EQ,NSE_EQ|INE148I07WG0,SCL SR III,30218,SCL SR III,SCL19325
NSE_EQ,NSE_EQ|INE148I07WC9,SCL SR III,30210,SCL SR III,SCL19325A
NSE_EQ,NSE_EQ|INE148I07UH2,SEC RE NCD SR III,25542,SEC RE NCD SR III,SCL25924
NSE_EQ,NSE_EQ|INE148I07UG4,SEC RE NCD SR III,25544,SEC RE NCD SR III,SCL25924A
NSE_EQ,NSE_EQ|INE148I07UB5,SEC RE NCD SR VI,25554,SEC RE NCD SR VI,SCL25924C
NSE_EQ,NSE_EQ|INE148I07UA7,SEC RE NCD SR VI,25556,SEC RE NCD SR VI,SCL25924D
NSE_EQ,NSE_EQ|INE148I07PE9,SEC RE NCD SR III,18824,SEC RE NCD SR III,SCL25A
NSE_EQ,NSE_EQ|INE148I07PF6,SEC RE NCD SR III,18829,SEC RE NCD SR III,SCL25B
NSE_EQ,NSE_EQ|INE148I07QA5,SEC RE NCD SR VI,19770,SEC RE NCD SR VI,SCL26
NSE_EQ,NSE_EQ|INE148I07VC1,SCL 0% 2026 SR III,28907,SCL 0% 2026 SR III,SCL271224
NSE_EQ,NSE_EQ|INE148I07VN8,SCL 0% 2026 SR III,28908,SCL 0% 2026 SR III,SCL271224A
NSE_EQ,NSE_EQ|INE148I07VG2,SCL 0% 2027 SR VI,28923,SCL 0% 2027 SR VI,SCL271224B
NSE_EQ,NSE_EQ|INE148I07TA9,SEC RE NCD SR III,23937,SEC RE NCD SR III,SCL310524
NSE_EQ,NSE_EQ|INE148I07TM4,SEC RE NCD SR VI,23950,SEC RE NCD SR VI,SCL310524A
NSE_EQ,NSE_EQ|INE148I07OK9,SEC RE NCD SR III,17503,SEC RE NCD SR III,SCLZC25A
NSE_EQ,NSE_EQ|INE148I07OO1,SEC RE NCD SR III,17505,SEC RE NCD SR III,SCLZC25B
NSE_EQ,NSE_EQ|INE148I07QJ6,SEC RE NCD SR III,20037,SEC RE NCD SR III,SCLZC25C
NSE_EQ,NSE_EQ|INE148I07QL2,SEC RE NCD SR III,20039,SEC RE NCD SR III,SCLZC25D
NSE_EQ,NSE_EQ|INE148I07RF2,SEC RE NCD SR III,20982,SEC RE NCD SR III,SCLZC25E
NSE_EQ,NSE_EQ|INE148I07RK2,SEC RE NCD SR III,20984,SEC RE NCD SR III,SCLZC25F
NSE_EQ,NSE_EQ|INE148I07GN9,SEC RED NCD SR. VII,18630,SEC RED NCD SR. VII,SCLZC26
NSE_EQ,NSE_EQ|INE148I08272,UNS RED NCD SR. X,18638,UNS RED NCD SR. X,SCLZC26A
NSE_EQ,NSE_EQ|INE148I07OS2,SEC RE NCD SR VI,17535,SEC RE NCD SR VI,SCLZC26B
NSE_EQ,NSE_EQ|INE148I07QB3,SEC RE NCD SR VI,19772,SEC RE NCD SR VI,SCLZC26C
NSE_EQ,NSE_EQ|INE148I07QP3,SEC RE NCD SR VI,20082,SEC RE NCD SR VI,SCLZC26D
NSE_EQ,NSE_EQ|INE148I07QO6,SEC RE NCD SR VI,20088,SEC RE NCD SR VI,SCLZC26E
NSE_EQ,NSE_EQ|INE148I07RY3,SEC RE NCD SR VI,21003,SEC RE NCD SR VI,SCLZC26F
NSE_EQ,NSE_EQ|INE148I07RL0,SEC RE NCD SR VI,21008,SEC RE NCD SR VI,SCLZC26G
NSE_EQ,NSE_EQ|INE460Q01014,SHARP CHUCKS N MACHINES L,19469,SHARP CHUCKS N MACHINES L,SCML
NSE_EQ,NSE_EQ|INE090501011,SCODA TUBES LIMITED,757479,SCODA TUBES LIMITED,SCODATUBES
NSE_EQ,NSE_EQ|INE501Y01019,SHEETAL COOL PRODUCTS LTD,12072,SHEETAL COOL PRODUCTS LTD,SCPL
NSE_EQ,NSE_EQ|INE480C01038,SOM DIST & BREW LTD,1338,SOM DIST & BREW LTD,SDBL
NSE_EQ,NSE_EQ|INF204KC1022,RELCAPAMC-NETFSDL26,3022,RELCAPAMC-NETFSDL26,SDL26BEES
NSE_EQ,NSE_EQ|INE0X6F01017,S D RETAIL LIMITED,25531,S D RETAIL LIMITED,SDREAMS
NSE_EQ,NSE_EQ|INE497B01018,SEAMEC LIMITED,2616,SEAMEC LIMITED,SEAMECLTD
NSE_EQ,NSE_EQ|INE00Y701026,SALASAR EXTERIOR CONT LTD,13032,SALASAR EXTERIOR CONT LTD,SECL
NSE_EQ,NSE_EQ|INE0BTM01013,SECMARK CONSULTANCY LTD,19498,SECMARK CONSULTANCY LTD,SECMARK
NSE_EQ,NSE_EQ|INE650K01021,SECUREKLOUD TECH LIMITED,11062,SECUREKLOUD TECH LIMITED,SECURKLOUD
NSE_EQ,NSE_EQ|INE0R8O23017,SUSTAINABLE ENERGY INFRA,21321,SUSTAINABLE ENERGY INFRA,SEITINVIT
NSE_EQ,NSE_EQ|INE955I01044,SEJAL GLASS LIMITED,7094,SEJAL GLASS LIMITED,SEJALLTD
NSE_EQ,NSE_EQ|INE0O3O01017,SUNGARNER ENERGIES LTD,18264,SUNGARNER ENERGIES LTD,SEL
NSE_EQ,NSE_EQ|INE818A01017,SELAN EXPLO. TECH LTD,13598,SELAN EXPLO. TECH LTD,SELAN
NSE_EQ,NSE_EQ|INF769K01ON4,MIRAEAMC - SELECTIPO,30109,MIRAEAMC - SELECTIPO,SELECTIPO
NSE_EQ,NSE_EQ|INE105I01020,SEL MANUFACTURING CO LTD,6274,SEL MANUFACTURING CO LTD,SELMC
NSE_EQ,NSE_EQ|INE617A01013,SEMAC CONSULTANTS LIMITED,11964,SEMAC CONSULTANTS LIMITED,SEMAC
NSE_EQ,NSE_EQ|INE602W01027,SENCO GOLD LIMITED,17271,SENCO GOLD LIMITED,SENCO
NSE_EQ,NSE_EQ|INE0RB801010,SENORES PHARMACEUTICALS L,28888,SENORES PHARMACEUTICALS L,SENORES
NSE_EQ,NSE_EQ|INF740KA1SZ6,DSPAMC - DSPSENXETF,17613,DSPAMC - DSPSENXETF,SENSEXADD
NSE_EQ,NSE_EQ|INF769K01KT9,MIRAEAMC - SENSEXETF,19224,MIRAEAMC - SENSEXETF,SENSEXETF
NSE_EQ,NSE_EQ|INF346A01034,ICICI PRUD SENSEX ETF,4378,ICICI PRUD SENSEX ETF,SENSEXIETF
NSE_EQ,NSE_EQ|INE964H01014,SEPC LIMITED,15308,SEPC LIMITED,SEPC
NSE_EQ,NSE_EQ|INE964H20055,SEPC LTD,757360,SEPC LTD,SEPC-RE3
NSE_EQ,NSE_EQ|INE807F01027,SEQUENT SCIENTIFIC LTD.,14296,SEQUENT SCIENTIFIC LTD.,SEQUENT
NSE_EQ,NSE_EQ|INE0P1Q01015,SERVICE CARE LIMITED,17399,SERVICE CARE LIMITED,SERVICE
NSE_EQ,NSE_EQ|INE782X01033,SERVOTECH REN POW SYS LTD,5507,SERVOTECH REN POW SYS LTD,SERVOTECH
NSE_EQ,NSE_EQ|INE630A01024,SESHASAYEE PAPER & BOARDS,3066,SESHASAYEE PAPER & BOARDS,SESHAPAPER
NSE_EQ,NSE_EQ|INE878E01021,SETCO AUTOMOTIVE LTD,17518,SETCO AUTOMOTIVE LTD,SETCO
NSE_EQ,NSE_EQ|INF200KA1JT1,SBIAMC - SETF10GILT,17395,SBIAMC - SETF10GILT,SETF10GILT
NSE_EQ,NSE_EQ|INF200KA16D8,SBI-ETF GOLD,17272,SBI-ETF GOLD,SETFGOLD
NSE_EQ,NSE_EQ|INF200KA1FS1,SBI-ETF NIFTY 50,10176,SBI-ETF NIFTY 50,SETFNIF50
NSE_EQ,NSE_EQ|INF200KA1580,SBI-ETF NIFTY BANK,7361,SBI-ETF NIFTY BANK,SETFNIFBK
NSE_EQ,NSE_EQ|INF200KA1598,SBI-ETF NIFTY NEXT 50,7353,SBI-ETF NIFTY NEXT 50,SETFNN50
NSE_EQ,NSE_EQ|INE023M01027,SETUBANDHAN INFRA LTD,18024,SETUBANDHAN INFRA LTD,SETUINFRA
NSE_EQ,NSE_EQ|INE573R01012,SEYA INDUSTRIES LIMITED,10836,SEYA INDUSTRIES LIMITED,SEYAIND
NSE_EQ,NSE_EQ|INE916U01025,SHEELA FOAM LIMITED,19184,SHEELA FOAM LIMITED,SFL
NSE_EQ,NSE_EQ|INE721A07PH3,SEC RED NCD SR.X,12941,SEC RED NCD SR.X,SFLZC26A
NSE_EQ,NSE_EQ|INE0U6N01014,SUPREME FACILITY MGMT LTD,28093,SUPREME FACILITY MGMT LTD,SFML
NSE_EQ,NSE_EQ|INF200KA1D11,SBIAMC - SFMP1DD,9516,SBIAMC - SFMP1DD,SFMP1DD
NSE_EQ,NSE_EQ|INF200KA1C95,SBIAMC - SFMP1DR,9517,SBIAMC - SFMP1DR,SFMP1DR
NSE_EQ,NSE_EQ|INF200KA1D03,SBIAMC - SFMP1GD,9523,SBIAMC - SFMP1GD,SFMP1GD
NSE_EQ,NSE_EQ|INF200KA1C87,SBIAMC - SFMP1GR,9522,SBIAMC - SFMP1GR,SFMP1GR
NSE_EQ,NSE_EQ|INF200KA1V27,SBIAMC - SFMP42DD,3157,SBIAMC - SFMP42DD,SFMP42DD
NSE_EQ,NSE_EQ|INF200KA1V01,SBIAMC - SFMP42DR,3160,SBIAMC - SFMP42DR,SFMP42DR
NSE_EQ,NSE_EQ|INF200KA1V19,SBIAMC - SFMP42GD,3163,SBIAMC - SFMP42GD,SFMP42GD
NSE_EQ,NSE_EQ|INF200KA1U93,SBIAMC - SFMP42GR,3166,SBIAMC - SFMP42GR,SFMP42GR
NSE_EQ,NSE_EQ|INF200KA1V68,SBIAMC - SFMP43DD,3354,SBIAMC - SFMP43DD,SFMP43DD
NSE_EQ,NSE_EQ|INF200KA1V43,SBIAMC - SFMP43DR,3355,SBIAMC - SFMP43DR,SFMP43DR
NSE_EQ,NSE_EQ|INF200KA1V50,SBIAMC - SFMP43GD,3358,SBIAMC - SFMP43GD,SFMP43GD
NSE_EQ,NSE_EQ|INF200KA1V35,SBIAMC - SFMP43GR,3361,SBIAMC - SFMP43GR,SFMP43GR
NSE_EQ,NSE_EQ|INF200KA1X90,SBIAMC - SFMP47DD,5179,SBIAMC - SFMP47DD,SFMP47DD
NSE_EQ,NSE_EQ|INF200KA1X74,SBIAMC - SFMP47DR,5180,SBIAMC - SFMP47DR,SFMP47DR
NSE_EQ,NSE_EQ|INF200KA1X82,SBIAMC - SFMP47GD,5181,SBIAMC - SFMP47GD,SFMP47GD
NSE_EQ,NSE_EQ|INF200KA1X66,SBIAMC - SFMP47GR,5183,SBIAMC - SFMP47GR,SFMP47GR
NSE_EQ,NSE_EQ|INF200KA1Y32,SBIAMC - SFMP48DD,5319,SBIAMC - SFMP48DD,SFMP48DD
NSE_EQ,NSE_EQ|INF200KA1Y16,SBIAMC - SFMP48DR,5324,SBIAMC - SFMP48DR,SFMP48DR
NSE_EQ,NSE_EQ|INF200KA1Y24,SBIAMC - SFMP48GD,5325,SBIAMC - SFMP48GD,SFMP48GD
NSE_EQ,NSE_EQ|INF200KA1Y08,SBIAMC - SFMP48GR,5329,SBIAMC - SFMP48GR,SFMP48GR
NSE_EQ,NSE_EQ|INF200KA1Z31,SBIAMC - SFMP49DD,5497,SBIAMC - SFMP49DD,SFMP49DD
NSE_EQ,NSE_EQ|INF200KA1Z15,SBIAMC - SFMP49DR,5498,SBIAMC - SFMP49DR,SFMP49DR
NSE_EQ,NSE_EQ|INF200KA1Z23,SBIAMC - SFMP49GD,5499,SBIAMC - SFMP49GD,SFMP49GD
NSE_EQ,NSE_EQ|INF200KA1Z07,SBIAMC - SFMP49GR,5500,SBIAMC - SFMP49GR,SFMP49GR
NSE_EQ,NSE_EQ|INF200KA1Z72,SBIAMC - SFMP50DD,5592,SBIAMC - SFMP50DD,SFMP50DD
NSE_EQ,NSE_EQ|INF200KA1Z56,SBIAMC - SFMP50DR,5593,SBIAMC - SFMP50DR,SFMP50DR
NSE_EQ,NSE_EQ|INF200KA1Z64,SBIAMC - SFMP50GD,5595,SBIAMC - SFMP50GD,SFMP50GD
NSE_EQ,NSE_EQ|INF200KA1Z49,SBIAMC - SFMP50GR,5602,SBIAMC - SFMP50GR,SFMP50GR
NSE_EQ,NSE_EQ|INF200KA14F8,SBIAMC - SFMP61DD,8645,SBIAMC - SFMP61DD,SFMP61DD
NSE_EQ,NSE_EQ|INF200KA12F2,SBIAMC - SFMP61DR,8647,SBIAMC - SFMP61DR,SFMP61DR
NSE_EQ,NSE_EQ|INF200KA13F0,SBIAMC - SFMP61GD,8648,SBIAMC - SFMP61GD,SFMP61GD
NSE_EQ,NSE_EQ|INF200KA11F4,SBIAMC - SFMP61GR,8651,SBIAMC - SFMP61GR,SFMP61GR
NSE_EQ,NSE_EQ|INF200KA18N3,SBIAMC - SFMP64DD,10879,SBIAMC - SFMP64DD,SFMP64DD
NSE_EQ,NSE_EQ|INF200KA16N7,SBIAMC - SFMP64DR,10880,SBIAMC - SFMP64DR,SFMP64DR
NSE_EQ,NSE_EQ|INF200KA17N5,SBIAMC - SFMP64GD,10881,SBIAMC - SFMP64GD,SFMP64GD
NSE_EQ,NSE_EQ|INF200KA15N9,SBIAMC - SFMP64GR,10882,SBIAMC - SFMP64GR,SFMP64GR
NSE_EQ,NSE_EQ|INF200KA1F35,SBIAMC - SFMP6DD,10051,SBIAMC - SFMP6DD,SFMP6DD
NSE_EQ,NSE_EQ|INF200KA1F19,SBIAMC - SFMP6DR,10052,SBIAMC - SFMP6DR,SFMP6DR
NSE_EQ,NSE_EQ|INF200KA1F27,SBIAMC - SFMP6GD,10055,SBIAMC - SFMP6GD,SFMP6GD
NSE_EQ,NSE_EQ|INF200KA1F01,SBIAMC - SFMP6GR,10060,SBIAMC - SFMP6GR,SFMP6GR
NSE_EQ,NSE_EQ|INF200KA18S2,SBIAMC - SFMP72DD,12545,SBIAMC - SFMP72DD,SFMP72DD
NSE_EQ,NSE_EQ|INF200KA16S6,SBIAMC - SFMP72DR,12556,SBIAMC - SFMP72DR,SFMP72DR
NSE_EQ,NSE_EQ|INF200KA17S4,SBIAMC - SFMP72GD,12561,SBIAMC - SFMP72GD,SFMP72GD
NSE_EQ,NSE_EQ|INF200KA15S8,SBIAMC - SFMP72GR,12563,SBIAMC - SFMP72GR,SFMP72GR
NSE_EQ,NSE_EQ|INF200KA12T3,SBIAMC - SFMP73DD,13102,SBIAMC - SFMP73DD,SFMP73DD
NSE_EQ,NSE_EQ|INF200KA10T7,SBIAMC - SFMP73DR,13103,SBIAMC - SFMP73DR,SFMP73DR
NSE_EQ,NSE_EQ|INF200KA11T5,SBIAMC - SFMP73GD,13107,SBIAMC - SFMP73GD,SFMP73GD
NSE_EQ,NSE_EQ|INF200KA19S0,SBIAMC - SFMP73GR,13108,SBIAMC - SFMP73GR,SFMP73GR
NSE_EQ,NSE_EQ|INF200KA12U1,SBIAMC - SFMP74DD,13665,SBIAMC - SFMP74DD,SFMP74DD
NSE_EQ,NSE_EQ|INF200KA10U5,SBIAMC - SFMP74DR,13670,SBIAMC - SFMP74DR,SFMP74DR
NSE_EQ,NSE_EQ|INF200KA11U3,SBIAMC - SFMP74GD,13672,SBIAMC - SFMP74GD,SFMP74GD
NSE_EQ,NSE_EQ|INF200KA19T8,SBIAMC - SFMP74GR,13674,SBIAMC - SFMP74GR,SFMP74GR
NSE_EQ,NSE_EQ|IN0020200062,2.50%GOLDBONDS2028SR-I,18862,2.50%GOLDBONDS2028SR-I,SGBAPR28I
NSE_EQ,NSE_EQ|IN0020190107,2.50%GOLDBONDS2027SR-III,12904,2.50%GOLDBONDS2027SR-III,SGBAUG27
NSE_EQ,NSE_EQ|IN0020200161,2.50%GOLDBONDS2028SR-V,22385,2.50%GOLDBONDS2028SR-V,SGBAUG28V
NSE_EQ,NSE_EQ|IN0020210129,2.50%GOLDBONDS2029SR-V,5455,2.50%GOLDBONDS2029SR-V,SGBAUG29V
NSE_EQ,NSE_EQ|IN0020220078,2.50%GOLDBONDS2030SR-II,11192,2.50%GOLDBONDS2030SR-II,SGBAUG30
NSE_EQ,NSE_EQ|IN0020210228,2.50%GOLDBONDS2029SR-VIII,7098,2.50%GOLDBONDS2029SR-VIII,SGBD29VIII
NSE_EQ,NSE_EQ|IN0020190461,2.50%GOLDBONDS2027SR-VII,15432,2.50%GOLDBONDS2027SR-VII,SGBDC27VII
NSE_EQ,NSE_EQ|IN0020220110,2.50%GOLDBONDS2030SR-III,13642,2.50%GOLDBONDS2030SR-III,SGBDE30III
NSE_EQ,NSE_EQ|IN0020230168,2.50%GOLDBONDS2031SR-III,22476,2.50%GOLDBONDS2031SR-III,SGBDE31III
NSE_EQ,NSE_EQ|IN0020170125,2.50%GOLDBONDS 2025 SR-X,623,2.50%GOLDBONDS 2025 SR-X,SGBDEC25
NSE_EQ,NSE_EQ|IN0020170141,2.50%GOLDBONDS2025 SR-XII,795,2.50%GOLDBONDS2025 SR-XII,SGBDEC2512
NSE_EQ,NSE_EQ|IN0020170158,2.50%GOLDBONDS2025SR-XIII,862,2.50%GOLDBONDS2025SR-XIII,SGBDEC2513
NSE_EQ,NSE_EQ|IN0020170133,2.50%GOLDBONDS 2025 SR-XI,729,2.50%GOLDBONDS 2025 SR-XI,SGBDEC25XI
NSE_EQ,NSE_EQ|IN0020180389,2.50%GOLDBONDS2026SR-IV,7654,2.50%GOLDBONDS2026SR-IV,SGBDEC26
NSE_EQ,NSE_EQ|IN0020180561,2.50%GOLDBONDS2027SR-VI,8766,2.50%GOLDBONDS2027SR-VI,SGBFEB27
NSE_EQ,NSE_EQ|IN0020190545,2.50%GOLDBONDS2028SR-IX,17664,2.50%GOLDBONDS2028SR-IX,SGBFEB28IX
NSE_EQ,NSE_EQ|IN0020200393,2.50%GOLDBONDS2029SR-XI,2200,2.50%GOLDBONDS2029SR-XI,SGBFEB29XI
NSE_EQ,NSE_EQ|IN0020230184,2.50%GOLDBONDS2032SR-IV,22886,2.50%GOLDBONDS2032SR-IV,SGBFEB32IV
NSE_EQ,NSE_EQ|IN0020190537,2.50%GOLDBONDS2028SR-VIII,17110,2.50%GOLDBONDS2028SR-VIII,SGBJ28VIII
NSE_EQ,NSE_EQ|IN0020170166,2.50%GOLDBONDS2026SR-XIV,945,2.50%GOLDBONDS2026SR-XIV,SGBJAN26
NSE_EQ,NSE_EQ|IN0020180462,2.50%GOLDBONDS2027SR-V,8308,2.50%GOLDBONDS2027SR-V,SGBJAN27
NSE_EQ,NSE_EQ|IN0020200377,2.50%GOLDBONDS2029SR-IX,1920,2.50%GOLDBONDS2029SR-IX,SGBJAN29IX
NSE_EQ,NSE_EQ|IN0020200385,2.50%GOLDBONDS2029SR-X,2003,2.50%GOLDBONDS2029SR-X,SGBJAN29X
NSE_EQ,NSE_EQ|IN0020210236,2.50%GOLDBONDS2030SR-IX,7879,2.50%GOLDBONDS2030SR-IX,SGBJAN30IX
NSE_EQ,NSE_EQ|IN0020210087,2.5%GOLDBONDS2029SR-III,3800,2.5%GOLDBONDS2029SR-III,SGBJU29III
NSE_EQ,NSE_EQ|IN0020170034,SGB2.50%JUL2025SR-II17-18,21477,SGB2.50%JUL2025SR-II17-18,SGBJUL25
NSE_EQ,NSE_EQ|IN0020190081,2.50%GOLDBONDS2027SR-II,11154,2.50%GOLDBONDS2027SR-II,SGBJUL27
NSE_EQ,NSE_EQ|IN0020200146,2.50%GOLDBONDS2028SR-IV,22242,2.50%GOLDBONDS2028SR-IV,SGBJUL28IV
NSE_EQ,NSE_EQ|IN0020210111,2.50%GOLDBONDS2029SR-IV,5113,2.50%GOLDBONDS2029SR-IV,SGBJUL29IV
NSE_EQ,NSE_EQ|IN0020190073,2.50%GOLDBONDS2027SR-I,10261,2.50%GOLDBONDS2027SR-I,SGBJUN27
NSE_EQ,NSE_EQ|IN0020200104,2.5%GOLDBONDS2028SR-III,19078,2.5%GOLDBONDS2028SR-III,SGBJUN28
NSE_EQ,NSE_EQ|IN0020210061,2.5%GOLDBONDS2029SR-II,3743,2.5%GOLDBONDS2029SR-II,SGBJUN29II
NSE_EQ,NSE_EQ|IN0020220045,2.50%GOLDBONDS2030SR-I,10232,2.50%GOLDBONDS2030SR-I,SGBJUN30
NSE_EQ,NSE_EQ|IN0020230069,2.50%GOLDBONDS2031SR-I,17202,2.50%GOLDBONDS2031SR-I,SGBJUN31I
NSE_EQ,NSE_EQ|IN0020190552,2.50%GOLDBONDS2028SR-X,18451,2.50%GOLDBONDS2028SR-X,SGBMAR28X
NSE_EQ,NSE_EQ|IN0020210319,2.50%GOLDBONDS2030SR-X,8401,2.50%GOLDBONDS2030SR-X,SGBMAR30X
NSE_EQ,NSE_EQ|IN0020220169,2.50%GOLDBONDS2031SR-IV,14598,2.50%GOLDBONDS2031SR-IV,SGBMAR31IV
NSE_EQ,NSE_EQ|IN0020180033,2.50%GOLDBONDS2026SR-I,2891,2.50%GOLDBONDS2026SR-I,SGBMAY26
NSE_EQ,NSE_EQ|IN0020200088,2.50%GOLDBONDS2028SR-II,18972,2.50%GOLDBONDS2028SR-II,SGBMAY28
NSE_EQ,NSE_EQ|IN0020210053,2.5%GOLDBONDS2029SR-I,3742,2.5%GOLDBONDS2029SR-I,SGBMAY29I
NSE_EQ,NSE_EQ|IN0020200427,2.50%GOLDBONDS2029SR-XII,2810,2.50%GOLDBONDS2029SR-XII,SGBMR29XII
NSE_EQ,NSE_EQ|IN0020200286,2.5%GOLDBONDS2028SR-VIII,1342,2.5%GOLDBONDS2028SR-VIII,SGBN28VIII
NSE_EQ,NSE_EQ|IN0020170091,2.50% GOLDBONDS2025SR-VII,458,2.50% GOLDBONDS2025SR-VII,SGBNOV25
NSE_EQ,NSE_EQ|IN0020170109,2.50%GOLDBONDS2025SR-VIII,497,2.50%GOLDBONDS2025SR-VIII,SGBNOV258
NSE_EQ,NSE_EQ|IN0020170117,2.50%GOLDBONDS 2025SR-IX,540,2.50%GOLDBONDS 2025SR-IX,SGBNOV25IX
NSE_EQ,NSE_EQ|IN0020170083,2.50% GOLDBONDS2025SR-VI,398,2.50% GOLDBONDS2025SR-VI,SGBNOV25VI
NSE_EQ,NSE_EQ|IN0020180314,2.50%GOLDBONDS2026SR-III,6355,2.50%GOLDBONDS2026SR-III,SGBNOV26
NSE_EQ,NSE_EQ|IN0020210178,2.5%GOLDBONDS2029SR-VII,6518,2.5%GOLDBONDS2029SR-VII,SGBNV29VII
NSE_EQ,NSE_EQ|IN0020200203,2.50%GOLDBONDS2028SR-VII,834,2.50%GOLDBONDS2028SR-VII,SGBOC28VII
NSE_EQ,NSE_EQ|IN0020170059,2.50% GOLDBONDS2025SR-III,250,2.50% GOLDBONDS2025SR-III,SGBOCT25
NSE_EQ,NSE_EQ|IN0020170067,2.50% GOLDBONDS2025SR-IV,304,2.50% GOLDBONDS2025SR-IV,SGBOCT25IV
NSE_EQ,NSE_EQ|IN0020170075,2.50% GOLDBONDS2025SR-V,355,2.50% GOLDBONDS2025SR-V,SGBOCT25V
NSE_EQ,NSE_EQ|IN0020180249,2.50%GOLDBONDS2026SR-II,5960,2.50%GOLDBONDS2026SR-II,SGBOCT26
NSE_EQ,NSE_EQ|IN0020190370,2.50%GOLDBONDS2027SR-V,13981,2.50%GOLDBONDS2027SR-V,SGBOCT27
NSE_EQ,NSE_EQ|IN0020190388,2.50%GOLDBONDS2027SR-VI,14252,2.50%GOLDBONDS2027SR-VI,SGBOCT27VI
NSE_EQ,NSE_EQ|IN0020190115,2.50%GOLDBONDS2027SR-IV,13209,2.50%GOLDBONDS2027SR-IV,SGBSEP27
NSE_EQ,NSE_EQ|IN0020200195,2.50%GOLDBONDS2028SR-VI,149,2.50%GOLDBONDS2028SR-VI,SGBSEP28VI
NSE_EQ,NSE_EQ|IN0020210145,2.5%GOLDBONDS2029SR-VI,5575,2.5%GOLDBONDS2029SR-VI,SGBSEP29VI
NSE_EQ,NSE_EQ|IN0020230093,2.50%GOLDBONDS2031SR-II,19456,2.50%GOLDBONDS2031SR-II,SGBSEP31II
NSE_EQ,NSE_EQ|INE00QT01015,SYNERGY GREEN IND. LTD,5114,SYNERGY GREEN IND. LTD,SGIL
NSE_EQ,NSE_EQ|INE353H01010,STL GLOBAL LIMITED,13367,STL GLOBAL LIMITED,SGL
NSE_EQ,NSE_EQ|INE0M4D01010,STANDARD GLASS LIN TECH L,29075,STANDARD GLASS LIN TECH L,SGLTL
NSE_EQ,NSE_EQ|INE482J01021,SHAH METACORP LIMITED,20296,SHAH METACORP LIMITED,SHAH
NSE_EQ,NSE_EQ|INE640C01011,SHAH ALLOYS LIMITED,11859,SHAH ALLOYS LIMITED,SHAHALLOYS
NSE_EQ,NSE_EQ|INE151G01028,SHAILY ENG PLASTICS LTD,8727,SHAILY ENG PLASTICS LTD,SHAILY
NSE_EQ,NSE_EQ|INE262S01010,SHAIVAL REALITY LIMITED,10684,SHAIVAL REALITY LIMITED,SHAIVAL
NSE_EQ,NSE_EQ|INE908D01010,SHAKTI PUMPS (I) LTD,25574,SHAKTI PUMPS (I) LTD,SHAKTIPUMP
NSE_EQ,NSE_EQ|INE597J01018,SHALBY LIMITED,714,SHALBY LIMITED,SHALBY
NSE_EQ,NSE_EQ|INE849C01026,SHALIM PAINTS LTD,15342,SHALIM PAINTS LTD,SHALPAINTS
NSE_EQ,NSE_EQ|INE274V01019,SHANKARA BLDG PRODUCT LTD,20321,SHANKARA BLDG PRODUCT LTD,SHANKARA
NSE_EQ,NSE_EQ|INE0Q9Q01017,SHANTHALA FMCG PRODUCTS L,19755,SHANTHALA FMCG PRODUCTS L,SHANTHALA
NSE_EQ,NSE_EQ|INE933X01016,SHANTI OVERSEAS INDIA LTD,5655,SHANTI OVERSEAS INDIA LTD,SHANTI
NSE_EQ,NSE_EQ|INE631A01022,SHANTHI GEARS LTD,3078,SHANTHI GEARS LTD,SHANTIGEAR
NSE_EQ,NSE_EQ|INE221J01015,SHARDA CROPCHEM LTD.,4992,SHARDA CROPCHEM LTD.,SHARDACROP
NSE_EQ,NSE_EQ|INE597I01028,SHARDA MOTOR INDS LTD,10530,SHARDA MOTOR INDS LTD,SHARDAMOTR
NSE_EQ,NSE_EQ|INE932X01026,SHARE IND. SECURITIES LTD,104,SHARE IND. SECURITIES LTD,SHAREINDIA
NSE_EQ,NSE_EQ|INF732E01128,NIP IND ETF SHARIAH BEES,17044,NIP IND ETF SHARIAH BEES,SHARIABEES
NSE_EQ,NSE_EQ|INE04VX01019,SHEETAL UNIVERSAL LIMITED,20426,SHEETAL UNIVERSAL LIMITED,SHEETAL
NSE_EQ,NSE_EQ|INE268L01046,SHEKHAWATI INDUSTRIES LTD,21099,SHEKHAWATI INDUSTRIES LTD,SHEKHAWATI
NSE_EQ,NSE_EQ|INE363M01019,SHEMAROO ENTER. LTD.,5072,SHEMAROO ENTER. LTD.,SHEMAROO
NSE_EQ,NSE_EQ|INE0MM001019,SHERA ENERGY LIMITED,14172,SHERA ENERGY LIMITED,SHERA
NSE_EQ,NSE_EQ|INE03KJ01013,SHIGAN QUANTUM TECH LTD,8398,SHIGAN QUANTUM TECH LTD,SHIGAN
NSE_EQ,NSE_EQ|INE790G01031,SHILPA MEDICARE LTD,17752,SHILPA MEDICARE LTD,SHILPAMED
NSE_EQ,NSE_EQ|INE788J01021,SHIVALIK RASAYAN LIMITED,7016,SHIVALIK RASAYAN LIMITED,SHIVALIK
NSE_EQ,NSE_EQ|INE637H01024,SHIVAM AUTO.LTD,13756,SHIVAM AUTO.LTD,SHIVAMAUTO
NSE_EQ,NSE_EQ|INE644Y01017,SHIVA MILLS LIMITED,1497,SHIVA MILLS LIMITED,SHIVAMILLS
NSE_EQ,NSE_EQ|INE705C01020,SHIVA TEXYARN LIMITED,804,SHIVA TEXYARN LIMITED,SHIVATEX
NSE_EQ,NSE_EQ|INE719F01016,SHIV AUM STEELS LIMITED,13471,SHIV AUM STEELS LIMITED,SHIVAUM
NSE_EQ,NSE_EQ|INE500L01026,S H KELKAR AND CO. LTD.,11212,S H KELKAR AND CO. LTD.,SHK
NSE_EQ,NSE_EQ|INE498B01024,SHOPPERS STOP LIMITED,11813,SHOPPERS STOP LIMITED,SHOPERSTOP
NSE_EQ,NSE_EQ|INE715Y01031,SHRADHA INFRAPROJECTS LTD,708,SHRADHA INFRAPROJECTS LTD,SHRADHA
NSE_EQ,NSE_EQ|INE232A01011,SHREE DIGVIJAY CEM CO LTD,3099,SHREE DIGVIJAY CEM CO LTD,SHREDIGCEM
NSE_EQ,NSE_EQ|INE070A01015,SHREE CEMENT LIMITED,3103,SHREE CEMENT LIMITED,SHREECEM
NSE_EQ,NSE_EQ|INE0S4Y01010,SHREE KARNI FABCOM LTD,23074,SHREE KARNI FABCOM LTD,SHREEKARNI
NSE_EQ,NSE_EQ|INE02S501018,SHREE OSFM E-MOBILITY LTD,20603,SHREE OSFM E-MOBILITY LTD,SHREEOSFM
NSE_EQ,NSE_EQ|INE712K01011,SHRE PUSH CHEM & FERT LTD,10588,SHRE PUSH CHEM & FERT LTD,SHREEPUSHK
NSE_EQ,NSE_EQ|INE879A01019,SHREE RAMA MULTI TECH LTD,7627,SHREE RAMA MULTI TECH LTD,SHREERAMA
NSE_EQ,NSE_EQ|INE0GTI23014,SHREM INVIT,5718,SHREM INVIT,SHREMINVIT
NSE_EQ,NSE_EQ|INE632X01030,SHRENIK LIMITED,11150,SHRENIK LIMITED,SHRENIK
NSE_EQ,NSE_EQ|INE231C01019,SHREYANS INDUSTRIES LTD,3126,SHREYANS INDUSTRIES LTD,SHREYANIND
NSE_EQ,NSE_EQ|INE0DM401012,SHRI AHIMSA NATURALS LTD,756406,SHRI AHIMSA NATURALS LTD,SHRIAHIMSA
NSE_EQ,NSE_EQ|INE526E01018,SHRIRAM PIST. & RING LTD,17186,SHRIRAM PIST. & RING LTD,SHRIPISTON
NSE_EQ,NSE_EQ|INE721A01047,SHRIRAM FINANCE LIMITED,4306,SHRIRAM FINANCE LIMITED,SHRIRAMFIN
NSE_EQ,NSE_EQ|INE217L01019,SHRIRAM PROPERTIES LTD,7200,SHRIRAM PROPERTIES LTD,SHRIRAMPPS
NSE_EQ,NSE_EQ|INE0OMF01015,SHRI TECHTEX LIMITED,17684,SHRI TECHTEX LIMITED,SHRITECH
NSE_EQ,NSE_EQ|INE01Z401013,SHUBHLAXMI JEWEL ART LTD,6451,SHUBHLAXMI JEWEL ART LTD,SHUBHLAXMI
NSE_EQ,NSE_EQ|INE0UL701015,SHUBHSHREE BIOFUELS ENE L,25240,SHUBHSHREE BIOFUELS ENE L,SHUBHSHREE
NSE_EQ,NSE_EQ|INE979R01011,SHYAM CENTURY FERROUS LTD,10192,SHYAM CENTURY FERROUS LTD,SHYAMCENT
NSE_EQ,NSE_EQ|INE810G01011,SHYAM METALICS AND ENGY L,4693,SHYAM METALICS AND ENGY L,SHYAMMETL
NSE_EQ,NSE_EQ|INE635A01023,SHYAM TELECOM LIMITED,13740,SHYAM TELECOM LIMITED,SHYAMTEL
NSE_EQ,NSE_EQ|INE075B01020,SICAL LOGISTICS LIMITED,19440,SICAL LOGISTICS LIMITED,SICALLOG
NSE_EQ,NSE_EQ|INE0A1E01018,SIDDHIKA COATINGS LIMITED,3148,SIDDHIKA COATINGS LIMITED,SIDDHIKA
NSE_EQ,NSE_EQ|INE003A01024,SIEMENS LTD,3150,SIEMENS LTD,SIEMENS
NSE_EQ,NSE_EQ|INE0D0K01022,SIGACHI INDUSTRIES LTD,6663,SIGACHI INDUSTRIES LTD,SIGACHI
NSE_EQ,NSE_EQ|INE529F01035,SIGNET INDUSTRIES LIMITED,4517,SIGNET INDUSTRIES LIMITED,SIGIND
NSE_EQ,NSE_EQ|INE0A0S01010,SIGMA SOLVE LIMITED,16664,SIGMA SOLVE LIMITED,SIGMA
NSE_EQ,NSE_EQ|INE903U01023,SIGNATUREGLOBAL INDIA LTD,18743,SIGNATUREGLOBAL INDIA LTD,SIGNATURE
NSE_EQ,NSE_EQ|INE0RDE01010,SIGNORIA CREATION LIMITED,23150,SIGNORIA CREATION LIMITED,SIGNORIA
NSE_EQ,NSE_EQ|INE0KGZ01021,SIGNPOST INDIA LIMITED,22656,SIGNPOST INDIA LIMITED,SIGNPOST
NSE_EQ,NSE_EQ|INE213W07301,SIHF T-BILL LKD 27 SR 28,25950,SIHF T-BILL LKD 27 SR 28,SIHF27
NSE_EQ,NSE_EQ|INE112X01017,SIKKO INDUSTRIES LIMITED,6218,SIKKO INDUSTRIES LIMITED,SIKKO
NSE_EQ,NSE_EQ|INE173A01025,STANDARD INDUSTRIES LTD.,11297,STANDARD INDUSTRIES LTD.,SIL
NSE_EQ,NSE_EQ|INE01II01013,SILGO RETAIL LIMITED,2495,SILGO RETAIL LIMITED,SILGO
NSE_EQ,NSE_EQ|INE923A01015,SIL INVESTMENTS LIMITED,4105,SIL INVESTMENTS LIMITED,SILINV
NSE_EQ,NSE_EQ|INE0STN01015,SILKFLEX POLYMERS INDIA L,23739,SILKFLEX POLYMERS INDIA L,SILKFLEX
NSE_EQ,NSE_EQ|INE203Y01012,SILLY MONKS ENTERTAIN LTD,19097,SILLY MONKS ENTERTAIN LTD,SILLYMONKS
NSE_EQ,NSE_EQ|INF209KB19F6,BIRLASLAMC - SILVER,8003,BIRLASLAMC - SILVER,SILVER
NSE_EQ,NSE_EQ|INF174KA1KU9,KOTAKMAMC - KOTAKSILVE,13082,KOTAKMAMC - KOTAKSILVE,SILVER1
NSE_EQ,NSE_EQ|INF579M01BC3,360ONEAMC - SILVER360,756150,360ONEAMC - SILVER360,SILVER360
NSE_EQ,NSE_EQ|INF740KA1RE3,DSPAMC - DSPSILVETF,10761,DSPAMC - DSPSILVETF,SILVERADD
NSE_EQ,NSE_EQ|INF204KC1402,NIPPONAMC - NETFSILVER,8080,NIPPONAMC - NETFSILVER,SILVERBEES
NSE_EQ,NSE_EQ|INF0R8F01091,ZERODHAAMC - SILVERCASE,30274,ZERODHAAMC - SILVERCASE,SILVERCASE
NSE_EQ,NSE_EQ|INF789F1AYK6,UTIAMC - SILVERETF,15085,UTIAMC - SILVERETF,SILVERETF
NSE_EQ,NSE_EQ|INF109KC1Y56,ICICIPRAMC - ICICISILVE,7942,ICICIPRAMC - ICICISILVE,SILVERIETF
NSE_EQ,NSE_EQ|INE625X01018,SILVER TOUCH TECHNO LTD,9422,SILVER TOUCH TECHNO LTD,SILVERTUC
NSE_EQ,NSE_EQ|INF769K01KG6,MIRAEAMC - MASILVER,16777,MIRAEAMC - MASILVER,SILVRETF
NSE_EQ,NSE_EQ|INE748T01016,SIMBHAOLI SUGARS LTD.,14616,SIMBHAOLI SUGARS LTD.,SIMBHALS
NSE_EQ,NSE_EQ|INE059B01024,SIMPLEX INFRASTRUCTURES L,3162,SIMPLEX INFRASTRUCTURES L,SIMPLEXINF
NSE_EQ,NSE_EQ|INE985A01022,SINCLAIRS HOTELS LIMITED,23480,SINCLAIRS HOTELS LIMITED,SINCLAIR
NSE_EQ,NSE_EQ|INE325D01025,SINDHU TRADE LINKS LTD,16859,SINDHU TRADE LINKS LTD,SINDHUTRAD
NSE_EQ,NSE_EQ|INE129Z01016,SINTERCOM INDIA LIMITED,381,SINTERCOM INDIA LIMITED,SINTERCOM
NSE_EQ,NSE_EQ|INE792Z01011,SIRCA PAINT INDIA LIMITED,11050,SIRCA PAINT INDIA LIMITED,SIRCA
NSE_EQ,NSE_EQ|INE285J01028,SIS LIMITED,21501,SIS LIMITED,SIS
NSE_EQ,NSE_EQ|INE965H01011,SITI NETWORKS LIMITED,29210,SITI NETWORKS LIMITED,SITINET
NSE_EQ,NSE_EQ|INE076B01028,SIYARAM SILK MILLS LTD,14096,SIYARAM SILK MILLS LTD,SIYSIL
NSE_EQ,NSE_EQ|INE0F3301020,S J LOGISTICS (INDIA) LTD,20542,S J LOGISTICS (INDIA) LTD,SJLOGISTIC
NSE_EQ,NSE_EQ|INE284S01014,SJS ENTERPRISES LIMITED,6643,SJS ENTERPRISES LIMITED,SJS
NSE_EQ,NSE_EQ|INE002L01015,SJVN LTD,18883,SJVN LTD,SJVN
NSE_EQ,NSE_EQ|INE640A01023,SKF INDIA LTD,3186,SKF INDIA LTD,SKFINDIA
NSE_EQ,NSE_EQ|INE429F01012,SKIL INFRASTRUCTURE LTD.,24107,SKIL INFRASTRUCTURE LTD.,SKIL
NSE_EQ,NSE_EQ|INE439E01022,SKIPPER LIMITED,9428,SKIPPER LIMITED,SKIPPER
NSE_EQ,NSE_EQ|INE411D01015,SKM EGG PROD EXPORT(I) LT,4732,SKM EGG PROD EXPORT(I) LT,SKMEGGPROD
NSE_EQ,NSE_EQ|INE0KZA01016,SKP BEARING INDUSTRI. LTD,10325,SKP BEARING INDUSTRI. LTD,SKP
NSE_EQ,NSE_EQ|INE01IU01018,SKY GOLD AND DIAMONDS LTD,13631,SKY GOLD AND DIAMONDS LTD,SKYGOLD
NSE_EQ,NSE_EQ|INE0SMA01017,SLONE INFOSYSTEMS LIMITED,23692,SLONE INFOSYSTEMS LIMITED,SLONE
NSE_EQ,NSE_EQ|INF769K01LC3,MIRAEAMC - SMALLCAP,22832,MIRAEAMC - SMALLCAP,SMALLCAP
NSE_EQ,NSE_EQ|INE178C01020,SMARTLINK HOLDINGS LTD,9889,SMARTLINK HOLDINGS LTD,SMARTLINK
NSE_EQ,NSE_EQ|INE103C01036,SMC GLOBAL SECURITIES LTD,2320,SMC GLOBAL SECURITIES LTD,SMCGLOBAL
NSE_EQ,NSE_EQ|INE294B01019,SML ISUZU LIMITED,3387,SML ISUZU LIMITED,SMLISUZU
NSE_EQ,NSE_EQ|INE017W01010,SARTHAK METALS LIMITED,6843,SARTHAK METALS LIMITED,SMLT
NSE_EQ,NSE_EQ|INE320X01016,SMS LIFESCIENCES (I) LTD,21551,SMS LIFESCIENCES (I) LTD,SMSLIFE
NSE_EQ,NSE_EQ|INE812G01025,SMS PHARMACEUTICALS LTD.,14329,SMS PHARMACEUTICALS LTD.,SMSPHARMA
NSE_EQ,NSE_EQ|INE702Y01013,SMVD POLY PACK LIMITED,850,SMVD POLY PACK LIMITED,SMVD
NSE_EQ,NSE_EQ|INE734N01019,SNOWMAN LOGISTICS LTD.,4843,SNOWMAN LOGISTICS LTD.,SNOWMAN
NSE_EQ,NSE_EQ|INF204KC1EZ3,NIPPONAMC - SNXT30BEES,757455,NIPPONAMC - SNXT30BEES,SNXT30BEES
NSE_EQ,NSE_EQ|INE671H01015,SOBHA LIMITED,13826,SOBHA LIMITED,SOBHA
NSE_EQ,NSE_EQ|INE728Z01015,SOFTTECH ENGINEERS LTD,8266,SOFTTECH ENGINEERS LTD,SOFTTECH
NSE_EQ,NSE_EQ|INE624Z01016,SOLARA ACTIVE PHA SCI LTD,3672,SOLARA ACTIVE PHA SCI LTD,SOLARA
NSE_EQ,NSE_EQ|IN9624Z01022,SOLARA RS. 7 PPD UP,756939,SOLARA RS. 7 PPD UP,SOLARAPP1
NSE_EQ,NSE_EQ|INE343H01029,SOLAR INDUSTRIES (I) LTD,13332,SOLAR INDUSTRIES (I) LTD,SOLARINDS
NSE_EQ,NSE_EQ|INE880Y01017,SOLEX ENERGY LIMITED,1234,SOLEX ENERGY LIMITED,SOLEX
NSE_EQ,NSE_EQ|INE355A01028,SOMANY CERAMICS LIMITED,3880,SOMANY CERAMICS LIMITED,SOMANYCERA
NSE_EQ,NSE_EQ|INE314C01013,SOMA TEXTILES & INDUST LT,4201,SOMA TEXTILES & INDUST LT,SOMATEX
NSE_EQ,NSE_EQ|INE323J01019,SOMI CONVEYOR BELT. LTD.,17794,SOMI CONVEYOR BELT. LTD.,SOMICONVEY
NSE_EQ,NSE_EQ|INE073K01018,SONA BLW PRECISION FRGS L,4684,SONA BLW PRECISION FRGS L,SONACOMS
NSE_EQ,NSE_EQ|INE0Q6H01012,SONA MACHINERY LIMITED,23052,SONA MACHINERY LIMITED,SONAMAC
NSE_EQ,NSE_EQ|INE00LM01029,SONAM LIMITED,8806,SONAM LIMITED,SONAMLTD
NSE_EQ,NSE_EQ|INE269A01021,SONATA SOFTWARE LTD,6596,SONATA SOFTWARE LTD,SONATSOFTW
NSE_EQ,NSE_EQ|INE0JZA01018,SONU INFRATECH LIMITED,9463,SONU INFRATECH LIMITED,SONUINFRA
NSE_EQ,NSE_EQ|INE0O2D01012,SOTAC PHARMACEUTICALS LTD,14993,SOTAC PHARMACEUTICALS LTD,SOTAC
NSE_EQ,NSE_EQ|INE035D01020,SAVITA OIL TECHNOLO. LTD,3021,SAVITA OIL TECHNOLO. LTD,SOTL
NSE_EQ,NSE_EQ|INE683A01023,THE SOUTH INDIAN BANK LTD,5948,THE SOUTH INDIAN BANK LTD,SOUTHBANK
NSE_EQ,NSE_EQ|INE980Y01015,SOUTH WEST PINNACLE LTD,9678,SOUTH WEST PINNACLE LTD,SOUTHWEST
NSE_EQ,NSE_EQ|INE212I01016,S. P. APPARELS LIMITED,18252,S. P. APPARELS LIMITED,SPAL
NSE_EQ,NSE_EQ|INE572J01011,SPANDANA SPHOORTY FIN LTD,11435,SPANDANA SPHOORTY FIN LTD,SPANDANA
NSE_EQ,NSE_EQ|INE232I01014,SUN PHARMA ADV.RES.CO.LTD,14788,SUN PHARMA ADV.RES.CO.LTD,SPARC
NSE_EQ,NSE_EQ|INE970N01027,SPACENET ENTERS IND LTD,19375,SPACENET ENTERS IND LTD,SPCENET
NSE_EQ,NSE_EQ|INE0T7B01010,SHIVALIC POWER CONTROL L,24252,SHIVALIC POWER CONTROL L,SPCL
NSE_EQ,NSE_EQ|INE247M01014,SPECIALITY REST LTD,27107,SPECIALITY REST LTD,SPECIALITY
NSE_EQ,NSE_EQ|INE01EO01010,SPECTRUM ELECTRIC IND LTD,30455,SPECTRUM ELECTRIC IND LTD,SPECTRUM
NSE_EQ,NSE_EQ|INE0OL001018,SPECTRUM TALENT MGMT LTD,16876,SPECTRUM TALENT MGMT LTD,SPECTSTM
NSE_EQ,NSE_EQ|INE020801028,SPENCER S RETAIL LIMITED,8163,SPENCER S RETAIL LIMITED,SPENCERS
NSE_EQ,NSE_EQ|INE147A01011,SPIC LTD,3252,SPIC LTD,SPIC
NSE_EQ,NSE_EQ|INE978G01016,SPL INDUSTRIES LIMITED,11938,SPL INDUSTRIES LIMITED,SPLIL
NSE_EQ,NSE_EQ|INE663A01033,SUPREME PETROCHEM LIMITED,9617,SUPREME PETROCHEM LIMITED,SPLPETRO
NSE_EQ,NSE_EQ|INE937A01023,SPML INFRA LIMITED,3321,SPML INFRA LIMITED,SPMLINFRA
NSE_EQ,NSE_EQ|INE885H01029,SPORTKING INDIA LIMITED,10733,SPORTKING INDIA LIMITED,SPORTKING
NSE_EQ,NSE_EQ|INE0QR801013,SPP POLYMER LIMITED,25306,SPP POLYMER LIMITED,SPPPOLY
NSE_EQ,NSE_EQ|INE0JW501011,SP REFRACTORIES LIMITED,8521,SP REFRACTORIES LIMITED,SPRL
NSE_EQ,NSE_EQ|INE01NE01012,SHANKAR LAL RAMPAL LTD,25737,SHANKAR LAL RAMPAL LTD,SRD
NSE_EQ,NSE_EQ|INE099F01013,SREELEATHERS LIMITED,31837,SREELEATHERS LIMITED,SREEL
NSE_EQ,NSE_EQ|INE647A01010,SRF LTD,3273,SRF LTD,SRF
NSE_EQ,NSE_EQ|INE559N01010,SRG HOUSING FINANCE L,18119,SRG HOUSING FINANCE L,SRGHFL
NSE_EQ,NSE_EQ|INE917H01012,SREE RAYALSEEMA HHP LTD.,14582,SREE RAYALSEEMA HHP LTD.,SRHHYPOLTD
NSE_EQ,NSE_EQ|INE0NPI01014,SRIVASAVI ADHESIVE TAPE L,14411,SRIVASAVI ADHESIVE TAPE L,SRIVASAVI
NSE_EQ,NSE_EQ|INE0R6Z01013,SRM CONTRACTORS LIMITED,23402,SRM CONTRACTORS LIMITED,SRM
NSE_EQ,NSE_EQ|INE008Z01020,SHREE RAM PROTEINS LTD.,28635,SHREE RAM PROTEINS LTD.,SRPL
NSE_EQ,NSE_EQ|INE0PQ101010,SARASWATI SAREE DEPOT LTD,24856,SARASWATI SAREE DEPOT LTD,SSDL
NSE_EQ,NSE_EQ|INE0RFP01011,SATHLOKHAR SYN E&C GLOB L,24697,SATHLOKHAR SYN E&C GLOB L,SSEGL
NSE_EQ,NSE_EQ|INE0ON201012,SRIVARI SPICES N FOODS L,18056,SRIVARI SPICES N FOODS L,SSFL
NSE_EQ,NSE_EQ|INE802C01033,STEEL STRIPS WHEELS LTD.,11829,STEEL STRIPS WHEELS LTD.,SSWL
NSE_EQ,NSE_EQ|INE0RYC01010,STALLION IND FLUOROCHEM L,29205,STALLION IND FLUOROCHEM L,STALLION
NSE_EQ,NSE_EQ|INE01A001028,STANLEY LIFESTYLES LTD,24226,STANLEY LIFESTYLES LTD,STANLEY
NSE_EQ,NSE_EQ|INE939A01011,STRIDES PHARMA SCI LTD,7374,STRIDES PHARMA SCI LTD,STAR
NSE_EQ,NSE_EQ|INE460H01021,STAR CEMENT LIMITED,21091,STAR CEMENT LIMITED,STARCEMENT
NSE_EQ,NSE_EQ|INE575P01011,STAR HEALTH & AL INS CO L,7083,STAR HEALTH & AL INS CO L,STARHEALTH
NSE_EQ,NSE_EQ|INE733A01018,STAR PAPER MILLS LTD,3291,STAR PAPER MILLS LTD,STARPAPER
NSE_EQ,NSE_EQ|INE992I01013,STARTECK FINANCE LIMITED,9305,STARTECK FINANCE LIMITED,STARTECK
NSE_EQ,NSE_EQ|INE655A01013,THE STATE TRADING CORPN,10948,THE STATE TRADING CORPN,STCINDIA
NSE_EQ,NSE_EQ|INE124E01020,STEELCAST LIMITED,6803,STEELCAST LIMITED,STEELCAS
NSE_EQ,NSE_EQ|INE395H01011,STEEL CITY SECURITIES LTD,10406,STEEL CITY SECURITIES LTD,STEELCITY
NSE_EQ,NSE_EQ|INE503B01021,STEEL EXCHANGE INDIA LTD,21339,STEEL EXCHANGE INDIA LTD,STEELXIND
NSE_EQ,NSE_EQ|INE577L01016,STEL HOLDINGS LIMITED,21488,STEL HOLDINGS LIMITED,STEL
NSE_EQ,NSE_EQ|INE334A01023,STERLING TOOLS LIMITED,4299,STERLING TOOLS LIMITED,STERTOOLS
NSE_EQ,NSE_EQ|INE089C01029,STERLITE TECHNOLOGIES LTD,9309,STERLITE TECHNOLOGIES LTD,STLTECH
NSE_EQ,NSE_EQ|INE00IN01015,STOVE KRAFT LIMITED,2107,STOVE KRAFT LIMITED,STOVEKRAFT
NSE_EQ,NSE_EQ|INE239C01020,STYLAM INDUSTRIES LIMITED,5186,STYLAM INDUSTRIES LIMITED,STYLAMIND
NSE_EQ,NSE_EQ|INE01FR01028,BAAZAR STYLE RETAIL LTD,25114,BAAZAR STYLE RETAIL LTD,STYLEBAAZA
NSE_EQ,NSE_EQ|INE189B01011,STYRENIX PERFORMANCE LTD,19,STYRENIX PERFORMANCE LTD,STYRENIX
NSE_EQ,NSE_EQ|INE754A01055,SUBEX LTD,967,SUBEX LTD,SUBEXLTD
NSE_EQ,NSE_EQ|INE287B01021,SUBROS LIMITED,3324,SUBROS LIMITED,SUBROS
NSE_EQ,NSE_EQ|INE659A01023,SUDARSHAN CHEMICAL INDS L,3327,SUDARSHAN CHEMICAL INDS L,SUDARSCHEM
NSE_EQ,NSE_EQ|INE450E01029,SUKHJIT STARCH & CHEM LTD,11804,SUKHJIT STARCH & CHEM LTD,SUKHJITS
NSE_EQ,NSE_EQ|INE142Q01026,SULA VINEYARDS LIMITED,13218,SULA VINEYARDS LIMITED,SULA
NSE_EQ,NSE_EQ|INE258G01013,SUMITOMO CHEM INDIA LTD,17105,SUMITOMO CHEM INDIA LTD,SUMICHEM
NSE_EQ,NSE_EQ|INE748Z01013,SUMIT WOODS LIMITED,11140,SUMIT WOODS LIMITED,SUMIT
NSE_EQ,NSE_EQ|INE519C01017,SUMMIT SECURITIES LTD,21275,SUMMIT SECURITIES LTD,SUMMITSEC
NSE_EQ,NSE_EQ|INE0Q3R01026,SUNDARAM CLAYTON LIMITED,20956,SUNDARAM CLAYTON LIMITED,SUNCLAY
NSE_EQ,NSE_EQ|INE108E01023,SUNDARAM MULTI PAP LTD,18931,SUNDARAM MULTI PAP LTD,SUNDARAM
NSE_EQ,NSE_EQ|INE660A01013,SUNDARAM FINANCE LTD,3339,SUNDARAM FINANCE LTD,SUNDARMFIN
NSE_EQ,NSE_EQ|INE202Z01029,SUNDARAM FINANCE HOLD LTD,2183,SUNDARAM FINANCE HOLD LTD,SUNDARMHLD
NSE_EQ,NSE_EQ|INE073D01013,SUNDARAM BRAK LININGS LTD,4179,SUNDARAM BRAK LININGS LTD,SUNDRMBRAK
NSE_EQ,NSE_EQ|INE387A01021,SUNDRAM FASTENERS LTD,3345,SUNDRAM FASTENERS LTD,SUNDRMFAST
NSE_EQ,NSE_EQ|INE209A01019,SUNDROP BRANDS LIMITED,1663,SUNDROP BRANDS LIMITED,SUNDROP
NSE_EQ,NSE_EQ|INE947A01014,SUNFLAG IRON AND STEEL CO,3348,SUNFLAG IRON AND STEEL CO,SUNFLAG
NSE_EQ,NSE_EQ|INE0U2N01013,SUNLITE RECYCLING IND LTD,24872,SUNLITE RECYCLING IND LTD,SUNLITE
NSE_EQ,NSE_EQ|INE044A01036,SUN PHARMACEUTICAL IND L,3351,SUN PHARMACEUTICAL IND L,SUNPHARMA
NSE_EQ,NSE_EQ|INE0PLZ01012,SUNREST LIFESCIENCE LTD,20213,SUNREST LIFESCIENCE LTD,SUNREST
NSE_EQ,NSE_EQ|INE805D01034,SUNTECK REALTY LIMITED,17641,SUNTECK REALTY LIMITED,SUNTECK
NSE_EQ,NSE_EQ|INE424H01027,SUN TV NETWORK LIMITED,13404,SUN TV NETWORK LIMITED,SUNTV
NSE_EQ,NSE_EQ|INE712B01010,SUPERHOUSE LIMITED,20616,SUPERHOUSE LIMITED,SUPERHOUSE
NSE_EQ,NSE_EQ|INE662A01027,SUPER SPINNING MILLS LTD,3357,SUPER SPINNING MILLS LTD,SUPERSPIN
NSE_EQ,NSE_EQ|INE399C01030,SUPRAJIT ENGINEERING LTD,11689,SUPRAJIT ENGINEERING LTD,SUPRAJIT
NSE_EQ,NSE_EQ|INE822E01011,SUPREME HOLDIN N HOSP I L,29439,SUPREME HOLDIN N HOSP I L,SUPREME
NSE_EQ,NSE_EQ|INE319Z01021,SUPREME ENGINEERING LTD,1401,SUPREME ENGINEERING LTD,SUPREMEENG
NSE_EQ,NSE_EQ|INE195A01028,SUPREME INDUSTRIES LTD,3363,SUPREME INDUSTRIES LTD,SUPREMEIND
NSE_EQ,NSE_EQ|INE550H01011,SUPREME INFRA. LTD,13419,SUPREME INFRA. LTD,SUPREMEINF
NSE_EQ,NSE_EQ|INE0QHG01026,SUPREME POWER EQUIPMENT L,21074,SUPREME POWER EQUIPMENT L,SUPREMEPWR
NSE_EQ,NSE_EQ|INE07RO01027,SUPRIYA LIFESCIENCE LTD,7390,SUPRIYA LIFESCIENCE LTD,SUPRIYA
NSE_EQ,NSE_EQ|INE843S01025,SURAJ ESTATE DEVELOPERS L,20822,SURAJ ESTATE DEVELOPERS L,SURAJEST
NSE_EQ,NSE_EQ|INE713C01016,SURAJ LIMITED,24966,SURAJ LIMITED,SURAJLTD
NSE_EQ,NSE_EQ|INE877V01027,SURAKSHA DIAGNOSTIC LTD,27334,SURAKSHA DIAGNOSTIC LTD,SURAKSHA
NSE_EQ,NSE_EQ|INE272L01022,SURANA SOLAR LIMITED,21077,SURANA SOLAR LIMITED,SURANASOL
NSE_EQ,NSE_EQ|INE130B01031,SURANA TELECOM AND POW LT,10700,SURANA TELECOM AND POW LT,SURANAT&P
NSE_EQ,NSE_EQ|INE01ZJ01015,SURANI STEEL TUBES LTD.,8524,SURANI STEEL TUBES LTD.,SURANI
NSE_EQ,NSE_EQ|INE713B01026,SURYALAKSHMI COT MIL LTD,11852,SURYALAKSHMI COT MIL LTD,SURYALAXMI
NSE_EQ,NSE_EQ|INE335A01020,SURYA ROSHNI LTD,3375,SURYA ROSHNI LTD,SURYAROSNI
NSE_EQ,NSE_EQ|INE428Q01011,SURYODAY SMALL FIN BK LTD,2970,SURYODAY SMALL FIN BK LTD,SURYODAY
NSE_EQ,NSE_EQ|INE645H01027,SUTLEJ TEXT & INDUS LTD,13804,SUTLEJ TEXT & INDUS LTD,SUTLEJTEX
NSE_EQ,NSE_EQ|INE495B01038,SUVEN LIFE SCIENCES LTD,11233,SUVEN LIFE SCIENCES LTD,SUVEN
NSE_EQ,NSE_EQ|INE018401013,SUVIDHAA INFOSERVE LTD,3005,SUVIDHAA INFOSERVE LTD,SUVIDHAA
NSE_EQ,NSE_EQ|INE442P01014,SUYOG TELEMATICS LIMITED,24854,SUYOG TELEMATICS LIMITED,SUYOG
NSE_EQ,NSE_EQ|INE040H01021,SUZLON ENERGY LIMITED,12018,SUZLON ENERGY LIMITED,SUZLON
NSE_EQ,NSE_EQ|INE00CE01017,SHREE VASU LOGISTICS LTD,15126,SHREE VASU LOGISTICS LTD,SVLL
NSE_EQ,NSE_EQ|INE308E01029,SVP GLOBAL TEXTILES LTD,5023,SVP GLOBAL TEXTILES LTD,SVPGLOB
NSE_EQ,NSE_EQ|INE542F01020,SWAN DEFENCE N HEVY IND L,29164,SWAN DEFENCE N HEVY IND L,SWANDEF
NSE_EQ,NSE_EQ|INE665A01038,SWAN ENERGY LIMITED,27095,SWAN ENERGY LIMITED,SWANENERGY
NSE_EQ,NSE_EQ|INE0GMR01016,SWARAJ SUITING LIMITED,8612,SWARAJ SUITING LIMITED,SWARAJ
NSE_EQ,NSE_EQ|INE277A01016,SWARAJ ENGINES LTD,3384,SWARAJ ENGINES LTD,SWARAJENG
NSE_EQ,NSE_EQ|INE0DGC01025,SWASTIK PIPE LIMITED,11492,SWASTIK PIPE LIMITED,SWASTIK
NSE_EQ,NSE_EQ|INE409B01013,SWELECT ENERGY SYS LTD,11912,SWELECT ENERGY SYS LTD,SWELECTES
NSE_EQ,NSE_EQ|INE00H001014,SWIGGY LIMITED,27066,SWIGGY LIMITED,SWIGGY
NSE_EQ,NSE_EQ|INE00M201021,STRLNG & WIL REN ENE LTD,12489,STRLNG & WIL REN ENE LTD,SWSOLAR
NSE_EQ,NSE_EQ|INE01IH01015,SYLVAN PLYBOARD (INDIA) L,24267,SYLVAN PLYBOARD (INDIA) L,SYLVANPLY
NSE_EQ,NSE_EQ|INE225D01027,SYMPHONY LIMITED,24190,SYMPHONY LIMITED,SYMPHONY
NSE_EQ,NSE_EQ|INE312C01025,SYNCOM FORMU (I) LTD,11992,SYNCOM FORMU (I) LTD,SYNCOMF
NSE_EQ,NSE_EQ|INE398R01022,SYNGENE INTERNATIONAL LTD,10243,SYNGENE INTERNATIONAL LTD,SYNGENE
NSE_EQ,NSE_EQ|INE0BTR01012,SYNOPTICS TECHNOLOGIES L,17206,SYNOPTICS TECHNOLOGIES L,SYNOPTICS
NSE_EQ,NSE_EQ|INE0DYJ01015,SYRMA SGS TECHNOLOGY LTD,10793,SYRMA SGS TECHNOLOGY LTD,SYRMA
NSE_EQ,NSE_EQ|INE0O7R01011,SYSTANGO TECHNOLOGIES LTD,14506,SYSTANGO TECHNOLOGIES LTD,SYSTANGO
NSE_EQ,NSE_EQ|INE0SOY01013,TAC INFOSEC LIMITED,23438,TAC INFOSEC LIMITED,TAC
NSE_EQ,NSE_EQ|INE123C01018,TAINWALA CHEMICAL AND PLA,3396,TAINWALA CHEMICAL AND PLA,TAINWALCHM
NSE_EQ,NSE_EQ|INE586B01026,TAJ GVK HOTELS & RESORTS,9354,TAJ GVK HOTELS & RESORTS,TAJGVK
NSE_EQ,NSE_EQ|INE142I01023,TAKE SOLUTIONS LTD,29209,TAKE SOLUTIONS LTD,TAKE
NSE_EQ,NSE_EQ|INE187D01029,TALBROS AUTO. COMP. LTD,13648,TALBROS AUTO. COMP. LTD,TALBROAUTO
NSE_EQ,NSE_EQ|INE0Z7N01017,TANKUP ENGINEERS LIMITED,756338,TANKUP ENGINEERS LIMITED,TANKUP
NSE_EQ,NSE_EQ|INE483C01032,TANLA PLATFORMS LIMITED,13976,TANLA PLATFORMS LIMITED,TANLA
NSE_EQ,NSE_EQ|INE0M7001010,TAPI FRUIT PROCESSING LTD,10986,TAPI FRUIT PROCESSING LTD,TAPIFRUIT
NSE_EQ,NSE_EQ|INE555Z01020,TARA CHAND INFRA SOLN LTD,23514,TARA CHAND INFRA SOLN LTD,TARACHAND
NSE_EQ,NSE_EQ|INE747K01017,TARAPUR TRANSFORMERS LTD,18831,TARAPUR TRANSFORMERS LTD,TARAPUR
NSE_EQ,NSE_EQ|INE0EK901012,TARC LIMITED,1581,TARC LIMITED,TARC
NSE_EQ,NSE_EQ|INE763I01026,TRANS & RECTI. LTD,15174,TRANS & RECTI. LTD,TARIL
NSE_EQ,NSE_EQ|INE924H01018,TARMAT LIMITED,14771,TARMAT LIMITED,TARMAT
NSE_EQ,NSE_EQ|INE144Z01023,TARSONS PRODUCTS LIMITED,6943,TARSONS PRODUCTS LIMITED,TARSONS
NSE_EQ,NSE_EQ|INE488B01017,TASTY BITE EATABLES LTD,20092,TASTY BITE EATABLES LTD,TASTYBITE
NSE_EQ,NSE_EQ|INE092A01019,TATA CHEMICALS LTD,3405,TATA CHEMICALS LTD,TATACHEM
NSE_EQ,NSE_EQ|INE151A01013,TATA COMMUNICATIONS LTD,3721,TATA COMMUNICATIONS LTD,TATACOMM
NSE_EQ,NSE_EQ|INE192A01025,TATA CONSUMER PRODUCT LTD,3432,TATA CONSUMER PRODUCT LTD,TATACONSUM
NSE_EQ,NSE_EQ|INE670A01012,TATA ELXSI LIMITED,3411,TATA ELXSI LIMITED,TATAELXSI
NSE_EQ,NSE_EQ|INF277KA1976,TATAAML-TATAGOLD,21401,TATAAML-TATAGOLD,TATAGOLD
NSE_EQ,NSE_EQ|INE672A01018,TATA INVESTMENT CORP LTD,1621,TATA INVESTMENT CORP LTD,TATAINVEST
NSE_EQ,NSE_EQ|INE155A01022,TATA MOTORS LIMITED,3456,TATA MOTORS LIMITED,TATAMOTORS
NSE_EQ,NSE_EQ|INE245A01021,TATA POWER CO LTD,3426,TATA POWER CO LTD,TATAPOWER
NSE_EQ,NSE_EQ|INE081A01020,TATA STEEL LIMITED,3499,TATA STEEL LIMITED,TATASTEEL
NSE_EQ,NSE_EQ|INE142M01025,TATA TECHNOLOGIES LIMITED,20293,TATA TECHNOLOGIES LIMITED,TATATECH
NSE_EQ,NSE_EQ|INF277KA1984,TATAAML-TATSILV,21428,TATAAML-TATSILV,TATSILV
NSE_EQ,NSE_EQ|INE0GK401011,TATVA CHIN PHARM CHEM LTD,5162,TATVA CHIN PHARM CHEM LTD,TATVA
NSE_EQ,NSE_EQ|INE0N2D01013,TBI CORN LIMITED,24022,TBI CORN LIMITED,TBI
NSE_EQ,NSE_EQ|INE673O01025,TBO TEK LIMITED,23740,TBO TEK LIMITED,TBOTEK
NSE_EQ,NSE_EQ|INE760L01018,TRIB BHIMJI ZAVERI LTD,27037,TRIB BHIMJI ZAVERI LTD,TBZ
NSE_EQ,NSE_EQ|INE033L08270,UN SE RE NCD 8.55% SR.VI,16894,UN SE RE NCD 8.55% SR.VI,TCHF30
NSE_EQ,NSE_EQ|INE688A01022,TRANSPORT CORPN OF INDIA,10580,TRANSPORT CORPN OF INDIA,TCI
NSE_EQ,NSE_EQ|INE586V01016,TCI EXPRESS LIMITED,19223,TCI EXPRESS LIMITED,TCIEXP
NSE_EQ,NSE_EQ|INE911B01018,TCI FINANCE LTD,4771,TCI FINANCE LTD,TCIFINANCE
NSE_EQ,NSE_EQ|INE0QJL01014,THAAI CASTING LIMITED,22777,THAAI CASTING LIMITED,TCL
NSE_EQ,NSE_EQ|INE976I07CU7,TCL MARKET LINK 2026 SRA,23578,TCL MARKET LINK 2026 SRA,TCL26
NSE_EQ,NSE_EQ|INE822C01015,TCPL PACKAGING LIMITED,184,TCPL PACKAGING LIMITED,TCPLPACK
NSE_EQ,NSE_EQ|INE467B01029,TATA CONSULTANCY SERV LT,11536,TATA CONSULTANCY SERV LT,TCS
NSE_EQ,NSE_EQ|INE419M01027,TD POWER SYSTEMS LTD.,25178,TD POWER SYSTEMS LTD.,TDPOWERSYS
NSE_EQ,NSE_EQ|INE985S01024,TEAMLEASE SERVICES LTD.,12716,TEAMLEASE SERVICES LTD.,TEAMLEASE
NSE_EQ,NSE_EQ|INF209KB11D8,BIRLASLAMC - TECH,6462,BIRLASLAMC - TECH,TECH
NSE_EQ,NSE_EQ|INE0JQS01019,TECHERA ENGINEER (IND) L,25655,TECHERA ENGINEER (IND) L,TECHERA
NSE_EQ,NSE_EQ|INE0QD201012,TRIDENT TECHLABS LIMITED,21093,TRIDENT TECHLABS LIMITED,TECHLABS
NSE_EQ,NSE_EQ|INE669C01036,TECH MAHINDRA LIMITED,13538,TECH MAHINDRA LIMITED,TECHM
NSE_EQ,NSE_EQ|INE285K01026,TECHNO ELEC & ENG CO. LTD,6445,TECHNO ELEC & ENG CO. LTD,TECHNOE
NSE_EQ,NSE_EQ|INE014B01011,TECIL CHEMICALS,14739,TECIL CHEMICALS,TECILCHEM
NSE_EQ,NSE_EQ|INE011K01018,TEGA INDUSTRIES LIMITED,7105,TEGA INDUSTRIES LIMITED,TEGA
NSE_EQ,NSE_EQ|INE17WC01013,TEJAS CARGO INDIA LIMITED,29723,TEJAS CARGO INDIA LIMITED,TEJASCARGO
NSE_EQ,NSE_EQ|INE010J01012,TEJAS NETWORKS LIMITED,21131,TEJAS NETWORKS LIMITED,TEJASNET
NSE_EQ,NSE_EQ|INE869Y01010,TEMBO GLOBAL IND LTD,3280,TEMBO GLOBAL IND LTD,TEMBO
NSE_EQ,NSE_EQ|INE482B01010,TERA SOFTWARE LIMITED,19296,TERA SOFTWARE LIMITED,TERASOFT
NSE_EQ,NSE_EQ|INE435C01024,TEXMACO INFRA & HOLDG LTD,11549,TEXMACO INFRA & HOLDG LTD,TEXINFRA
NSE_EQ,NSE_EQ|INE141K01013,TEXMO PIPE & PRODUCTS LTD,18214,TEXMO PIPE & PRODUCTS LTD,TEXMOPIPES
NSE_EQ,NSE_EQ|INE621L01012,TEXMACO RAIL & ENG. LTD.,21828,TEXMACO RAIL & ENG. LTD.,TEXRAIL
NSE_EQ,NSE_EQ|INE305A01015,TOURISM FINANCE CORP. OF,3466,TOURISM FINANCE CORP. OF,TFCILTD
NSE_EQ,NSE_EQ|INE804H01012,TRANSWARRANTY FIN. LTD.,14323,TRANSWARRANTY FIN. LTD.,TFL
NSE_EQ,NSE_EQ|INE797H01018,TGB BANQUETS&HOTELS LTD,14607,TGB BANQUETS&HOTELS LTD,TGBHOTELS
NSE_EQ,NSE_EQ|INE0K6601012,TEERTH GOPICON LIMITED,23530,TEERTH GOPICON LIMITED,TGL
NSE_EQ,NSE_EQ|INE085J01014,THANGAMAYIL JEWELLERY LTD,18118,THANGAMAYIL JEWELLERY LTD,THANGAMAYL
NSE_EQ,NSE_EQ|INE924D01017,THE INVEST TRUST OF IND L,21427,THE INVEST TRUST OF IND L,THEINVEST
NSE_EQ,NSE_EQ|INE121N01019,THEJO ENGINEERING LIMITED,19279,THEJO ENGINEERING LIMITED,THEJO
NSE_EQ,NSE_EQ|INE0AQ201015,SCHLOSS BANGALORE LIMITED,757014,SCHLOSS BANGALORE LIMITED,THELEELA
NSE_EQ,NSE_EQ|INE083B01024,THEMIS MEDICARE LTD.,14485,THEMIS MEDICARE LTD.,THEMISMED
NSE_EQ,NSE_EQ|INE152A01029,THERMAX LTD,3475,THERMAX LTD,THERMAX
NSE_EQ,NSE_EQ|INE0SHE01019,THINKING HATS ENTER SOL L,25648,THINKING HATS ENTER SOL L,THESL
NSE_EQ,NSE_EQ|INE332A01027,THOMAS COOK (INDIA) LTD,3481,THOMAS COOK (INDIA) LTD,THOMASCOOK
NSE_EQ,NSE_EQ|INE480M01011,THOMAS SCOTT (INDIA) LTD,31017,THOMAS SCOTT (INDIA) LTD,THOMASCOTT
NSE_EQ,NSE_EQ|INE594H01019,THYROCARE TECH LTD,17032,THYROCARE TECH LTD,THYROCARE
NSE_EQ,NSE_EQ|INE133E01013,TILAKNAGAR INDUSTRIES LTD,19196,TILAKNAGAR INDUSTRIES LTD,TI
NSE_EQ,NSE_EQ|INE388G01026,TWAMEV CONS AND INFRA LTD,19503,TWAMEV CONS AND INFRA LTD,TICL
NSE_EQ,NSE_EQ|INE545H01011,TECHNOCRAFT IND LTD,14223,TECHNOCRAFT IND LTD,TIIL
NSE_EQ,NSE_EQ|INE974X01010,TUBE INVEST OF INDIA LTD,312,TUBE INVEST OF INDIA LTD,TIINDIA
NSE_EQ,NSE_EQ|INE440L01017,TIJARIA POLYPIPES LTD,25486,TIJARIA POLYPIPES LTD,TIJARIA
NSE_EQ,NSE_EQ|INE806C01018,TIL LTD,3484,TIL LTD,TIL
NSE_EQ,NSE_EQ|INE0IJY01014,TIMESCAN LOGISTICS IND L,7800,TIMESCAN LOGISTICS IND L,TIMESCAN
NSE_EQ,NSE_EQ|INE289C01025,TIMES GUARANTY LIMITED,10717,TIMES GUARANTY LIMITED,TIMESGTY
NSE_EQ,NSE_EQ|INE508G01029,TIME TECHNOPLAST LTD.,14707,TIME TECHNOPLAST LTD.,TIMETECHNO
NSE_EQ,NSE_EQ|INE325A01013,TIMKEN INDIA LTD.,14198,TIMKEN INDIA LTD.,TIMKEN
NSE_EQ,NSE_EQ|INE015C01016,TINNA RUBBER AND INFR LTD,756020,TINNA RUBBER AND INFR LTD,TINNARUBR
NSE_EQ,NSE_EQ|INE0LQS01015,TIPS FILMS LIMITED,11374,TIPS FILMS LIMITED,TIPSFILMS
NSE_EQ,NSE_EQ|INE716B01029,TIPS MUSIC LIMITED,9117,TIPS MUSIC LIMITED,TIPSMUSIC
NSE_EQ,NSE_EQ|INE338A01024,THIRUMALAI CHEMICALS LTD,3496,THIRUMALAI CHEMICALS LTD,TIRUMALCHM
NSE_EQ,NSE_EQ|INE238Y01018,SHREE TIRUPATI BALAJEE,21869,SHREE TIRUPATI BALAJEE,TIRUPATI
NSE_EQ,NSE_EQ|INE319Y01024,TIRUPATI FORGE LIMITED,22284,TIRUPATI FORGE LIMITED,TIRUPATIFL
NSE_EQ,NSE_EQ|INE615H01020,TITAGARH RAIL SYSTEMS LTD,15414,TITAGARH RAIL SYSTEMS LTD,TITAGARH
NSE_EQ,NSE_EQ|INE280A01028,TITAN COMPANY LIMITED,3506,TITAN COMPANY LIMITED,TITAN
NSE_EQ,NSE_EQ|INE668A01016,TAMILNAD MERCA BANK LTD,10945,TAMILNAD MERCA BANK LTD,TMB
NSE_EQ,NSE_EQ|INF277KA1364,TATAAML - TNIDETF,8882,TATAAML - TNIDETF,TNIDETF
NSE_EQ,NSE_EQ|INE148A01019,TAMILNADU PETROPRODUCTS L,3509,TAMILNADU PETROPRODUCTS L,TNPETRO
NSE_EQ,NSE_EQ|INE107A01015,TAMILNADU NEWSPRT & PAPER,3980,TAMILNADU NEWSPRT & PAPER,TNPL
NSE_EQ,NSE_EQ|INE141D01018,TAMILNADU TELECOMMUNICATI,3512,TAMILNADU TELECOMMUNICATI,TNTELE
NSE_EQ,NSE_EQ|INE932C01012,TOKYO PLAST INTL LTD,3837,TOKYO PLAST INTL LTD,TOKYOPLAST
NSE_EQ,NSE_EQ|INE0RWQ01014,TOLINS TYRES LIMITED,25262,TOLINS TYRES LIMITED,TOLINS
NSE_EQ,NSE_EQ|INF0R8F01067,ZERODHAAMC - TOP100CASE,24081,ZERODHAAMC - TOP100CASE,TOP100CASE
NSE_EQ,NSE_EQ|INF740KA1UR9,DSPAMC - TOP10ADD,25171,DSPAMC - TOP10ADD,TOP10ADD
NSE_EQ,NSE_EQ|INE685A01028,TORRENT PHARMACEUTICALS L,3518,TORRENT PHARMACEUTICALS L,TORNTPHARM
NSE_EQ,NSE_EQ|INE813H01021,TORRENT POWER LTD,13786,TORRENT POWER LTD,TORNTPOWER
NSE_EQ,NSE_EQ|INE336X01012,TOTAL TRANSPORT SYS LTD,22423,TOTAL TRANSPORT SYS LTD,TOTAL
NSE_EQ,NSE_EQ|INE486Y01013,TOUCHWOOD ENTERTAIN LTD.,16908,TOUCHWOOD ENTERTAIN LTD.,TOUCHWOOD
NSE_EQ,NSE_EQ|INE065J01024,TEAMO PRODUCTIONS HQ LTD,17000,TEAMO PRODUCTIONS HQ LTD,TPHQ
NSE_EQ,NSE_EQ|INE725H08147,TPL REPO RATE LINK2026SRL,20622,TPL REPO RATE LINK2026SRL,TPL26
NSE_EQ,NSE_EQ|INE413G01022,TPL PLASTECH LIMITED,9219,TPL PLASTECH LIMITED,TPLPLASTEH
NSE_EQ,NSE_EQ|INE0HMF01019,TRACXN TECHNOLOGIES LTD,11582,TRACXN TECHNOLOGIES LTD,TRACXN
NSE_EQ,NSE_EQ|INE454P01035,TRANSRAIL LIGHTING LTD,28714,TRANSRAIL LIGHTING LTD,TRANSRAILL
NSE_EQ,NSE_EQ|INE0NVI01020,TRANSTEEL SEATING TECH L,19801,TRANSTEEL SEATING TECH L,TRANSTEEL
NSE_EQ,NSE_EQ|INE792X01016,TRANSWIND INFRA LIMITED,21260,TRANSWIND INFRA LIMITED,TRANSWIND
NSE_EQ,NSE_EQ|INE757B01015,TRANSWORLD SHIP LINES LTD,3129,TRANSWORLD SHIP LINES LTD,TRANSWORLD
NSE_EQ,NSE_EQ|INE040M01013,TREE HOUSE EDU LTD,25086,TREE HOUSE EDU LTD,TREEHOUSE
NSE_EQ,NSE_EQ|INE00CA01015,TREJHARA SOLUTIONS LTD,7518,TREJHARA SOLUTIONS LTD,TREJHARA
NSE_EQ,NSE_EQ|INE0O3901029,TRANSINDIA REAL ESTATE L,17795,TRANSINDIA REAL ESTATE L,TREL
NSE_EQ,NSE_EQ|INE849A01020,TRENT LTD,1964,TRENT LTD,TRENT
NSE_EQ,NSE_EQ|INE391D01019,TRF LIMITED,17987,TRF LIMITED,TRF
NSE_EQ,NSE_EQ|INE064C01022,TRIDENT LIMITED,9685,TRIDENT LIMITED,TRIDENT
NSE_EQ,NSE_EQ|INE0LWY01029,TRIDHYA TECH LIMITED,17210,TRIDHYA TECH LIMITED,TRIDHYA
NSE_EQ,NSE_EQ|INE948A01012,TRIGYN TECHNOLOGIES LTD,5428,TRIGYN TECHNOLOGIES LTD,TRIGYN
NSE_EQ,NSE_EQ|INE152M01016,TRIVENI TURBINE LIMITED,25584,TRIVENI TURBINE LIMITED,TRITURBINE
NSE_EQ,NSE_EQ|INE256C01024,TRIVENI ENGG. & INDS. LTD,13081,TRIVENI ENGG. & INDS. LTD,TRIVENI
NSE_EQ,NSE_EQ|INE0SYV01018,TROM INDUSTRIES LIMITED,24645,TROM INDUSTRIES LIMITED,TROM
NSE_EQ,NSE_EQ|INE615R01029,TRUCAP FINANCE LIMITED,9387,TRUCAP FINANCE LIMITED,TRU
NSE_EQ,NSE_EQ|INE0SWN01019,TRUST FINTECH LIMITED,23420,TRUST FINTECH LIMITED,TRUST
NSE_EQ,NSE_EQ|INE910C01018,TTK HEALTHCARE LIMITED,11369,TTK HEALTHCARE LIMITED,TTKHLTCARE
NSE_EQ,NSE_EQ|INE690A01028,TTK PRESTIGE LTD,3546,TTK PRESTIGE LTD,TTKPRESTIG
NSE_EQ,NSE_EQ|INE592B01024,T T LIMITED,14314,T T LIMITED,TTL
NSE_EQ,NSE_EQ|INE517B01013,TATA TELESERV(MAHARASTRA),8954,TATA TELESERV(MAHARASTRA),TTML
NSE_EQ,NSE_EQ|INE0OXV01027,TUNWAL E-MOTORS LIMITED,24520,TUNWAL E-MOTORS LIMITED,TUNWAL
NSE_EQ,NSE_EQ|INE236G01019,TVS ELECTRONICS LTD,13120,TVS ELECTRONICS LTD,TVSELECT
NSE_EQ,NSE_EQ|INE105A01035,TVS HOLDINGS LIMITED,29008,TVS HOLDINGS LIMITED,TVSHLTD
NSE_EQ,NSE_EQ|INE494B01023,TVS MOTOR COMPANY  LTD,8479,TVS MOTOR COMPANY  LTD,TVSMOTOR
NSE_EQ,NSE_EQ|INE395N01027,TVS SUPPLY CHAIN SOL L,18151,TVS SUPPLY CHAIN SOL L,TVSSCS
NSE_EQ,NSE_EQ|INE421C01016,TVS SRICHAKRA LIMITED,14245,TVS SRICHAKRA LIMITED,TVSSRICHAK
NSE_EQ,NSE_EQ|INE038F01029,TV TODAY NETWORK LTD,11275,TV TODAY NETWORK LTD,TVTODAY
NSE_EQ,NSE_EQ|INE871L01013,TV VISION LIMITED,18508,TV VISION LIMITED,TVVISION
NSE_EQ,NSE_EQ|INE686F01025,UNITED BREWERIES LTD,16713,UNITED BREWERIES LTD,UBL
NSE_EQ,NSE_EQ|INE139B01016,UCAL LIMITED,3570,UCAL LIMITED,UCAL
NSE_EQ,NSE_EQ|INE00NI01015,USHANTI COLOUR CHEM LTD,4212,USHANTI COLOUR CHEM LTD,UCL
NSE_EQ,NSE_EQ|INE691A01018,UCO BANK,11223,UCO BANK,UCOBANK
NSE_EQ,NSE_EQ|INE225C01029,UDAIPUR CEMENT WORKS LTD,7276,UDAIPUR CEMENT WORKS LTD,UDAICEMENT
NSE_EQ,NSE_EQ|INE851I01011,UPDATER SERVICES LIMITED,19113,UPDATER SERVICES LIMITED,UDS
NSE_EQ,NSE_EQ|INE899L01030,UJAAS ENERGY LIMITED,23509,UJAAS ENERGY LIMITED,UEL
NSE_EQ,NSE_EQ|INE516A01017,UFLEX LIMITED,1053,UFLEX LIMITED,UFLEX
NSE_EQ,NSE_EQ|INE527H01019,UFO MOVIEZ INDIA LTD.,9039,UFO MOVIEZ INDIA LTD.,UFO
NSE_EQ,NSE_EQ|INE071E01023,THE UGAR SUGAR WORKS LTD,19578,THE UGAR SUGAR WORKS LTD,UGARSUGAR
NSE_EQ,NSE_EQ|INE583D20011,UGRO CAPITAL LTD,757420,UGRO CAPITAL LTD,UGRO-RE
NSE_EQ,NSE_EQ|INE583D01011,UGRO CAPITAL LIMITED,5313,UGRO CAPITAL LIMITED,UGROCAP
NSE_EQ,NSE_EQ|INE0SMR01011,UNITED HEAT TRANSFER LTD,25935,UNITED HEAT TRANSFER LTD,UHTL
NSE_EQ,NSE_EQ|INE551W01018,UJJIVAN SMALL FINANC BANK,15228,UJJIVAN SMALL FINANC BANK,UJJIVANSFB
NSE_EQ,NSE_EQ|INE481G01011,ULTRATECH CEMENT LIMITED,11532,ULTRATECH CEMENT LIMITED,ULTRACEMCO
NSE_EQ,NSE_EQ|INE067901012,UMA CONVERTER LIMITED,13349,UMA CONVERTER LIMITED,UMA
NSE_EQ,NSE_EQ|INE0GIU01018,UMA EXPORTS LIMITED,8842,UMA EXPORTS LIMITED,UMAEXPORTS
NSE_EQ,NSE_EQ|INE864B01027,UMANG DAIRIES LIMITED,11387,UMANG DAIRIES LIMITED,UMANGDAIRY
NSE_EQ,NSE_EQ|INE240C01028,USHA MARTIN EDU & SOL LTD,19145,USHA MARTIN EDU & SOL LTD,UMESLTD
NSE_EQ,NSE_EQ|INE398B01018,UMIYA BUILDCON LIMITED,8998,UMIYA BUILDCON LIMITED,UMIYA-MRO
NSE_EQ,NSE_EQ|INE351A01035,UNICHEM LABORATORIES LTD,3579,UNICHEM LABORATORIES LTD,UNICHEMLAB
NSE_EQ,NSE_EQ|INE961D01019,UNITED DRILLING TOOLS LTD,201,UNITED DRILLING TOOLS LTD,UNIDT
NSE_EQ,NSE_EQ|INE00U401027,UNICOMMERCE ESOLUTIONS L,24809,UNICOMMERCE ESOLUTIONS L,UNIECOM
NSE_EQ,NSE_EQ|INE037A01022,UNIPHOS ENTERPRISES LTD,11293,UNIPHOS ENTERPRISES LTD,UNIENTER
NSE_EQ,NSE_EQ|INE0PRF01011,UNIHEALTH HOSPITALS LTD,18582,UNIHEALTH HOSPITALS LTD,UNIHEALTH
NSE_EQ,NSE_EQ|INE481Z01011,UNIINFO TELECOM SERVI LTD,7797,UNIINFO TELECOM SERVI LTD,UNIINFO
NSE_EQ,NSE_EQ|INE0B2801011,UNILEX COLOURS AND CHEM L,25633,UNILEX COLOURS AND CHEM L,UNILEX
NSE_EQ,NSE_EQ|INE0U3I01011,UNIMECH AEROSPACE N MFG L,28960,UNIMECH AEROSPACE N MFG L,UNIMECH
NSE_EQ,NSE_EQ|INE692A01016,UNION BANK OF INDIA,10753,UNION BANK OF INDIA,UNIONBANK
NSE_EQ,NSE_EQ|INF582M01KS4,UNIONAMC - UNIONGOLD,29687,UNIONAMC - UNIONGOLD,UNIONGOLD
NSE_EQ,NSE_EQ|INE244O01017,UNIPARTS INDIA LIMITED,13057,UNIPARTS INDIA LIMITED,UNIPARTS
NSE_EQ,NSE_EQ|INE854D01024,UNITED SPIRITS LIMITED,10447,UNITED SPIRITS LIMITED,UNITDSPR
NSE_EQ,NSE_EQ|INE694A01020,UNITECH LIMITED,8893,UNITECH LIMITED,UNITECH
NSE_EQ,NSE_EQ|INE368U01029,UNITED POLYFAB GUJ. LTD.,7560,UNITED POLYFAB GUJ. LTD.,UNITEDPOLY
NSE_EQ,NSE_EQ|INE458F01011,UNITED NILGIRI TEA LTD,17999,UNITED NILGIRI TEA LTD,UNITEDTEA
NSE_EQ,NSE_EQ|INE275F01019,UNIVA FOODS LIMITED,10366,UNIVA FOODS LIMITED,UNIVAFOODS
NSE_EQ,NSE_EQ|INE562X01013,UNIVASTU INDIA LIMITED,18977,UNIVASTU INDIA LIMITED,UNIVASTU
NSE_EQ,NSE_EQ|INE279A01012,UNIVERSAL CABLES LTD,3607,UNIVERSAL CABLES LTD,UNIVCABLES
NSE_EQ,NSE_EQ|INE03V001013,UNIVERSUS IMAGINGS LTD,17659,UNIVERSUS IMAGINGS LTD,UNIVPHOTO
NSE_EQ,NSE_EQ|INE405E01023,UNO MINDA LIMITED,14154,UNO MINDA LIMITED,UNOMINDA
NSE_EQ,NSE_EQ|INE628A01036,UPL LIMITED,11287,UPL LIMITED,UPL
NSE_EQ,NSE_EQ|IN9628A01026,UPL RE. 1 PPD UP,30271,UPL RE. 1 PPD UP,UPLPP1
NSE_EQ,NSE_EQ|INE568Z01015,URAVI DEFENCE &TECH LTD,17081,URAVI DEFENCE &TECH LTD,URAVIDEF
NSE_EQ,NSE_EQ|INE0O0201019,URBAN ENVIRO WASTE MGMT L,16917,URBAN ENVIRO WASTE MGMT L,URBAN
NSE_EQ,NSE_EQ|INE550C01020,URJA GLOBAL LIMITED,20203,URJA GLOBAL LIMITED,URJA
NSE_EQ,NSE_EQ|INE0CBM01019,UPSURGE SEEDS OF AGRI LTD,10610,UPSURGE SEEDS OF AGRI LTD,USASEEDS
NSE_EQ,NSE_EQ|INE0LS001014,USHA FINANCIAL SERVICES L,25955,USHA FINANCIAL SERVICES L,USHAFIN
NSE_EQ,NSE_EQ|INE228A01035,USHA MARTIN LTD.,8840,USHA MARTIN LTD.,USHAMART
NSE_EQ,NSE_EQ|INE0N0Y01013,UDAYSHIVAKUMAR INFRA LTD,14871,UDAYSHIVAKUMAR INFRA LTD,USK
NSE_EQ,NSE_EQ|INF789F01VW8,UTIAMC - UTFDAIPIGI,30425,UTIAMC - UTFDAIPIGI,UTFDAIPIGI
NSE_EQ,NSE_EQ|INF789F01VU2,UTIAMC - UTFDAIPIPI,30426,UTIAMC - UTFDAIPIPI,UTFDAIPIPI
NSE_EQ,NSE_EQ|INF789F01FJ8,UTI-FIIF - AIP- I- IG,24049,UTI-FIIF - AIP- I- IG,UTFIAIPIGI
NSE_EQ,NSE_EQ|INF789F01FG4,UTI-FIIF - AIP- I- RG,24055,UTI-FIIF - AIP- I- RG,UTFIAIPRGI
NSE_EQ,NSE_EQ|INF789F01FE9,UTI-FIIF - AIP- I- RDP,24058,UTI-FIIF - AIP- I- RDP,UTFIAIPRPI
NSE_EQ,NSE_EQ|INF789F01FF6,UTI-FIIF  -AIP- I- RDR,24061,UTI-FIIF  -AIP- I- RDR,UTFIAIPRRI
NSE_EQ,NSE_EQ|INE094J01016,UTI ASSET MNGMT CO LTD,527,UTI ASSET MNGMT CO LTD,UTIAMC
NSE_EQ,NSE_EQ|INF789F1AUV1,UTIAMC - UTIBANKETF,22440,UTIAMC - UTIBANKETF,UTIBANKETF
NSE_EQ,NSE_EQ|INF789F1AWI4,UTIAMC - UTIDAP35P1,12039,UTIAMC - UTIDAP35P1,UTIDAP35P1
NSE_EQ,NSE_EQ|INF789F1AWS3,UTIAMC - UTIDAP35P2,13150,UTIAMC - UTIDAP35P2,UTIDAP35P2
NSE_EQ,NSE_EQ|INF789F1AXF8,UTIAMC - UTIDAP35P3,13937,UTIAMC - UTIDAP35P3,UTIDAP35P3
NSE_EQ,NSE_EQ|INF789F1AWV7,UTIAMC - UTIDFP35P2,13152,UTIAMC - UTIDFP35P2,UTIDFP35P2
NSE_EQ,NSE_EQ|INF789F1AWK0,UTIAMC - UTIDGR35P1,12040,UTIAMC - UTIDGR35P1,UTIDGR35P1
NSE_EQ,NSE_EQ|INF789F1AWU9,UTIAMC - UTIDGR35P2,13153,UTIAMC - UTIDGR35P2,UTIDGR35P2
NSE_EQ,NSE_EQ|INF789F1AXH4,UTIAMC - UTIDGR35P3,13939,UTIAMC - UTIDGR35P3,UTIDGR35P3
NSE_EQ,NSE_EQ|INF789F1AXP7,UTIAMC UTIDGR36P1,14394,UTIAMC UTIDGR36P1,UTIDGR36P1
NSE_EQ,NSE_EQ|INF789F1AWJ2,UTIAMC - UTIDMP35P1,12041,UTIAMC - UTIDMP35P1,UTIDMP35P1
NSE_EQ,NSE_EQ|INF789F1AWT1,UTIAMC - UTIDMP35P2,13154,UTIAMC - UTIDMP35P2,UTIDMP35P2
NSE_EQ,NSE_EQ|INF789F1AXG6,UTIAMC - UTIDMP35P3,13942,UTIAMC - UTIDMP35P3,UTIDMP35P3
NSE_EQ,NSE_EQ|INF789F1AXO0,UTIAMC - UTIDPP36P1,14395,UTIAMC - UTIDPP36P1,UTIDPP36P1
NSE_EQ,NSE_EQ|INF789F1AWH6,UTIAMC - UTIDQP35P1,12046,UTIAMC - UTIDQP35P1,UTIDQP35P1
NSE_EQ,NSE_EQ|INF789F1AWR5,UTIAMC - UTIDQP35P2,13155,UTIAMC - UTIDQP35P2,UTIDQP35P2
NSE_EQ,NSE_EQ|INF789F1AXE1,UTIAMC - UTIDQP35P3,13943,UTIAMC - UTIDQP35P3,UTIDQP35P3
NSE_EQ,NSE_EQ|INF789F1AUW9,UTIAMC - UTINEXT50,21478,UTIAMC - UTINEXT50,UTINEXT50
NSE_EQ,NSE_EQ|INF789F1AZC0,UTIAMC - UTINIFTETF,10511,UTIAMC - UTINIFTETF,UTINIFTETF
NSE_EQ,NSE_EQ|INF789F1AWD5,UTIAMC - UTIRAP35P1,12048,UTIAMC - UTIRAP35P1,UTIRAP35P1
NSE_EQ,NSE_EQ|INF789F1AWN4,UTIAMC - UTIRAP35P2,13156,UTIAMC - UTIRAP35P2,UTIRAP35P2
NSE_EQ,NSE_EQ|INF789F1AXJ0,UTIAMC - UTIRAP35P3,13946,UTIAMC - UTIRAP35P3,UTIRAP35P3
NSE_EQ,NSE_EQ|INF789F1AWG8,UTIAMC - UTIRFP35P1,12057,UTIAMC - UTIRFP35P1,UTIRFP35P1
NSE_EQ,NSE_EQ|INF789F1AWQ7,UTIAMC - UTIRFP35P2,13158,UTIAMC - UTIRFP35P2,UTIRFP35P2
NSE_EQ,NSE_EQ|INF789F1AXD3,UTIAMC - UTIRFP35P3,13947,UTIAMC - UTIRFP35P3,UTIRFP35P3
NSE_EQ,NSE_EQ|INF789F1AWF0,UTIAMC - UTIRGR35P1,12060,UTIAMC - UTIRGR35P1,UTIRGR35P1
NSE_EQ,NSE_EQ|INF789F1AWP9,UTIAMC - UTIRGR35P2,13160,UTIAMC - UTIRGR35P2,UTIRGR35P2
NSE_EQ,NSE_EQ|INF789F1AXC5,UTIAMC - UTIRGR35P3,13948,UTIAMC - UTIRGR35P3,UTIRGR35P3
NSE_EQ,NSE_EQ|INF789F1AXN2,UTIAMC UTIRGR36P1,14399,UTIAMC UTIRGR36P1,UTIRGR36P1
NSE_EQ,NSE_EQ|INF789F1AWE3,UTIAMC - UTIRMP35P1,12064,UTIAMC - UTIRMP35P1,UTIRMP35P1
NSE_EQ,NSE_EQ|INF789F1AWO2,UTIAMC - UTIRMP35P2,13163,UTIAMC - UTIRMP35P2,UTIRMP35P2
NSE_EQ,NSE_EQ|INF789F1AXM4,UTIAMC - UTIRPP36P1,14401,UTIAMC - UTIRPP36P1,UTIRPP36P1
NSE_EQ,NSE_EQ|INF789F1AWC7,UTIAMC - UTIRQP35P1,12071,UTIAMC - UTIRQP35P1,UTIRQP35P1
NSE_EQ,NSE_EQ|INF789F1AWM6,UTIAMC - UTIRQP35P2,13164,UTIAMC - UTIRQP35P2,UTIRQP35P2
NSE_EQ,NSE_EQ|INF789F1AXA9,UTIAMC - UTIRQP35P3,13949,UTIAMC - UTIRQP35P3,UTIRQP35P3
NSE_EQ,NSE_EQ|INF789FB1X58,UTIAMC - UTISENSETF,10515,UTIAMC - UTISENSETF,UTISENSETF
NSE_EQ,NSE_EQ|INF789F1AUU3,UTIAMC - UTISXN50,9168,UTIAMC - UTISXN50,UTISXN50
NSE_EQ,NSE_EQ|INE735W01017,UTKARSH SMALL FIN BANK L,17358,UTKARSH SMALL FIN BANK L,UTKARSHBNK
NSE_EQ,NSE_EQ|INE06IJ01010,UTSSAV CZ GOLD JEWELS LTD,24729,UTSSAV CZ GOLD JEWELS LTD,UTSSAV
NSE_EQ,NSE_EQ|INE786F01031,UTTAM SUGAR MILLS LTD.,13376,UTTAM SUGAR MILLS LTD.,UTTAMSUGAR
NSE_EQ,NSE_EQ|INE00F301010,ULTRA WIRING CONN SYS LTD,5945,ULTRA WIRING CONN SYS LTD,UWCSL
NSE_EQ,NSE_EQ|INE152C01025,U. Y. FINCORP LIMITED,25626,U. Y. FINCORP LIMITED,UYFINCORP
NSE_EQ,NSE_EQ|DUMMYSAN004,V1NSETEST,12863,V1NSETEST,V1NSETEST
NSE_EQ,NSE_EQ|INE945H01013,V2 RETAIL LIMITED,14766,V2 RETAIL LIMITED,V2RETAIL
NSE_EQ,NSE_EQ|INE694D01016,VADILAL INDUSTRIES LTD,24196,VADILAL INDUSTRIES LTD,VADILALIND
NSE_EQ,NSE_EQ|INE884A01027,VAIBHAV GLOBAL LIMITED,11364,VAIBHAV GLOBAL LIMITED,VAIBHAVGBL
NSE_EQ,NSE_EQ|INE972X01022,VAISHALI PHARMA LIMITED,16589,VAISHALI PHARMA LIMITED,VAISHALI
NSE_EQ,NSE_EQ|INE051B01021,VAKRANGEE LIMITED,13346,VAKRANGEE LIMITED,VAKRANGEE
NSE_EQ,NSE_EQ|INF109KC16X5,ICICIPRAMC - VAL30IETF,25851,ICICIPRAMC - VAL30IETF,VAL30IETF
NSE_EQ,NSE_EQ|INE0JWS01017,VALIANT LABORATORIES LTD,19220,VALIANT LABORATORIES LTD,VALIANTLAB
NSE_EQ,NSE_EQ|INE565V01010,VALIANT ORGANICS LIMITED,330,VALIANT ORGANICS LIMITED,VALIANTORG
NSE_EQ,NSE_EQ|INE116G01013,VARDHAMAN ACRYLICS LTD,11220,VARDHAMAN ACRYLICS LTD,VARDHACRLC
NSE_EQ,NSE_EQ|INE835A01029,VARDHMAN POLYTEX LTD.,3646,VARDHMAN POLYTEX LTD.,VARDMNPOLY
NSE_EQ,NSE_EQ|INE665L01035,VARROC ENGINEERING LTD.,3857,VARROC ENGINEERING LTD.,VARROC
NSE_EQ,NSE_EQ|INE068Z01016,VASA RETAIL & OVERSEA LTD,1274,VASA RETAIL & OVERSEA LTD,VASA
NSE_EQ,NSE_EQ|INE893I01013,VASCON ENGINEERS LTD,18110,VASCON ENGINEERS LTD,VASCONEQ
NSE_EQ,NSE_EQ|INE590L01019,VASWANI IND LTD,25340,VASWANI IND LTD,VASWANI
NSE_EQ,NSE_EQ|INE200M01039,VARUN BEVERAGES LIMITED,18921,VARUN BEVERAGES LIMITED,VBL
NSE_EQ,NSE_EQ|INE098201036,VAXTEX COTFAB LIMITED,9020,VAXTEX COTFAB LIMITED,VCL
NSE_EQ,NSE_EQ|INE0U2M01015,VDEAL SYSTEM LIMITED,25057,VDEAL SYSTEM LIMITED,VDEAL
NSE_EQ,NSE_EQ|INE205A01025,VEDANTA LIMITED,3063,VEDANTA LIMITED,VEDL
NSE_EQ,NSE_EQ|INE484C01030,VEEDOL CORPORATION LTD,14019,VEEDOL CORPORATION LTD,VEEDOL
NSE_EQ,NSE_EQ|INE0KTW01013,VEEKAYEM FASH & APP LTD,10710,VEEKAYEM FASH & APP LTD,VEEKAYEM
NSE_EQ,NSE_EQ|INE0I3H01019,VELS FILM INTERNATIONAL L,14595,VELS FILM INTERNATIONAL L,VELS
NSE_EQ,NSE_EQ|INE398A01010,VENKY S (INDIA) LIMITED,3757,VENKY S (INDIA) LIMITED,VENKEYS
NSE_EQ,NSE_EQ|INE781S01027,VENTIVE HOSPITALITY LTD,28847,VENTIVE HOSPITALITY LTD,VENTIVE
NSE_EQ,NSE_EQ|INE0JA001018,VENUS PIPES & TUBES LTD,9592,VENUS PIPES & TUBES LTD,VENUSPIPES
NSE_EQ,NSE_EQ|INE411B01019,VENUS REMEDIES LIMITED,13856,VENUS REMEDIES LIMITED,VENUSREM
NSE_EQ,NSE_EQ|INE709Z01015,VERA SYNTHETIC LIMITED,2667,VERA SYNTHETIC LIMITED,VERA
NSE_EQ,NSE_EQ|INE0IQ001011,VERANDA LEARNING SOL LTD,8890,VERANDA LEARNING SOL LTD,VERANDA
NSE_EQ,NSE_EQ|INE0SRI01019,VERITAAS ADVERTISING LTD,23778,VERITAAS ADVERTISING LTD,VERITAAS
NSE_EQ,NSE_EQ|INE0NLB01018,VERTEXPLUS TECHNOLOGIES L,14503,VERTEXPLUS TECHNOLOGIES L,VERTEXPLUS
NSE_EQ,NSE_EQ|INE188Y01023,VERTOZ LIMITED,18865,VERTOZ LIMITED,VERTOZ
NSE_EQ,NSE_EQ|INE386A01023,VESUVIUS INDIA LTD,3676,VESUVIUS INDIA LTD,VESUVIUS
NSE_EQ,NSE_EQ|INE918N01018,VETO SWITCHGEAR CABLE LTD,8652,VETO SWITCHGEAR CABLE LTD,VETO
NSE_EQ,NSE_EQ|INE0VRH01015,VIRTUAL GALAXY INFOTECH L,757060,VIRTUAL GALAXY INFOTECH L,VGINFOTECH
NSE_EQ,NSE_EQ|INE951I01027,V-GUARD IND LTD.,15362,V-GUARD IND LTD.,VGUARD
NSE_EQ,NSE_EQ|INE701A01023,VARDHMAN HOLDINGS LIMITED,11892,VARDHMAN HOLDINGS LIMITED,VHL
NSE_EQ,NSE_EQ|INE048C01025,VICEROY HOTELS LIMITED,23386,VICEROY HOTELS LIMITED,VHLTD
NSE_EQ,NSE_EQ|INE0MO401019,VIAZ TYRES LIMITED,14316,VIAZ TYRES LIMITED,VIAZ
NSE_EQ,NSE_EQ|INE632C01026,VIDHI SPCLTY F INGRDNTS L,13536,VIDHI SPCLTY F INGRDNTS L,VIDHIING
NSE_EQ,NSE_EQ|INE0TR001017,VISION INFRA EQUIP SOL L,25231,VISION INFRA EQUIP SOL L,VIESL
NSE_EQ,NSE_EQ|INE043W01024,VIJAYA DIAGNOSTIC CEN LTD,5585,VIJAYA DIAGNOSTIC CEN LTD,VIJAYA
NSE_EQ,NSE_EQ|INE159N01027,VIJI FINANCE LIMITED,17691,VIJI FINANCE LIMITED,VIJIFIN
NSE_EQ,NSE_EQ|INE806A01020,VIKAS ECOTECH LIMITED,25756,VIKAS ECOTECH LIMITED,VIKASECO
NSE_EQ,NSE_EQ|INE161L01027,VIKAS LIFECARE LIMITED,9931,VIKAS LIFECARE LIMITED,VIKASLIFE
NSE_EQ,NSE_EQ|INE0AZY01017,VILAS TRANSCORE LIMITED,23909,VILAS TRANSCORE LIMITED,VILAS
NSE_EQ,NSE_EQ|INE0L4V01013,VILIN BIO MED LIMITED,16960,VILIN BIO MED LIMITED,VILINBIO
NSE_EQ,NSE_EQ|INE579C01029,VIMTA LABS LIMITED,13101,VIMTA LABS LIMITED,VIMTALABS
NSE_EQ,NSE_EQ|INE410B01037,VINATI ORGANICS LTD,17364,VINATI ORGANICS LTD,VINATIORGA
NSE_EQ,NSE_EQ|INE498Q01014,VINTAGE COFFEE N BVRGS L,25835,VINTAGE COFFEE N BVRGS L,VINCOFE
NSE_EQ,NSE_EQ|INE707A01012,VINDHYA TELELINKS LTD,3694,VINDHYA TELELINKS LTD,VINDHYATEL
NSE_EQ,NSE_EQ|INE505Y01010,VINEET LABORATORIES LTD,3809,VINEET LABORATORIES LTD,VINEETLAB
NSE_EQ,NSE_EQ|INE01KI01027,VINNY OVERSEAS LIMITED,12506,VINNY OVERSEAS LIMITED,VINNY
NSE_EQ,NSE_EQ|INE0OSJ01014,VINSYS IT SERVICES IND LT,17898,VINSYS IT SERVICES IND LT,VINSYS
NSE_EQ,NSE_EQ|INE0OLS01010,VINYAS INNOVATIVE TECH L,19206,VINYAS INNOVATIVE TECH L,VINYAS
NSE_EQ,NSE_EQ|INE250B01029,VINYL CHEMICALS (I) LTD.,16824,VINYL CHEMICALS (I) LTD.,VINYLINDIA
NSE_EQ,NSE_EQ|INE450G01024,VIP CLOTHING LIMITED,14847,VIP CLOTHING LIMITED,VIPCLOTHNG
NSE_EQ,NSE_EQ|INE054A01027,VIP INDUSTRIES LTD,3703,VIP INDUSTRIES LTD,VIPIND
NSE_EQ,NSE_EQ|INE946H01037,VIPUL LIMITED,8437,VIPUL LIMITED,VIPULLTD
NSE_EQ,NSE_EQ|INE539B01017,VIRINCHI LIMITED,15295,VIRINCHI LIMITED,VIRINCHI
NSE_EQ,NSE_EQ|INE392A01021,VISAKA INDUSTRIES LIMITED,4221,VISAKA INDUSTRIES LIMITED,VISAKAIND
NSE_EQ,NSE_EQ|INE0BHK01012,VISAMAN GLOBAL SALES LTD,24274,VISAMAN GLOBAL SALES LTD,VISAMAN
NSE_EQ,NSE_EQ|INE286H01012,VISA STEEL LIMITED,13298,VISA STEEL LIMITED,VISASTEEL
NSE_EQ,NSE_EQ|INE270I01022,VISHNU CHEMICALS LIMITED,6908,VISHNU CHEMICALS LIMITED,VISHNU
NSE_EQ,NSE_EQ|INE0PQ001012,VISHNUSURYA PROJ N INFR L,19300,VISHNUSURYA PROJ N INFR L,VISHNUINFR
NSE_EQ,NSE_EQ|INE430N01022,VISHWARAJ SUGAR IND LTD,13702,VISHWARAJ SUGAR IND LTD,VISHWARAJ
NSE_EQ,NSE_EQ|INE0S2E01016,VISHWAS AGRI SEEDS LTD,23370,VISHWAS AGRI SEEDS LTD,VISHWAS
NSE_EQ,NSE_EQ|INE0L4K01016,VITAL CHEMTECH LIMITED,11920,VITAL CHEMTECH LIMITED,VITAL
NSE_EQ,NSE_EQ|INE0MEG01014,VIVIANA POWER TECH LTD,10967,VIVIANA POWER TECH LTD,VIVIANA
NSE_EQ,NSE_EQ|INE370E01029,VISAGAR POLYTEX LTD,29877,VISAGAR POLYTEX LTD,VIVIDHA
NSE_EQ,NSE_EQ|INE0IA701014,VIVO COLLAB SOLUTIONS LTD,7610,VIVO COLLAB SOLUTIONS LTD,VIVO
NSE_EQ,NSE_EQ|INE03HW01020,VL E GOV AND IT SOL LTD,18021,VL E GOV AND IT SOL LTD,VLEGOV
NSE_EQ,NSE_EQ|INE0QXL01015,V.L.INFRAPROJECTS LIMITED,24606,V.L.INFRAPROJECTS LIMITED,VLINFRA
NSE_EQ,NSE_EQ|INE709A01018,VLS FINANCE LTD,3715,VLS FINANCE LTD,VLSFINANCE
NSE_EQ,NSE_EQ|INE0GXK01018,V MARC INDIA LIMITED,3193,V MARC INDIA LIMITED,VMARCIND
NSE_EQ,NSE_EQ|INE665J01013,VMART RETAIL LTD,29284,VMART RETAIL LTD,VMART
NSE_EQ,NSE_EQ|INE01EA01019,VISHAL MEGA MART LIMITED,27969,VISHAL MEGA MART LIMITED,VMM
NSE_EQ,NSE_EQ|INE241X01014,VOLER CAR LIMITED,29658,VOLER CAR LIMITED,VOLERCAR
NSE_EQ,NSE_EQ|INE540H01012,VOLTAMP TRANSFORMERS LTD,13577,VOLTAMP TRANSFORMERS LTD,VOLTAMP
NSE_EQ,NSE_EQ|INE226A01021,VOLTAS LTD,3718,VOLTAS LTD,VOLTAS
NSE_EQ,NSE_EQ|INE0AE001013,VISHNU PRAKASH R PUNGLI L,18341,VISHNU PRAKASH R PUNGLI L,VPRPL
NSE_EQ,NSE_EQ|INE0QQM01017,V R INFRASPACE LIMITED,23018,V R INFRASPACE LIMITED,VR
NSE_EQ,NSE_EQ|INE0S2V01010,VRAJ IRON AND STEEL LTD,24321,VRAJ IRON AND STEEL LTD,VRAJ
NSE_EQ,NSE_EQ|INE366I01010,VRL LOGISTICS LIMITED,8696,VRL LOGISTICS LIMITED,VRLLOG
NSE_EQ,NSE_EQ|INE551Q01028,VADIVARHE SPCLTY CHEM LTD,20974,VADIVARHE SPCLTY CHEM LTD,VSCL
NSE_EQ,NSE_EQ|INE050M01012,VARDHMAN SPC STEEL LTD,27067,VARDHMAN SPC STEEL LTD,VSSL
NSE_EQ,NSE_EQ|INE710A01016,VST INDUSTRIES LTD,3724,VST INDUSTRIES LTD,VSTIND
NSE_EQ,NSE_EQ|INE0QTF01015,VIBHOR STEEL TUBES LTD,22730,VIBHOR STEEL TUBES LTD,VSTL
NSE_EQ,NSE_EQ|INE764D01017,VST TILLERS TRACTORS LTD,24292,VST TILLERS TRACTORS LTD,VSTTILLERS
NSE_EQ,NSE_EQ|INE825A01020,VARDHMAN TEXTILES LIMITED,2073,VARDHMAN TEXTILES LIMITED,VTL
NSE_EQ,NSE_EQ|INE377N01017,WAAREE ENERGIES LIMITED,25907,WAAREE ENERGIES LIMITED,WAAREEENER
NSE_EQ,NSE_EQ|INE299N01021,WAAREE RENEWABLE TECH LTD,756038,WAAREE RENEWABLE TECH LTD,WAAREERTL
NSE_EQ,NSE_EQ|INE956G01038,VA TECH WABAG LTD,20188,VA TECH WABAG LTD,WABAG
NSE_EQ,NSE_EQ|INE711A01022,WALCHANDNAGAR INDUSTRIES,3736,WALCHANDNAGAR INDUSTRIES,WALCHANNAG
NSE_EQ,NSE_EQ|INE0G2G01015,WALPAR NUTRITIONS LIMITED,5013,WALPAR NUTRITIONS LIMITED,WALPAR
NSE_EQ,NSE_EQ|INE107F01022,WANBURY LIMITED,14067,WANBURY LIMITED,WANBURY
NSE_EQ,NSE_EQ|INE0CJF01024,WESTERN CARRIERS (IND) L,25403,WESTERN CARRIERS (IND) L,WCIL
NSE_EQ,NSE_EQ|INE658T01017,WEALTH FRST PORT. MG. LTD,1923,WEALTH FRST PORT. MG. LTD,WEALTH
NSE_EQ,NSE_EQ|INE855C01015,WEBSOL ENERGY SYSTEM LTD,14602,WEBSOL ENERGY SYSTEM LTD,WEBELSOLAR
NSE_EQ,NSE_EQ|INE080A01014,WEIZMANN LTD,3748,WEIZMANN LTD,WEIZMANIND
NSE_EQ,NSE_EQ|INE02WG01024,WONDER ELECTRICALS LTD,7835,WONDER ELECTRICALS LTD,WEL
NSE_EQ,NSE_EQ|INE191B01025,WELSPUN CORP LIMITED,11821,WELSPUN CORP LIMITED,WELCORP
NSE_EQ,NSE_EQ|INE625G01013,WELSPUN ENTERPRISES LTD.,11626,WELSPUN ENTERPRISES LTD.,WELENT
NSE_EQ,NSE_EQ|INE389K01018,WELSPUN INV & COMM LTD,19804,WELSPUN INV & COMM LTD,WELINV
NSE_EQ,NSE_EQ|INE192B01031,WELSPUN LIVING LIMITED,11253,WELSPUN LIVING LIMITED,WELSPUNLIV
NSE_EQ,NSE_EQ|INE274C01019,WENDT (INDIA) LIMITED,4235,WENDT (INDIA) LIMITED,WENDT
NSE_EQ,NSE_EQ|INE274F01020,WESTLIFE FOODWORLD LTD,11580,WESTLIFE FOODWORLD LTD,WESTLIFE
NSE_EQ,NSE_EQ|INE082W01014,WE WIN LIMITED,9862,WE WIN LIMITED,WEWIN
NSE_EQ,NSE_EQ|INE715A01015,WHEELS INDIA LTD,3766,WHEELS INDIA LTD,WHEELS
NSE_EQ,NSE_EQ|INE716A01013,WHIRLPOOL OF INDIA LTD,18011,WHIRLPOOL OF INDIA LTD,WHIRLPOOL
NSE_EQ,NSE_EQ|INE210A01017,WILLIAMSON MAGOR,3772,WILLIAMSON MAGOR,WILLAMAGOR
NSE_EQ,NSE_EQ|INE0H5O01029,WINDLAS BIOTECH LIMITED,5366,WINDLAS BIOTECH LIMITED,WINDLAS
NSE_EQ,NSE_EQ|INE052A01021,WINDSOR MACHINES LIMITED,24969,WINDSOR MACHINES LIMITED,WINDMACHIN
NSE_EQ,NSE_EQ|INE0S9101013,WINNY IMMIGRA & EDU SER L,24173,WINNY IMMIGRA & EDU SER L,WINNY
NSE_EQ,NSE_EQ|INE0S3D01016,WINSOL ENGINEERS LIMITED,23717,WINSOL ENGINEERS LIMITED,WINSOL
NSE_EQ,NSE_EQ|INE784B01035,WINSOME YARNS LIMITED,14757,WINSOME YARNS LIMITED,WINSOME
NSE_EQ,NSE_EQ|INE215F01023,THE WESTERN INDIA PLY LTD,20481,THE WESTERN INDIA PLY LTD,WIPL
NSE_EQ,NSE_EQ|INE075A01022,WIPRO LTD,3787,WIPRO LTD,WIPRO
NSE_EQ,NSE_EQ|INE049B01025,WOCKHARDT LIMITED,7506,WOCKHARDT LIMITED,WOCKPHARMA
NSE_EQ,NSE_EQ|INE0OO201011,WOL 3D INDIA LIMITED,25602,WOL 3D INDIA LIMITED,WOL3D
NSE_EQ,NSE_EQ|INE0Q9601016,WOMANCART LIMITED,19627,WOMANCART LIMITED,WOMANCART
NSE_EQ,NSE_EQ|INE066O01014,WONDERLA HOLIDAYS LTD.,3002,WONDERLA HOLIDAYS LTD.,WONDERLA
NSE_EQ,NSE_EQ|INE196Y01018,WORTH PERIPHERALS LIMITED,22277,WORTH PERIPHERALS LIMITED,WORTH
NSE_EQ,NSE_EQ|INE100D01014,W.S.INDUSTRIES (I) LTD.,14832,W.S.INDUSTRIES (I) LTD.,WSI
NSE_EQ,NSE_EQ|INE976A01021,WEST COAST PAPER MILLS LT,3799,WEST COAST PAPER MILLS LT,WSTCSTPAPR
NSE_EQ,NSE_EQ|INE623Y01011,WISE TRAVEL INDIA LIMITED,22725,WISE TRAVEL INDIA LIMITED,WTICAB
NSE_EQ,NSE_EQ|INE692G01013,XCHANGING SOLUTIONS LTD,11705,XCHANGING SOLUTIONS LTD,XCHANGING
NSE_EQ,NSE_EQ|INE01P501012,XELPMOC DESIGN & TECH LTD,8478,XELPMOC DESIGN & TECH LTD,XELPMOC
NSE_EQ,NSE_EQ|INE445C01015,XPRO INDIA LIMITED,11407,XPRO INDIA LIMITED,XPROINDIA
NSE_EQ,NSE_EQ|INE547B01028,XTGLOBAL INFOTECH LIMITED,25235,XTGLOBAL INFOTECH LIMITED,XTGLOBAL
NSE_EQ,NSE_EQ|INE126M01010,YAARI DIGI INT SER LTD,25003,YAARI DIGI INT SER LTD,YAARI
NSE_EQ,NSE_EQ|INE616Z01012,YASHO INDUSTRIES LIMITED,18131,YASHO INDUSTRIES LIMITED,YASHO
NSE_EQ,NSE_EQ|INE0TO601017,YASH OPTICS & LENS LTD,23451,YASH OPTICS & LENS LTD,YASHOPTICS
NSE_EQ,NSE_EQ|INE0JO301016,YATHARTH HOSP & TRA C S L,17738,YATHARTH HOSP & TRA C S L,YATHARTH
NSE_EQ,NSE_EQ|INE0JR601024,YATRA ONLINE LIMITED,18760,YATRA ONLINE LIMITED,YATRA
NSE_EQ,NSE_EQ|INE08S201019,YASONS CHEMEX CARE LTD,17627,YASONS CHEMEX CARE LTD,YCCL
NSE_EQ,NSE_EQ|INE528G01035,YES BANK LIMITED,11915,YES BANK LIMITED,YESBANK
NSE_EQ,NSE_EQ|INE09FA01019,YUDIZ SOLUTIONS LIMITED,18051,YUDIZ SOLUTIONS LIMITED,YUDIZ
NSE_EQ,NSE_EQ|INE384C01016,YUKEN INDIA LIMITED,5501,YUKEN INDIA LIMITED,YUKEN
NSE_EQ,NSE_EQ|INE07K301024,ZAGGLE PREPA OCEAN SER L,18608,ZAGGLE PREPA OCEAN SER L,ZAGGLE
NSE_EQ,NSE_EQ|INE0PPS01018,ZEAL GLOBAL SERVICES LTD,17766,ZEAL GLOBAL SERVICES LTD,ZEAL
NSE_EQ,NSE_EQ|INE256A01028,ZEE ENTERTAINMENT ENT LTD,3812,ZEE ENTERTAINMENT ENT LTD,ZEEL
NSE_EQ,NSE_EQ|INE565L01011,ZEE LEARN LIMITED,20856,ZEE LEARN LIMITED,ZEELEARN
NSE_EQ,NSE_EQ|INE966H01019,ZEE MEDIA CORPORATION LTD,14003,ZEE MEDIA CORPORATION LTD,ZEEMEDIA
NSE_EQ,NSE_EQ|INE0QWN01013,ZENITH DRUGS LIMITED,22806,ZENITH DRUGS LIMITED,ZENITHDRUG
NSE_EQ,NSE_EQ|INE058B01018,ZENITH EXPORTS LTD,8802,ZENITH EXPORTS LTD,ZENITHEXPO
NSE_EQ,NSE_EQ|INE318D01020,ZENITH STEEL PIP IND LTD,14562,ZENITH STEEL PIP IND LTD,ZENITHSTL
NSE_EQ,NSE_EQ|INE520A01027,ZENSAR TECHNOLOGIES  LTD,1076,ZENSAR TECHNOLOGIES  LTD,ZENSARTECH
NSE_EQ,NSE_EQ|INE251B01027,ZEN TECHNOLOGIES LIMITED,7508,ZEN TECHNOLOGIES LIMITED,ZENTEC
NSE_EQ,NSE_EQ|INE342J01019,ZF COM VE CTR SYS IND LTD,16915,ZF COM VE CTR SYS IND LTD,ZFCVINDIA
NSE_EQ,NSE_EQ|INE518E01015,ZIM LABORATORIES LIMITED,12384,ZIM LABORATORIES LIMITED,ZIMLAB
NSE_EQ,NSE_EQ|INE761Y01019,ZODIAC ENERGY LIMITED,7129,ZODIAC ENERGY LIMITED,ZODIAC
NSE_EQ,NSE_EQ|INE206B01013,ZODIAC CLOTHING CO. LTD.,3821,ZODIAC CLOTHING CO. LTD.,ZODIACLOTH
NSE_EQ,NSE_EQ|INE358U01012,ZOTA HEALTH CARE LIMITED,11394,ZOTA HEALTH CARE LIMITED,ZOTA
NSE_EQ,NSE_EQ|INE0ISZ01012,Z-TECH (INDIA) LIMITED,23979,Z-TECH (INDIA) LIMITED,ZTECH
NSE_EQ,NSE_EQ|INE840M01016,ZUARI AGRO CHEMICALS LTD,29050,ZUARI AGRO CHEMICALS LTD,ZUARI
NSE_EQ,NSE_EQ|INE217A01012,ZUARI INDUSTRIES LIMITED,3827,ZUARI INDUSTRIES LIMITED,ZUARIIND
NSE_EQ,NSE_EQ|INE010B01027,ZYDUS LIFESCIENCES LTD,7929,ZYDUS LIFESCIENCES LTD,ZYDUSLIFE
NSE_EQ,NSE_EQ|INE768C01010,ZYDUS WELLNESS LIMITED,17635,ZYDUS WELLNESS LIMITED,ZYDUSWELL
